/* This file is created by MySQLReback 2015-09-10 12:01:21 */
 /* 创建表结构 `lx_adposition` */
 DROP TABLE IF EXISTS `lx_adposition`;/* MySQLReback Separation */ CREATE TABLE `lx_adposition` (
  `position_id` int(11) unsigned NOT NULL AUTO_INCREMENT COMMENT '广告位置id',
  `position_name` varchar(255) NOT NULL,
  `position_describe` varchar(255) NOT NULL,
  `admin_id` int(11) unsigned NOT NULL COMMENT '管理员id',
  `nav_id` tinyint(4) unsigned DEFAULT NULL COMMENT '导航id,10代表首页,0表示无',
  `ads_type` tinyint(3) unsigned NOT NULL COMMENT '0:网站；1：店铺',
  PRIMARY KEY (`position_id`)
) ENGINE=MyISAM AUTO_INCREMENT=17 DEFAULT CHARSET=utf8;/* MySQLReback Separation */
 /* 插入数据 `lx_adposition` */
 INSERT INTO `lx_adposition` VALUES ('1','主页大图广告','这也导航下的广告','3','10','0'),('2','主页用户信息下广告','用户信息下的小图广告','3','10','0'),('3','主页中部广告','热门品牌下的广告','3','10','0'),('4','主页底部广告','底部的条状广告','3','10','0'),('5','用户登录页面广告','在用户登录页面的图片广告','3','0','2'),('6','品牌左侧广告','品牌左侧图片广告','0','10','0'),('7','品牌右侧广告','品牌右侧图片广告','0','10','0'),('8','店铺主页大图轮换广告','店铺轮换广告','0','0','1'),('9','店铺轮转广告下的图片广告','轮转广告下的图片广告','3','0','1'),('11','导航页面大图广告','导航页面大图广告','0','1','0'),('12','导航页面小图广告','大图下的品牌两边广告','3','1','0'),('13','导航页面楼层中大图广告','导航页面楼层中的图片广告','3','1','0'),('14','店铺页面的楼层广告','店铺页面的楼层广告','3','','1'),('15','导航页面点击更多跳转页面的广告','二级分类页面的图片广告','3','','0'),('16','分站选择页面广告','分站选择页面图片广告','0','','2');/* MySQLReback Separation */
 /* 创建表结构 `lx_ads` */
 DROP TABLE IF EXISTS `lx_ads`;/* MySQLReback Separation */ CREATE TABLE `lx_ads` (
  `id` int(11) unsigned NOT NULL AUTO_INCREMENT COMMENT '广告详情id',
  `sort` int(11) NOT NULL COMMENT '排序字段',
  `ad_code` varchar(255) NOT NULL,
  `ad_link` varchar(255) NOT NULL,
  `start_time` varchar(255) NOT NULL,
  `end_time` varchar(255) NOT NULL,
  `position_id` int(11) unsigned NOT NULL COMMENT '位置表中id',
  `linkman` varchar(255) NOT NULL,
  `linkphone` varchar(255) NOT NULL,
  `click` varchar(255) NOT NULL,
  `name` varchar(255) NOT NULL COMMENT '广告标题',
  `status` tinyint(255) unsigned NOT NULL DEFAULT '0' COMMENT '0是开启，1是关闭',
  `nav_id` int(11) unsigned NOT NULL COMMENT '主页导航的id,10代表主页，0代表其他',
  `ad_type` tinyint(3) unsigned NOT NULL DEFAULT '0' COMMENT '0:图片广告1:文字广告',
  `admin_id` int(11) NOT NULL COMMENT '管理员id',
  PRIMARY KEY (`id`)
) ENGINE=MyISAM AUTO_INCREMENT=197 DEFAULT CHARSET=utf8;/* MySQLReback Separation */
 /* 插入数据 `lx_ads` */
 INSERT INTO `lx_ads` VALUES ('34','1','./ads/2015-08-19/55d47305ec264.jpg','http://www.baidu.com','2015-8-19','2015-8-30','1','yang','13512341234','','电脑','0','0','0','17'),('35','2','./ads/2015-08-19/55d4733cc25bf.jpg','http://www.baidu.com','2015-8-19','2015-8-30','1','yang','13854385438','','女包','0','0','0','17'),('36','3','','http://www.baidu.com','2015-8-19','2015-8-31','1','huang','13512341234','','裙子','0','0','0','17'),('37','1','./ads/2015-08-19/55d474f9a90bf.jpg','http://www.baidu.com','2015-8-19','2015-8-31','2','huang','13512341234','','名牌','0','0','0','17'),('38','1','./ads/2015-08-19/55d4754896384.jpg','http://www.baidu.com','2015-8-19','2015-8-27','3','huang','13253538853','','衣服','0','0','0','17'),('39','2','./ads/2015-08-19/55d47595bc9b9.jpg','http://www.baidu.com','2015-8-19','2015-8-20','4','haung','13512341234','','背包','0','0','0','17'),('40','1','./ads/2015-08-19/55d475eac8515.jpg','http://huawei.com','2015-8-19','2015-8-28','5','huang','13512341234','','面膜','0','0','0','17'),('41','1','./ads/2015-08-19/55d4761b05eb3.jpg','http://www.baidu.com','2015-8-19','2015-8-20','6','wang','13854385438','','衣服','0','0','0','17'),('42','2','./ads/2015-08-19/55d4764bc4ce5.jpg','http://www.baidu.com','2015-8-19','2015-8-26','7','wang','13512341234','','裙子','0','0','0','17'),('43','1','./ads/2015-08-19/55d477f557827.jpg','http://www.baidu.com','2015-8-19','2015-8-26','11','wang','13253538853','','家居','0','1','0','17'),('44','1','./ads/2015-08-19/55d4785a07b73.png','http://www.baidu.com','2015-8-20','2015-8-25','12','wang','13512341234','','家居','0','1','0','17'),('45','2','./ads/2015-08-19/55d47896950c7.jpg','http://www.baidu.com','2015-8-20','2015-8-27','12','yang','13253538853','','衣服','0','1','0','17'),('46','1','./ads/2015-08-19/55d478cece71e.png','http://huawei.com','2015-8-19','2015-8-31','13','wang','13253538853','','衣服','0','1','0','17'),('47','3','./ads/2015-08-19/55d4790f360ee.jpg','http://www.baidu.com','2015-8-20','2015-8-31','13','wang','13854385438','','衣服','0','1','0','17'),('48','2','./ads/2015-08-19/55d479573de9a.jpg','http://huawei.com','2015-8-19','2015-8-20','13','黄','13854385438','','撒大手大','0','1','0','17'),('49','1','./ads/2015-08-19/55d479982edb5.jpg','http://www.baidu.com','2015-8-20','2015-8-31','15','王','13854385438','','美女','0','1','0','17'),('50','2','./ads/2015-08-24/55da956413691.jpg','http://www.baidu.com','2015-8-19','2015-8-28','1','王','13512341234','2','衣服','0','10','0','19'),('51','3','./ads/2015-08-24/55da95d6469b8.jpg','http://www.baidu.com','2015-8-19','2015-8-31','1','黄','13253538853','','打撒','0','10','0','19'),('52','1','./ads/2015-08-19/55d47a92db4d3.png','http://www.baidu.com','2015-8-19','2015-8-30','2','王','13253538853','1','sa撒','0','0','0','19'),('53','1','./ads/2015-08-19/55d47aea7c354.jpg','http://baidu.com','2015-8-19','2015-8-31','3','打撒大','13253538853','','阿达','0','0','0','19'),('54','2','./ads/2015-08-19/55d47b12df843.jpg','http://www.baidu.com','2015-8-19','2015-8-26','4','哇vc','13512341234','','阿萨','0','10','0','19'),('55','1','./ads/2015-08-19/55d47b51936b1.jpg','http://www.baidu.com','2015-8-19','2015-8-20','6','asda ','13253538853','2','打谁','0','10','0','19'),('56','2','./ads/2015-08-19/55d47b7aaa6f5.jpg','http://www.baidu.com','2015-8-19','2015-8-31','7','yang','13253538853','','aa','0','10','0','19'),('57','1','./ads/2015-08-19/55d47bb715d9b.jpg','http://www.baidu.com','2015-8-19','2015-8-20','11','撒','13253538853','1','阿达','0','1','0','19'),('58','1','./ads/2015-08-19/55d47c181dc87.png','http://www.baidu.com','2015-8-19','2015-8-28','12','as','13253538853','','as阿萨','0','1','0','19'),('59','2','./ads/2015-08-19/55d47c4007050.jpg','http://www.baidu.com','2015-8-19','2015-8-28','12','huang ','13253538853','','aas','0','1','0','19'),('60','1','./ads/2015-08-19/55d47c72a3949.jpg','http://www.baidu.com','2015-8-19','2015-8-20','13','asda ','13253538853','','sada ','0','1','0','19'),('61','2','./ads/2015-08-19/55d47c9c2202a.jpg','http://www.baidu.com','2015-8-20','2015-8-26','13','萨达','13253538853','1','sa ','0','1','0','19'),('62','3','./ads/2015-08-19/55d47cd2761a8.jpg','http://www.baidu.com','2015-8-19','2015-8-25','13','黄','13253538853','1','爱仕达','0','1','0','19'),('63','1','./ads/2015-08-19/55d47d0a85899.jpg','http://www.baidu.com','2015-8-20','2015-8-26','15','阿萨','13253538853','','萨达','0','1','0','19'),('64','1','./ads/2015-08-24/55daef67ec7d7.jpg','http://www.baidu.com','2015-8-19','2015-8-26','11','das ','13253538853','1','打谁','0','2','0','19'),('65','2','./ads/2015-08-19/55d4818940a77.jpg','http://www.baidu.com','2015-8-19','2015-8-31','12','123','13512341234','1','asda ','0','2','0','19'),('66','2','./ads/2015-08-19/55d48220ecca2.jpg','http://www.baidu.com','2015-8-19','2015-8-20','12','撒嗒','13253538853','','蛋糕','0','2','0','19'),('67','1','./ads/2015-08-20/55d51fdfb0106.jpg','http://www.baidu.com','2015-8-20','2015-8-23','11','huang','13253538853','','食品','0','2','0','17');/* MySQLReback Separation */
 /* 插入数据 `lx_ads` */
 INSERT INTO `lx_ads` VALUES ('68','2','./ads/2015-08-20/55d520233dd58.jpg','http://www.baidu.com','2015-8-20','2015-8-31','12','王','13512341234','','食品','0','2','0','17');/* MySQLReback Separation */
 /* 插入数据 `lx_ads` */
 INSERT INTO `lx_ads` VALUES ('69','2','./ads/2015-08-20/55d5206391f56.jpg','http://www.baidu.com','2015-8-20','2015-8-31','12','黄','13512341234','','食品','0','2','0','17'),('70','3','./ads/2015-08-20/55d52635875b1.jpg','http://www.baidu.com','2015-8-20','2015-8-24','13','huang','13854385438','1','食品','0','2','0','17'),('71','2','./ads/2015-08-20/55d52727197c0.jpg','http://www.baidu.com','2015-8-20','2015-8-31','13','huang','13512341234','','水果','0','2','0','17'),('72','2','./ads/2015-08-20/55d52881a7b61.jpg','http://www.baidu.com','2015-8-20','2015-8-25','11','huang','13512341234','','服装','0','3','0','17'),('73','2','./ads/2015-08-20/55d528de395fd.jpg','http://www.baidu.com','2015-8-20','2015-8-28','12','huang','13512341234','','服装','0','3','0','17'),('74','3','./ads/2015-08-20/55d5293c9538d.jpg','http://www.baidu.com','2015-8-20','2015-8-27','12','haung ','13512341234','','服装','0','3','0','17'),('75','1','./ads/2015-08-20/55d52a23de6c8.png','http://www.baidu.com','2015-8-20','2015-8-26','13','huang ','13512341234','','服装','0','3','0','17'),('76','2','./ads/2015-08-20/55d52a9b3ac3d.png','http://www.baidu.com','2015-8-20','2015-8-30','13','黄','13512341234','','服装','0','3','0','17'),('77','2','./ads/2015-08-20/55d52c33b61c9.jpg','http://www.baidu.com','2015-8-20','2015-8-31','11','huangt ','13512341234','','旅游','0','4','0','17'),('78','2','./ads/2015-08-20/55d52c9b97eb3.jpg','http://www.baidu.com','2015-8-20','2015-8-30','12','huang','13512341234','','旅游','0','4','0','17'),('79','3','./ads/2015-08-20/55d52cd7ab2e1.jpg','http://www.baidu.com','2015-8-20','2015-8-31','12','haung','13854385438','','旅游','0','4','0','17'),('80','3','./ads/2015-08-20/55d52d07a3b35.jpg','http://www.baidu.com','2015-8-20','2015-8-31','13','haung ','13854385438','','lvyou','0','4','0','17'),('81','2','./ads/2015-08-20/55d52d3f9c3ef.jpg','http://www.baidu.com','2015-8-20','2015-8-31','13','huang','13854385438','','lvyou','0','4','0','17'),('82','1','./ads/2015-08-20/55d52fd055d1a.jpg','http://www.baidu.com','2015-8-20','2015-8-28','11','黄','13512341234','','娱乐','0','5','0','17'),('83','2','./ads/2015-08-20/55d530af9b2e6.jpg','http://www.baidu.com','2015-8-20','2015-8-30','12','huang','13512341234','','娱乐','0','5','0','17'),('84','3','./ads/2015-08-20/55d5312412375.jpg','http://www.baidu.com','2015-8-20','2015-8-31','12','haung','13512341234','','娱乐','0','5','0','17'),('85','3','./ads/2015-08-20/55d5319581326.jpg','http://www.baidu.com','2015-8-20','2015-8-30','13','huang','13253538853','','娱乐','0','5','0','17'),('86','2','./ads/2015-08-20/55d531fa39084.jpg','http://www.baidu.com','2015-8-20','2015-8-30','13','黄','13512341234','','娱乐','0','5','0','17'),('87','1','./ads/2015-08-20/55d532b3d603d.jpg','http://www.baidu.com','2015-8-20','2015-8-31','11','huahng','13512341234','','美妆','0','6','0','17'),('88','1','./ads/2015-08-20/55d533d2239e6.jpg','http://www.baidu.com','2015-8-20','2015-8-31','12','huang','13838385438','','美妆','0','6','0','17'),('89','1','./ads/2015-08-20/55d5b52c11073.jpg','http://www.baidu.com','2015-8-20','2015-8-30','8','wang','15236817351','1','七夕情人节','0','10','0','24'),('90','1','./ads/2015-08-21/55d6bf9d5cd9b.jpg','http://www.baidu.com','2015-8-21','2015-8-30','11','haung ','13512341234','1','服装','0','3','0','19'),('91','2','./ads/2015-08-21/55d6bfcb1c24b.jpg','https://www.baidu.com/','2015-8-21','2015-8-31','12','haung','13512341234','','服装','0','3','0','19'),('92','1','./ads/2015-08-21/55d6c0a47c30b.jpg','http://www.baidu.com','2015-8-21','2015-8-31','12','huang','13512341234','','服装','0','3','0','19'),('93','4','./ads/2015-08-21/55d6c10624c1e.jpg','http://www.baidu.com','2015-8-21','2015-8-24','13','huang','13512341234','','服装','0','3','0','19'),('94','3','./ads/2015-08-21/55d6c13f807d4.jpg','http://www.baidu.com','2015-8-21','2015-8-31','13','haung','13512341234','','服装','0','3','0','19'),('95','2','./ads/2015-08-21/55d6c17556b22.jpg','http://www.baidu.com','2015-8-21','2015-8-31','13','huang','13512341234','','服装','0','3','0','19'),('96','5','./ads/2015-08-21/55d6c1b843d4e.jpg','http://www.baidu.com','2015-8-21','2015-8-31','13','huang','13512341234','','服装','0','3','0','19'),('97','1','./ads/2015-08-21/55d6c3745c1b8.jpg','http://www.baidu.com','2015-8-21','2015-8-31','11','huang','13512341234','','娱乐','0','5','0','19'),('98','2','./ads/2015-08-21/55d6c3ae048cb.jpg','http://www.baidu.com','2015-8-21','2015-8-31','12','huang','13512341234','','娱乐','0','5','0','19'),('99','1','./ads/2015-08-21/55d6c3dc95a75.jpg','http://www.baidu.com','2015-8-21','2015-8-24','12','huang','13512341234','','娱乐','0','5','0','19'),('100','1','./ads/2015-08-21/55d6c426a524d.jpg','http://www.baidu.com','2015-8-21','2015-8-31','13','huang','13512341234','','娱乐','0','5','0','19'),('101','1','./ads/2015-08-21/55d6c47ce272d.jpg','http://www.baidu.com','2015-8-21','2015-8-24','11','huang','13512341234','','美妆','0','6','0','19'),('102','1','./ads/2015-08-21/55d6c4bf5d245.jpg','http://www.baidu.com','2015-8-21','2015-8-31','12','huang','13512341234','','美妆','0','6','0','19');/* MySQLReback Separation */
 /* 插入数据 `lx_ads` */
 INSERT INTO `lx_ads` VALUES ('103','2','./ads/2015-08-21/55d6c5743f308.jpg','http://www.baidu.com','2015-8-21','2015-8-31','12','huang','13512341234','','美妆','0','6','0','19');/* MySQLReback Separation */
 /* 插入数据 `lx_ads` */
 INSERT INTO `lx_ads` VALUES ('104','3','./ads/2015-08-21/55d6c59c7c59b.jpg','http://www.baidu.com','2015-8-21','2015-8-31','13','huang','13854385438','','美妆','0','6','0','19'),('105','2','./ads/2015-08-21/55d6c5be69621.jpeg','http://huawei.com','2015-8-21','2015-8-31','13','huang','13512341234','','美妆','0','6','0','19'),('106','1','./ads/2015-08-21/55d6c5e94affd.jpg','http://www.baidu.com','2015-8-21','2015-8-31','13','huang','13512341234','','美妆','0','6','0','19'),('107','1','./ads/2015-08-21/55d6c659eb919.jpg','http://www.baidu.com','2015-8-21','2015-8-31','11','huang','13512341234','','家电','0','7','0','19'),('108','2','./ads/2015-08-21/55d6c67cd4ca2.jpg','http://www.baidu.com','2015-8-21','2015-8-31','12','huang','13512341234','','家电','0','7','0','19'),('109','1','./ads/2015-08-21/55d6c6ad3c5a5.jpg','http://www.baidu.com','2015-8-21','2015-8-31','12','huahng','13512341234','','jiadian','0','7','0','19'),('110','2','./ads/2015-08-21/55d6c72e1e3cf.jpg','http://www.baidu.com','2015-8-21','2015-8-31','13','huang','13854385438','','家电','0','7','0','19'),('111','2','./ads/2015-08-21/55d6c7ca7e182.jpg','http://www.baidu.com','2015-8-21','2015-8-31','13','huang','13512341234','','家电','0','7','0','19'),('112','1','./ads/2015-08-21/55d6c8dfed966.jpg','http://www.baidu.com','2015-8-21','2015-8-31','11','haung','13512341234','','数码','0','8','0','19'),('113','1','./ads/2015-08-21/55d6c9083a6c3.jpg','http://www.baidu.com','2015-8-21','2015-8-31','12','huang','13253538853','','shuma','0','8','0','19'),('114','1','./ads/2015-08-21/55d6c98e92949.jpg','http://www.baidu.com','2015-8-21','2015-8-31','12','huang','13512341234','','shuam','0','8','0','19'),('115','2','./ads/2015-08-21/55d6c93786dd4.jpg','http://www.baidu.com','2015-8-21','2015-8-31','12','huang','13253538853','','shuam ','0','8','0','19'),('116','2','./ads/2015-08-21/55d6c9c0a5cf7.jpg','http://www.baidu.com','2015-8-21','2015-8-31','13','haung','13512341234','','shuam','0','8','0','19'),('117','0','','http://www.baidu.com','2015-8-21','2015-8-31','13','','','','shuam ','0','8','0','19'),('118','1','./ads/2015-08-21/55d6c9e555d10.jpg','http://www.baidu.com','2015-8-21','2015-8-31','13','huang','13512341234','','shuam ','0','8','0','19'),('119','1','./ads/2015-08-21/55d6ca1c15233.jpg','http://www.baidu.com','2015-8-21','2015-8-31','11','132','13512341234','','汽车','0','9','0','19'),('120','2','./ads/2015-08-21/55d6ca4520b5c.jpg','http://www.baidu.com','2015-8-21','2015-8-31','12','135','13512341234','','汽车','0','9','0','19'),('121','3','./ads/2015-08-21/55d6ca7533ef0.jpg','http://www.baidu.com','2015-8-19','2015-8-31','12','135','13854385438','','qiche','0','9','0','19'),('122','1','./ads/2015-08-21/55d6d8b1f29d4.jpg','http://www.baidu.com','2015-8-21','2015-8-31','13','huangt','13512341234','','qiche','0','9','0','19'),('124','3','./ads/2015-08-24/55da9069f0bbe.jpg','http://wsq.cccuu.com/index.php/Home/Navgoods/navgoods/id/1.html','2015-8-4','2015-8-29','1','1','15890690720','1','广告wd','0','0','0','19'),('125','4','./ads/2015-08-24/55da914e50450.jpg','http://wsq.cccuu.com/index.php/Home/Navgoods/navgoods/id/1.html','2015-8-25','2015-8-24','1','王丹','15890690720','','广告wd','0','0','0','19'),('129','7','./ads/2015-08-24/55da9702b941c.jpg','http://wsq.cccuu.com/index.php/Home/Navgoods/navgoods/id/2.html','2015-8-24','2015-8-25','8','王丹','15890690720','','广告wd','0','0','0','22'),('127','0','./ads/2015-08-24/55da93ad7bdea.jpg','http://wsq.cccuu.com/index.php/Home/Navgoods/navgoods/id/6.html','2015-8-10','2015-8-25','1','wd','15696865652','','广告wd','0','0','0','19'),('128','99','./ads/2015-08-24/55da94390f34b.jpg','http://wsq.cccuu.com/index.php/Home/Navgoods/navgoods/id/3.html','2015-8-24','2015-8-25','1','wd','15890690720','1','广告wd','0','0','0','19'),('130','15','./ads/2015-08-24/55da97b6955ba.jpg','http://wsq.cccuu.com/index.php/Home/Shop/shop_list/id/178.html','2015-8-24','2015-8-25','9','wd','15890690720','','广告wd','0','0','0','22'),('131','12','./ads/2015-08-24/55da9811c4463.jpg','http://wsq.cccuu.com/index.php/Home/Shop/shop_list/id/179.html','2015-8-24','2015-8-25','14','wd','15890690720','','广告wd','0','0','0','22'),('132','13','./ads/2015-08-24/55da985eb9cac.jpg','http://wsq.cccuu.com/index.php/Home/Shop/shop_list/id/180.html','2015-8-24','2015-8-25','14','wd','15890690720','1','广告wd','0','0','0','22'),('133','12','./ads/2015-08-24/55dabadcb444a.jpg','http://wsq.cccuu.com/index.php/Home/Shop/shop/shop_id/30.html','2015-8-24','2015-8-26','8','1','15890690720','','广告wd','0','0','0','23'),('134','9','./ads/2015-08-24/55da9d22e9b7c.jpg','http://wsq.cccuu.com/','2015-8-24','2015-8-25','8','wd','15890690720','1','广告','0','0','0','29'),('135','25','./ads/2015-08-24/55da9e8617a41.jpg','http://wsq.cccuu.com/','2015-8-24','2015-8-25','8','22','15890690720','','广告wd','0','0','0','30'),('136','0','./ads/2015-08-24/55da9ed8c7e47.jpg','http://wsq.cccuu.com/','2015-8-24','2015-8-25','8','wd','15890690720','','广告wd','0','0','0','31');/* MySQLReback Separation */
 /* 插入数据 `lx_ads` */
 INSERT INTO `lx_ads` VALUES ('137','1','./ads/2015-08-24/55dab399efa38.jpg','http://wsq.cccuu.com','2015-8-24','2015-8-24','8','王丹','15890690720','','广告wd','0','0','0','32');/* MySQLReback Separation */
 /* 插入数据 `lx_ads` */
 INSERT INTO `lx_ads` VALUES ('138','13','./ads/2015-08-24/55dab3e0be7d8.jpg','http://wsq.cccuu.com','2015-8-24','2015-8-24','8','王丹','15696865652','','广告','0','0','0','35'),('139','13','./ads/2015-08-24/55dab445afd65.jpg','http://wsq.cccuu.com','2015-8-24','2015-8-25','8','王丹','15890690720','','广告wd','0','0','0','36'),('140','13','./ads/2015-08-24/55dab4bd7b2e2.jpg','http://wsq.cccuu.com','2015-8-24','2015-8-25','8','王丹','15890690720','','广告','0','0','0','37'),('141','14','./ads/2015-08-24/55dab7e0a90eb.jpg','http://www.baidu.com','2015-8-24','2015-8-27','14','杨','13512341234','','楼层广告','0','0','0','22'),('142','1','./ads/2015-08-24/55dabb08739f9.jpg','http://huawei.com','2015-8-24','2015-8-26','9','小米','13512341234','','小米','0','0','0','23'),('143','2','./ads/2015-08-24/55dabb358e89a.jpg','http://www.baidu.com','2015-8-24','2015-8-31','14','huang','13512341234','','小米','0','0','0','23'),('144','1','./ads/2015-08-24/55dabb5e3ace0.jpg','http://www.baidu.com','2015-8-24','2015-8-25','14','haung','13512341234','','小米','0','0','0','23'),('145','11','./ads/2015-08-24/55dadced00742.jpg','http://wsq.cccuu.com','2015-8-1','2015-8-27','14','娃','15696865652','','广告wd','0','0','0','22'),('146','2','./ads/2015-08-24/55dadd9ba1377.jpg','http://wsq.cccuu.com','2015-8-13','2015-8-28','14','娃','15890690720','','管嘎嘎','0','0','0','22'),('147','1','./ads/2015-08-24/55daddcb60841.jpg','http://wsq.cccuu.com','2015-8-18','2015-8-12','14','王丹','15696865652','','广告','0','0','0','22'),('148','1','./ads/2015-08-24/55dadded86c50.jpg','http://wsq.cccuu.com','2015-8-11','2015-8-20','14','娃','15696865652','','广告','0','0','0','22'),('154','1','./ads/2015-08-24/55daec565913a.jpg','http://www.baidu.com','2015-8-24','2015-8-31','12','huang','13512341234','','旅游','0','4','0','19'),('153','2','./ads/2015-08-24/55daec338e5fa.jpg','http://www.baidu.com','2015-8-24','2015-8-31','12','huang','13512341234','','旅游','0','4','0','19'),('152','1','./ads/2015-08-24/55daec0ecb4b4.jpg','http://www.baidu.com','2015-8-24','2015-8-31','11','haung','13512341234','','旅游','0','4','0','19'),('155','2','./ads/2015-08-24/55daec7cd3446.jpg','http://www.baidu.com','2015-8-24','2015-8-31','13','huang','13512341234','','旅游','0','4','0','19'),('158','7','./ads/2015-08-24/55daed52b93b9.jpg','http://wsq.cccuu.com','2015-8-12','2015-8-25','13','11','15696865652','','广告','0','2','0','19'),('157','1','./ads/2015-08-24/55daecd1a9921.jpg','http://www.baidu.com','2015-8-24','2015-8-31','13','huang','13512341234','3','旅游','0','4','0','19'),('159','22','./ads/2015-08-24/55daed7dc8a04.jpg','http://wsq.cccuu.com','2015-8-18','2015-8-26','13','王丹','15696865652','','王丹','0','2','0','19'),('160','99','./ads/2015-08-28/55dffda710d6b.jpg','http://wsq.cccuu.com','2015-8-27','2015-8-31','8','jj','13700731202','','苟富贵彪悍女','0','0','0','57'),('161','123','./ads/2015-08-28/55e0001d169f4.jpg','http://wsq.cccuu.com/index.php/Home/Navgoods/navgoods/id/1.html','2015-8-28','2015-8-31','9','张楠','13700731202','2','fdfgbhh','0','0','0','57'),('162','99','./ads/2015-08-28/55e0006c31928.jpg','http://wsq.cccuu.com/','2015-8-28','2015-8-31','14','张楠','13700731202','','方法骨灰盒','0','0','0','57'),('163','99','./ads/2015-08-28/55e0025b59444.jpg','http://wsq.cccuu.com/index.php/Home/Good/info/id/222.html','2015-8-28','2015-8-31','1','王丹','13700731202','1','苟富贵彪悍女','0','10','0','54'),('164','1111','./ads/2015-08-28/55e00a888223d.jpg','http://wsq.cccuu.com/','2015-8-28','2015-8-31','2','王丹','13700731202','','hhh','0','10','0','54'),('165','123','./ads/2015-08-28/55e00c997ffa7.jpg','http://wsq.cccuu.com/index.php/Admin/Ad/adsadd.html','2015-8-28','2015-8-31','6','1243','15890690720','','233454','0','10','0','54'),('166','0','','http://wsq.cccuu.com/index.php/Home/Shop/shop_list/id/230.html','2015-8-29','2015-8-31','8','张超楠','13700731202','3','hh','0','0','0','59'),('167','99','./ads/2015-09-01/55e5015ac8bd3.jpg','http://wsq.cccuu.com/index.php/Home/Shop/shop_list/id/230.html','2015-9-30','2015-8-30','8','张超楠','13700731202','','hh','0','0','0','59'),('168','1','./ads/2015-08-29/55e1278ca76a4.jpg','http://pic.sogou.com/pics?query=%CA%B3%D3%C3%D1%CE&w=05002100&p=26040500&_asf=pic.sogou.com&_ast=1440818729&sc=index&oq=shiyongy&ri=1&sourceid=sugg&sut=14133&sst0=1440818729213','2015-8-29','2015-9-5','8','小攀','15937351836','','和平里超市','0','0','0','62'),('194','0','./ads/2015-09-01/55e58973ed231.jpg','http://wsq.cccuu.com/','2015-9-1','2015-9-20','1','张楠','13700731202','5','海之澜美妆','0','7','0','58'),('170','99','./ads/2015-09-01/55e58751068bc.jpg','http://wsq.cccuu.com/','2015-8-29','2015-8-31','1','孙红胜','15937385777','10','南关大三角红绿灯东北角厚德移动营业厅','0','10','0','58'),('178','0','./ads/2015-08-31/55e411e883413.jpg','http://wsq.cccuu.com','2015-8-30','2015-9-5','8','张凯','18224555522','','海之澜生活馆您的选择','0','0','0','65');/* MySQLReback Separation */
 /* 插入数据 `lx_ads` */
 INSERT INTO `lx_ads` VALUES ('183','0','','http://wsq.cccuu.com/index.php/Home/Shop/shop/shop_id/64.html','2015-9-1','2015-9-30','8','','','','海之澜','0','0','0','64');/* MySQLReback Separation */
 /* 插入数据 `lx_ads` */
 INSERT INTO `lx_ads` VALUES ('184','0','./ads/2015-09-01/55e4ec07b3dd7.jpg','http://wsq.cccuu.com/index.php/Home/Shop/shop/shop_id/64.html','2015-9-1','2015-9-30','8','张凯','18224555522','','海之澜','0','0','0','64'),('175','0','./ads/2015-08-30/55e24c443672c.jpg','http://wsq.cccuu.com/index.php/Home/Good/info/id/256.html','2015-8-30','2015-9-30','8','15617477000','15617477000','','新品上市欢迎选购','0','0','0','60'),('176','100','./ads/2015-08-30/55e2ab5fb41fd.jpg','http://wsq.cccuu.com/index.php/Home/Good/info/id/304.html','2015-8-30','2015-10-10','2','张楠','13700731202','7','海之澜美妆','0','6','0','58'),('192','0','./ads/2015-09-01/55e584b30fe58.jpg','http://wsq.cccuu.com/','2015-9-1','2015-9-23','13','张楠','13700731202','','海之澜美妆','0','0','0','58'),('193','0','./ads/2015-09-01/55e584b32a998.jpg','http://wsq.cccuu.com/','2015-9-1','2015-9-23','13','张楠','13700731202','','海之澜美妆','0','0','0','58'),('185','0','./ads/2015-09-01/55e562fd5bed0.jpg','http://wsq.cccuu.com/index.php/Home/Good/info/id/420.html','2015-9-1','2015-9-30','8','余先生','13503440678','','IPONE6 Plus','0','0','0','69'),('186','0','./ads/2015-09-02/55e64225ab448.jpg','http://wsq.cccuu.com/index.php/Home/Good/info/id/447.html','2015-9-1','2015-9-30','14','余先生','13503440678','','vivoX5M','0','0','0','69'),('190','0','./ads/2015-09-01/55e58369be57f.jpg','http://wsq.cccuu.com/','2015-9-1','2015-9-29','3','张楠','13700731202','','海之澜美妆','0','1','0','58'),('187','100','./ads/2015-09-01/55e57f9935c70.jpg','http://wsq.cccuu.com/','2015-9-30','2015-9-17','9','张楠','13700731202','','海之澜美妆','0','0','0','59'),('189','100','./ads/2015-09-01/55e58123bc866.jpg','http://wsq.cccuu.com/','2015-9-1','2015-9-29','7','张楠','13700731202','1','海之澜美妆','0','0','0','58'),('196','8','./ads/2015-09-03/55e817bf33082.jpg','http://wsq.cccuu.com/index.php/Home/Good/info/id/423.html','2015-9-3','2015-9-30','14','于先生','13503440678','4','vivoX5Pro','0','0','0','69');/* MySQLReback Separation */
 /* 创建表结构 `lx_adtype` */
 DROP TABLE IF EXISTS `lx_adtype`;/* MySQLReback Separation */ CREATE TABLE `lx_adtype` (
  `type_id` int(11) unsigned NOT NULL AUTO_INCREMENT COMMENT '广告类型id',
  `type_name` varchar(255) NOT NULL COMMENT '类型名称',
  PRIMARY KEY (`type_id`)
) ENGINE=MyISAM DEFAULT CHARSET=utf8;/* MySQLReback Separation */
 /* 创建表结构 `lx_arctype` */
 DROP TABLE IF EXISTS `lx_arctype`;/* MySQLReback Separation */ CREATE TABLE `lx_arctype` (
  `type_id` int(11) unsigned NOT NULL AUTO_INCREMENT COMMENT '文章类别id',
  `type_name` varchar(255) NOT NULL COMMENT '文章类别',
  `pid` int(11) unsigned NOT NULL,
  `path` varchar(255) NOT NULL,
  `sort` varchar(255) NOT NULL,
  `parent_id` varchar(255) DEFAULT NULL,
  PRIMARY KEY (`type_id`)
) ENGINE=MyISAM AUTO_INCREMENT=71 DEFAULT CHARSET=utf8;/* MySQLReback Separation */
 /* 插入数据 `lx_arctype` */
 INSERT INTO `lx_arctype` VALUES ('52','购物指南','0','0','11',''),('53','免费注册','52','52-0','12','52'),('54','开通支付宝','52','52-0','13','52'),('55','支付宝充值','52','52-0','14','52'),('56','海之澜保障','0','0','15',''),('57','售后规则','56','56-0','16','56'),('58','缺货赔付','56','56-0','17','56'),('59','发票保障','56','56-0','18','56'),('60','支付方式','0','0','19',''),('61','快捷支付','60','60-0','20','60'),('62','信用卡','60','60-0','21','60'),('63','余额宝','60','60-0','22','60'),('64','货到付款','60','60-0','23','60'),('65','商家服务','0','0','24',''),('66','商家入驻','65','65-0','26','65'),('67','商家中心','65','65-0','31','65'),('69','物流服务','65','65-0','34','65');/* MySQLReback Separation */
 /* 创建表结构 `lx_article` */
 DROP TABLE IF EXISTS `lx_article`;/* MySQLReback Separation */ CREATE TABLE `lx_article` (
  `arc_id` int(11) unsigned NOT NULL AUTO_INCREMENT COMMENT '文章id',
  `arc_title` varchar(255) NOT NULL,
  `keywords` varchar(255) NOT NULL COMMENT '关键词',
  `description` varchar(255) NOT NULL COMMENT '关键描述',
  `content` text NOT NULL,
  `type_id` int(11) unsigned NOT NULL,
  `sort` varchar(255) NOT NULL COMMENT '排序字段',
  `pubtime` timestamp NULL DEFAULT CURRENT_TIMESTAMP ON UPDATE CURRENT_TIMESTAMP,
  PRIMARY KEY (`arc_id`)
) ENGINE=MyISAM AUTO_INCREMENT=40 DEFAULT CHARSET=utf8;/* MySQLReback Separation */
 /* 插入数据 `lx_article` */
 INSERT INTO `lx_article` VALUES ('25','注册协议','注册协议','注册协议','<h3>注册协议</h3><p><strong>【审慎阅读】</strong>您在申请注册流程中点击同意前，应当认真阅读以下协议。<strong style=\"text-decoration: underline\">请您务必审慎阅读、充分理解协议中相关条款内容，其中包括：</strong></p><p>1、<strong style=\"text-decoration: underline\">与您约定免除或限制责任的条款；</strong></p><p>2、<strong style=\"text-decoration: underline\">与您约定法律适用和管辖的条款；</strong></p><p>3、<strong style=\"text-decoration: underline\">其他以粗体下划线标识的重要条款。</strong></p><p>如您对协议有任何疑问，可向平台客服咨询。</p><p><strong>【特别提示】</strong>当您按照注册页面提示填写信息、阅读并同意协议且完成全部注册程序后，即表示您已充分阅读、理解并接受协议的全部内容。如您因平台服务与淘宝发生争议的，适用《淘宝平台服务协议》处理。如您在使用平台服务过程中与其他用户发生争议的，依您与其他用户达成的协议处理。</p><p><strong style=\"text-decoration: underline\">阅读协议的过程中，如果您不同意相关协议或其中任何条款约定，您应立即停止注册程序。</strong></p><p><a href=\"http://www.taobao.com/go/chn/member/agreement.php\" target=\"_blank\">《淘宝服务协议》</a></p><p><a href=\"http://www.taobao.com/go/chn/tb-fp/2014/law.php\" target=\"_blank\">《法律声明及隐私权政策》</a></p><p><a href=\"http://ab.alipay.com/agreement/contract.htm\" target=\"_blank\">《支付宝服务协议》</a></p><p><br/></p>','53','11','2015-08-20 09:46:04'),('26','开通支付宝','开通支付宝','开通支付宝','<h2>不能错过的小心机</h2><ol class=\"faq list-paddingleft-2\"><li><p class=\"question\">1、如何用花呗购物？</p><p class=\"answer\">在电脑或手机上选支持花呗的宝贝，选花呗付款即可。</p></li><li><p class=\"question\">2、什么时候还款？</p><p class=\"answer\">确认收货，下个月10号；但具体什么时候还得看你的收货确认的时间啦！ 例如，3月2日付款，4月3日确认收货，5月10日才用还！</p></li><li><p class=\"question\">3、去哪里还款？</p><p class=\"answer\">（1）
登录www.alipay.com首页找到花呗还款或者钱包服务窗搜索“花呗”； 
（2）自动还款，还款日当天依次从余额、余额宝、银行卡扣还（开通花呗则默认自动还款）； 
例：要还1000元，余额有500元，先从余额中扣500元，剩余的从余额宝、借记卡扣。 
若还款日当天钱不足，还款日当天还会自动扣款。另外还能申请分期还款，可分3、6、9、12个月还哦！</p></li></ol><p><br/></p>','54','223','2015-08-20 09:49:15');/* MySQLReback Separation */
 /* 插入数据 `lx_article` */
 INSERT INTO `lx_article` VALUES ('27','支付宝充值','支付宝充值','支付宝充值','<p>提示条款<br/>欢迎您与海之澜平台经营者（详见定义条款）共同签署本《海之澜服务协议》（下称“本协议”）并使用海之澜平台服务！<br/>本协议为《海之澜服务协议》修订版本，自本协议发布之日起，海之澜各处所称“海之澜服务协议”均指本协议。<br/>各服务条款前所列索引关键词仅为帮助您理解该条款表达的主旨之用，不影响或限制本协议条款的含义或解释。为维护您自身权益，建议您仔细阅读各条款具体表述。<br/>【审慎阅读】您在申请注册流程中点击同意本协议之前，应当认真阅读本协议。请您务必审慎阅读、充分理解各条款内容，特别是免除或者限制责任的条款、法律适
用和争议解决条款。免除或者限制责任的条款将以粗体下划线标识，您应重点阅读。如您对协议有任何疑问，可向淘宝平台客服咨询。<br/>【签约动作】当您按照注册页面提示填写信息、阅读并同意本协议且完成全部注册程序后，即表示您已充分阅读、理解并接受本协议的全部内容，并与淘宝达成一致，成为淘宝平台“用户”。阅读本协议的过程中，如果您不同意本协议或其中任何条款约定，您应立即停止注册程序。<br/>一、 定义<br/><strong>海之澜平台服务：</strong>淘宝基于互联网，以包含淘宝平台网站、客户端等在内的各种形态（包括未来技术发展出现的新的服务形态）向您提供的各项服务。<br/><strong>海之澜规则：</strong>淘宝网规则频道列明的各项规则，具体详见此处。<br/><strong>支付宝公司：</strong>指提供支付宝服务的主体支付宝（中国）网络技术有限公司。<br/><strong>关联公司：</strong>除淘宝外阿里平台的经营者的单称或合称。<br/><strong>同一用户：</strong>使用同一身份认证信息或经淘宝排查认定多个淘宝账户的实际控制人为同一人的，均视为同一用户。<br/><br/>二、 协议范围<br/><strong>2.1 签约主体</strong><br/>【平等主体】本协议由您与淘宝平台经营者共同缔结，本协议对您与淘宝平台经营者均具有合同效力。<br/>【主体信息】淘宝平台经营者是指经营淘宝平台的各法律主体，您可随时查看淘宝平台各网站首页底部公示的证照信息以确定与您履约的淘宝主体。本协议项下，淘
宝平台经营者可能根据淘宝平台的业务调整而发生变更，变更后的淘宝平台经营者与您共同履行本协议并向您提供服务，淘宝平台经营者的变更不会影响您本协议项
下的权益。淘宝平台经营者还有可能因为提供新的淘宝平台服务而新增，如您使用新增的淘宝平台服务的，视为您同意新增的淘宝平台经营者与您共同履行本协议。
发生争议时，您可根据您具体使用的服务及对您权益产生影响的具体行为对象确定与您履约的主体及争议相对方。<br/><br/><strong>2.2补充协议</strong><br/>由于互联网高速发展，您与淘宝签署的本协议列明的条款并不能完整罗列并覆盖您与淘宝所有权利与义务，现有的约定也不能保证完全符合未来发展的需求。因此，
淘宝平台法律声明及隐私权政策、淘宝平台规则均为本协议的补充协议，与本协议不可分割且具有同等法律效力。如您使用淘宝平台服务，视为您同意上述补充协
议。<br/><br/>三、 账户注册与使用<br/><strong>3.1 用户资格</strong><br/>您确认，在您开始注册程序使用淘宝平台服务前，您应当具备中华人民共和国法律规定的与您行为相适应的民事行为能力。若您不具备前述与您行为相适应的民事行为能力，则您及您的监护人应依照法律规定承担因此而导致的一切后果。<br/></p>','55','123','2015-08-20 09:50:16');/* MySQLReback Separation */
 /* 插入数据 `lx_article` */
 INSERT INTO `lx_article` VALUES ('28','售后规则','售后规则','售后规则','<h2>【天猫订单】天猫交易如何申请维权？</h2><p>
			
									</p><p>','57','112','2015-08-20 09:51:30'),('29','缺货赔偿','缺货赔偿','缺货赔偿','<h2>天猫买家如何申请延迟发货赔付？</h2><p>
			
									</p><p>								</p><p style=\"text-align:left;\"><span style=\"font-family: 宋体, SimSun; font-size: 14px;\"><strong style=\"line-height: 1.5;\">1、已付款状态，卖家无货及未按时发货</strong></span></p><p style=\"text-align:left;\"><span style=\"font-family: 宋体, SimSun; font-size: 14px;\">买家拍下宝贝并付款，商家必须在72小时内进行发货<strong>（除</strong><strong>定制、预售、适用特定运送方式及tmall.com(天猫)特殊类目等另行约定发货时间的商品）</strong>，若商家因缺货未履行承诺，买家可在交易生成后在“</span><a target=\"_blank\" title=\"\" href=\"http://trade.taobao.com/trade/itemlist/list_bought_items.htm?spm=1.1000386.0.19.24GoRo\" style=\"font-family: 宋体, SimSun; text-decoration: underline; font-size: 14px;\"><span style=\"font-family: 宋体, SimSun; font-size: 14px;\">已买到的宝贝</span></a><span style=\"font-family: 宋体, SimSun; font-size: 14px;\">”中对该笔交易立即申请“缺货”退款，如图：</span></p><p><img alt=\"\" style=\"float:none;margin:0px;\" src=\"/ueditor/php/upload/image/20150820/1440035544762523.jpg\"/></p><p><span style=\"font-family: 宋体, SimSun; font-size: 14px;\">商家未及时发货的，除将受到天猫的相关处罚外，还必须按照实付价格（不含邮费）的30%（每笔最高不超过500元）对买家进行赔付，该违约金将以天猫积分形式支付。</span></p><p><span style=\"font-family: 宋体, SimSun; font-size: 14px;\">','58','224','2015-08-20 09:52:26'),('30','发票保障','发票保障','发票保障','<h2>购物提供发票吗？</h2><p>
			
									</p><p>								</p><p><span style=\"font-family: 宋体,SimSun; font-size: 14px;\">在天猫购买宝贝，若您要求提供发票，卖家是必须提供正规的发票的；</span></p><p><span style=\"font-family: 宋体,SimSun; font-size: 14px;\">在淘宝集市购买宝贝，淘宝未强制要求卖家提供发票，建议您在购买前与卖家确认是否可提供发票，</span><a style=\"text-decoration: underline; font-family: 宋体,SimSun; font-size: 14px;\" target=\"_blank\" href=\"https://service.taobao.com/support/knowledge-1120144.htm\"><span style=\"font-family: 宋体,SimSun; font-size: 14px;\">点此查看</span></a><span style=\"font-family: 宋体,SimSun; font-size: 14px;\">如何联系卖家。</span></p><p><br/></p>','59','113','2015-08-20 09:53:20'),('31','快捷支付','快捷支付','快捷支付','<h2>什么是快捷支付？</h2><p>快捷支付（含卡通）是一种安全、便捷的支付方式，对您的银行卡信息和身份信息进行校验，校验成功后即可开通。 <br/> 开通成功后，输入支付密码即可轻松完成付款。</p><p><br/></p>','61','33','2015-08-20 09:54:06'),('32','信用卡','信用卡','信用卡','<h2>什么是信用卡支付？</h2><p>信用卡支付是您在用支付宝付款时，可以选择上百家银行的信用卡进行支付。</p><p><br/></p>','62','22','2015-08-20 09:54:52'),('33','余额宝','余额宝','余额宝','<h2>什么是余额宝？</h2><p>余额宝是支付宝打造的余额增值服务。把钱转入余额宝即购买了由天弘基金提供的余额宝货币基金，可获得收益。 <br/> 余额宝内的资金还能随时用于网购支付，灵活提取。</p><p><br/></p>','63','114','2015-08-20 09:55:34');/* MySQLReback Separation */
 /* 插入数据 `lx_article` */
 INSERT INTO `lx_article` VALUES ('34','货到付款','货到付款','货到付款','<p>提示条款<br/>欢迎您与海之澜平台经营者（详见定义条款）共同签署本《海之澜服务协议》（下称“本协议”）并使用海之澜平台服务！<br/>本协议为《海之澜服务协议》修订版本，自本协议发布之日起，海之澜各处所称“海之澜服务协议”均指本协议。<br/>各服务条款前所列索引关键词仅为帮助您理解该条款表达的主旨之用，不影响或限制本协议条款的含义或解释。为维护您自身权益，建议您仔细阅读各条款具体表述。<br/>【审慎阅读】您在申请注册流程中点击同意本协议之前，应当认真阅读本协议。请您务必审慎阅读、充分理解各条款内容，特别是免除或者限制责任的条款、法律适
用和争议解决条款。免除或者限制责任的条款将以粗体下划线标识，您应重点阅读。如您对协议有任何疑问，可向淘宝平台客服咨询。<br/>【签约动作】当您按照注册页面提示填写信息、阅读并同意本协议且完成全部注册程序后，即表示您已充分阅读、理解并接受本协议的全部内容，并与淘宝达成一致，成为淘宝平台“用户”。阅读本协议的过程中，如果您不同意本协议或其中任何条款约定，您应立即停止注册程序。<br/>一、 定义<br/><strong>海之澜平台服务：</strong>淘宝基于互联网，以包含淘宝平台网站、客户端等在内的各种形态（包括未来技术发展出现的新的服务形态）向您提供的各项服务。<br/><strong>海之澜规则：</strong>淘宝网规则频道列明的各项规则，具体详见此处。<br/><strong>支付宝公司：</strong>指提供支付宝服务的主体支付宝（中国）网络技术有限公司。<br/><strong>关联公司：</strong>除淘宝外阿里平台的经营者的单称或合称。<br/><strong>同一用户：</strong>使用同一身份认证信息或经淘宝排查认定多个淘宝账户的实际控制人为同一人的，均视为同一用户。<br/><br/>二、 协议范围<br/><strong>2.1 签约主体</strong><br/>【平等主体】本协议由您与淘宝平台经营者共同缔结，本协议对您与淘宝平台经营者均具有合同效力。<br/>【主体信息】淘宝平台经营者是指经营淘宝平台的各法律主体，您可随时查看淘宝平台各网站首页底部公示的证照信息以确定与您履约的淘宝主体。本协议项下，淘
宝平台经营者可能根据淘宝平台的业务调整而发生变更，变更后的淘宝平台经营者与您共同履行本协议并向您提供服务，淘宝平台经营者的变更不会影响您本协议项
下的权益。淘宝平台经营者还有可能因为提供新的淘宝平台服务而新增，如您使用新增的淘宝平台服务的，视为您同意新增的淘宝平台经营者与您共同履行本协议。
发生争议时，您可根据您具体使用的服务及对您权益产生影响的具体行为对象确定与您履约的主体及争议相对方。<br/><br/><strong>2.2补充协议</strong><br/>由于互联网高速发展，您与淘宝签署的本协议列明的条款并不能完整罗列并覆盖您与淘宝所有权利与义务，现有的约定也不能保证完全符合未来发展的需求。因此，
淘宝平台法律声明及隐私权政策、淘宝平台规则均为本协议的补充协议，与本协议不可分割且具有同等法律效力。如您使用淘宝平台服务，视为您同意上述补充协
议。<br/><br/>三、 账户注册与使用<br/><strong>3.1 用户资格</strong><br/>您确认，在您开始注册程序使用淘宝平台服务前，您应当具备中华人民共和国法律规定的与您行为相适应的民事行为能力。若您不具备前述与您行为相适应的民事行为能力，则您及您的监护人应依照法律规定承担因此而导致的一切后果。<br/></p>','64','221','2015-08-20 09:56:31');/* MySQLReback Separation */
 /* 插入数据 `lx_article` */
 INSERT INTO `lx_article` VALUES ('35','商家入驻','商家入驻','商家入驻','<h2>招商入驻常见问题</h2><p><a href=\"http://service.tmall.com/support/tmall/8101369.htm?spm=3.21146.0.0.8qc6c3\">更多问题<em class=\"sui-font\"></em></a></p><h2>入驻流程类</h2><ul class=\" list-paddingleft-2\"><li><p><a href=\"http://service.tmall.com/support/tmall/knowledge-5088010.htm?spm=0.0.0.0.L5kCt7\">天猫新签报名入驻流程</a></p><p>hot</p></li><li><p><a href=\"http://service.tmall.com/support/tmall/knowledge-5489763.htm?spm=0.0.0.0.W9wMGr\">如何检测企业支付宝账户</a></p></li><li><p><a href=\"http://service.tmall.com/support/tmall/knowledge-5183687.htm?spm=0.0.0.0.DmYLDL\">天猫新商家什么时候绑定支付宝账户</a></p></li><li><p><a href=\"http://service.tmall.com/support/tmall/knowledge-6531075.htm\">检测支付宝时提示检测不通过，怎么办</a></p><p>new</p></li><li><p><a href=\"http://service.tmall.com/support/tmall/knowledge-1128689.htm?spm=0.0.0.0.mfGt9q\">支付宝实名认证相关问题</a></p></li><li><p><a href=\"http://service.tmall.com/support/tmall/knowledge-5994489.htm?spm=0.0.0.0.IhkI0J\">我入驻天猫审核不通过,可以在哪里查看原因</a></p></li></ul><h2>规则资费类</h2><ul class=\" list-paddingleft-2\"><li><p><a href=\"http://service.tmall.com/support/tmall/knowledge-5674836.htm?spm=0.0.0.0.EDSWCQ\">新商家入驻宝典-商标篇</a></p><p>hot</p></li><li><p><a href=\"http://service.tmall.com/support/tmall/knowledge-5971587.htm?spm=0.0.0.0.jNs1zc\">提交授权书有什么要求</a></p></li><li><p><a href=\"http://service.tmall.com/support/tmall/knowledge-5971570.htm?spm=0.0.0.0.SGB5EG\">提交产品清单有什么要求</a></p></li><li><p><a href=\"http://service.tmall.com/support/tmall/knowledge-5971177.htm?spm=0.0.0.0.fsnfd2\">2015年天猫收费标准是什么</a></p><p>hot</p></li><li><p><a href=\"http://service.tmall.com/support/tmall/knowledge-1198703.htm?spm=0.0.0.0.CgZ1Py\">跨类目经营怎样收取技术服务费年费</a></p></li><li><p><a href=\"http://service.tmall.com/support/tmall/knowledge-1204358.htm?spm=0.0.0.0.K7z2Ub\">天猫各个类目的扣点是怎样的</a></p></li></ul><h2>店铺管理类</h2><ul class=\" list-paddingleft-2\"><li><p><a href=\"http://service.tmall.com/support/tmall/knowledge-5418370.htm?spm=0.0.0.0.qIqfYF\">如何进入“天猫早知道”</a></p></li><li><p><a href=\"http://service.tmall.com/support/tmall/knowledge-904150.htm?spm=0.0.0.0.07X9V6\">怎么开通/添加子账号</a></p></li><li><p><a href=\"http://service.tmall.com/support/tmall/knowledge-1123410.htm?spm=0.0.0.0.vT5Y9v\">天猫卖家如何设置店铺自定义页面</a></p></li><li><p><a href=\"http://service.tmall.com/support/tmall/knowledge-1345310.htm?spm=0.0.0.0.lBODc5\">天猫商家可以修改店铺名吗</a></p></li><li><p><a href=\"http://service.tmall.com/support/tmall/knowledge-5202106.htm?spm=0.0.0.0.NI1cUn\">入驻后手机号以后可以修改吗</a></p></li><li><p><a href=\"http://service.tmall.com/support/tmall/knowledge-5439366.htm?spm=0.0.0.0.0Z2J3K\">账务中心简介</a></p></li></ul><h2>续签退出类</h2><ul class=\" list-paddingleft-2\"><li><p><a href=\"http://service.tmall.com/support/tmall/knowledge-5991696.htm\">天猫2016年度各类目续签考核标准FAQ</a></p><p>new</p></li><li><p><a href=\"http://service.tmall.com/support/tmall/knowledge-1123379.htm\">如何退出天猫</a></p></li><li><p><a href=\"http://service.tmall.com/support/tmall/knowledge-5603511.htm?spm=a2220.1740896.11004.23.YHjPVF\">关于商家资质维护的公告</a></p></li><li><p><a href=\"http://service.tmall.com/support/tmall/knowledge-5604684.htm?spm=a2220.1740896.11004.20.yA9PFM\">资质管理页面资质状态及相关操作说明</a></p></li><li><p><a href=\"http://service.tmall.com/support/tmall/knowledge-1199995.htm?spm=a2220.1740896.11004.21.yA9PFM\">天猫卖家申请退出天猫，保证金和技术服务费何时退还</a></p></li><li><p><a href=\"http://service.tmall.com/support/tmall/knowledge-1139229.htm?spm=a2220.1740896.11004.25.yA9PFM\">入驻天猫之后，能不能转换一下店铺的</a></p></li></ul><p><br/></p>','66','44','2015-08-20 09:57:35'),('36','商家中心','商家中心','商家中心','<ul class=\"tab-nav pagination list-paddingleft-2\"><li><p><a>1</a></p></li><li><p><a>2</a></p></li><li><p><a>3</a></p></li><li><p><a>4</a></p></li><li><p><a>5</a></p></li></ul><p><a href=\"https://mai.taobao.com/\">
 ','67','112','2015-08-20 10:28:52');/* MySQLReback Separation */
 /* 插入数据 `lx_article` */
 INSERT INTO `lx_article` VALUES ('38','物流服务','物流服务','物流服务','<ul class=\" list-paddingleft-2\"><li><p><a href=\"https://bbs.taobao.com/catalog/thread/567766-264034036.htm\">商家“保障速递”使用分享</a></p></li><li><p><a href=\"https://bbs.taobao.com/catalog/thread/567766-263881553.htm?spm=0.0.0.0.yze50R\">WMS仓储物流精细化管理</a></p></li><li><p><a href=\"https://bbs.taobao.com/catalog/thread/567766-263877061.htm?spm=0.0.0.0.yze50R\">双十一过亿GXG的物流之道</a></p></li><li><p><a href=\"https://bbs.taobao.com/catalog/thread/567766-258049078.htm?spm=0.0.0.0.yze50R\">物流这一短板你伤的起吗？</a></p></li><li><p><a href=\"https://bbs.taobao.com/catalog/thread/567766-258835007.htm?spm=3.385931.0.0.DCwws4\">超度快递给我多重感觉 赞！</a></p></li><li><p><a href=\"https://bbs.taobao.com/catalog/thread/567766-258814058.htm?spm=3.385931.0.0.DCwws4\">快速送达，不一样的感受！</a></p></li><li><p><a href=\"https://bbs.taobao.com/catalog/thread/567766-258869982.htm?spm=3.385931.0.0.DCwws4\">加入保障速递两个月 商家感言</a></p></li></ul><p><br/></p>','69','211','2015-08-20 10:30:26');/* MySQLReback Separation */
 /* 创建表结构 `lx_attribute` */
 DROP TABLE IF EXISTS `lx_attribute`;/* MySQLReback Separation */ CREATE TABLE `lx_attribute` (
  `id` int(11) unsigned NOT NULL AUTO_INCREMENT,
  `attr_name` varchar(255) NOT NULL DEFAULT '' COMMENT '属性名称',
  `attr_value` varchar(255) NOT NULL DEFAULT '' COMMENT '属性值',
  `attr_input_type` tinyint(2) DEFAULT '0' COMMENT '输入框类型0:文本框1:下拉框',
  `type_id` int(11) NOT NULL DEFAULT '0' COMMENT '类型id',
  `sort` varchar(255) DEFAULT '0' COMMENT '排序字段',
  `attr_price` double unsigned DEFAULT '0',
  PRIMARY KEY (`id`)
) ENGINE=MyISAM DEFAULT CHARSET=utf8 COMMENT='属性表';/* MySQLReback Separation */
 /* 创建表结构 `lx_auth` */
 DROP TABLE IF EXISTS `lx_auth`;/* MySQLReback Separation */ CREATE TABLE `lx_auth` (
  `id` int(10) unsigned NOT NULL AUTO_INCREMENT,
  `uid` int(8) unsigned NOT NULL,
  `group_id` mediumint(8) unsigned NOT NULL,
  PRIMARY KEY (`id`),
  UNIQUE KEY `uid_group_id` (`uid`,`group_id`),
  KEY `uid` (`uid`),
  KEY `group_id` (`group_id`)
) ENGINE=MyISAM AUTO_INCREMENT=71 DEFAULT CHARSET=utf8;/* MySQLReback Separation */
 /* 插入数据 `lx_auth` */
 INSERT INTO `lx_auth` VALUES ('14','15','99'),('15','17','3'),('16','18','3'),('17','19','3'),('18','21','3'),('19','25','6'),('20','24','6'),('21','26','8'),('22','27','7'),('23','23','6'),('24','22','6'),('25','28','3'),('26','32','6'),('27','31','6'),('28','30','6'),('29','29','6'),('30','36','6'),('31','35','6'),('32','37','6'),('33','38','8'),('34','39','6'),('35','48','3'),('36','49','3'),('37','50','6'),('38','47','0'),('39','51','3'),('40','52','3'),('41','53','6'),('42','54','3'),('43','55','8'),('44','57','6'),('45','58','3'),('46','59','6'),('47','60','6'),('48','61','6'),('49','62','6'),('50','63','6'),('51','64','6'),('52','65','6'),('53','66','6'),('54','67','6'),('55','68','6'),('56','69','6'),('57','70','6'),('58','72','6'),('59','71','8'),('60','73','7'),('61','75','6'),('62','76','6'),('63','77','7'),('64','78','6'),('65','79','6'),('66','80','6'),('67','81','8'),('68','83','6'),('69','84','3'),('70','85','100');/* MySQLReback Separation */
 /* 创建表结构 `lx_auth_access` */
 DROP TABLE IF EXISTS `lx_auth_access`;/* MySQLReback Separation */ CREATE TABLE `lx_auth_access` (
  `id` mediumint(8) unsigned NOT NULL AUTO_INCREMENT,
  `name` char(80) NOT NULL DEFAULT '',
  `title` char(20) NOT NULL DEFAULT '',
  `type` tinyint(1) NOT NULL DEFAULT '1',
  `status` tinyint(1) NOT NULL DEFAULT '1',
  `condition` char(100) NOT NULL DEFAULT '',
  PRIMARY KEY (`id`),
  UNIQUE KEY `name` (`name`)
) ENGINE=MyISAM AUTO_INCREMENT=25 DEFAULT CHARSET=utf8;/* MySQLReback Separation */
 /* 插入数据 `lx_auth_access` */
 INSERT INTO `lx_auth_access` VALUES ('1','htdl','后台登陆','1','1',''),('2','order','订单列表','1','1',''),('3','fw_order','服务网点-订单','1','1',''),('4','fz_order','分站-订单','1','1',''),('5','article','总站-文章管理','1','1',''),('6','sys','总站-系统管理','1','1',''),('7','yhgl','用户-分','1','1',''),('8','yhcx','用户-服','1','1',''),('10','adpos','广告位置','1','1',''),('11','ads','广告详情','1','1',''),('12','spin','商品管理','1','1',''),('13','gcate','商品分类','1','1',''),('14','gorder','供货商订单列表','1','1',''),('15','sorder','送货员订单列表','1','1',''),('19','qbrand','商品品牌','1','1',''),('20','gattr','商品类型','1','1',''),('16','adattr','商品类型的增删改','1','1',''),('17','pshop','商品评论','1','1',''),('18','gshop','商店设置','1','1',''),('21','index_sys','商品首页设置','1','1',''),('23','quanxian','权限调','1','1',''),('24','xzfz','主分站','1','1','');/* MySQLReback Separation */
 /* 创建表结构 `lx_auth_group` */
 DROP TABLE IF EXISTS `lx_auth_group`;/* MySQLReback Separation */ CREATE TABLE `lx_auth_group` (
  `id` mediumint(8) unsigned NOT NULL AUTO_INCREMENT COMMENT '用户组的 设定',
  `title` char(100) NOT NULL DEFAULT '',
  `status` tinyint(1) NOT NULL DEFAULT '1',
  `rules` char(80) NOT NULL DEFAULT '' COMMENT '规则的全部解释',
  `comment` varchar(100) DEFAULT NULL,
  PRIMARY KEY (`id`)
) ENGINE=MyISAM AUTO_INCREMENT=101 DEFAULT CHARSET=utf8;/* MySQLReback Separation */
 /* 插入数据 `lx_auth_group` */
 INSERT INTO `lx_auth_group` VALUES ('3','区域负责人','1','1,4,7,11,12,19,17,21','分站的最高权限'),('6','供货商','1','1,11,12,14,17,18','上货下货用的'),('7','卸货员','1','1,15','分站指定的送货人员'),('8','推广员','1','1,3,8','代理人'),('99','主站','1','1,23,24,5,6,13,20,2,12,10,11','超级'),('100','测试','1','1,2,3,4,5,6,7,8,10,11,12,13,14,15,16,17,18,19,20,21,22,23,24','测试');/* MySQLReback Separation */
 /* 创建表结构 `lx_brand` */
 DROP TABLE IF EXISTS `lx_brand`;/* MySQLReback Separation */ CREATE TABLE `lx_brand` (
  `brand_id` int(11) unsigned NOT NULL AUTO_INCREMENT,
  `brand_name` varchar(255) NOT NULL DEFAULT '',
  `brand_logo` varchar(255) DEFAULT NULL,
  `brand_desc` varchar(255) DEFAULT NULL,
  `site_url` varchar(255) DEFAULT NULL COMMENT '品牌官网',
  `sort` varchar(255) DEFAULT NULL COMMENT '排序字段',
  `group_id` tinyint(3) unsigned NOT NULL,
  `fz_id` int(10) unsigned DEFAULT NULL,
  PRIMARY KEY (`brand_id`)
) ENGINE=MyISAM AUTO_INCREMENT=120 DEFAULT CHARSET=utf8;/* MySQLReback Separation */
 /* 插入数据 `lx_brand` */
 INSERT INTO `lx_brand` VALUES ('26','统一','brand/2015-08-21/55d6efde68c01.jpg','统一企业中国控股有限公司（港交所：220）是台湾食品制造商统一企业旗下的控股公司','http://www.uni-president.com.cn/','1','2','19'),('34','宜家家具','brand/2015-08-19/55d473a9e8d8e.jpg','宜家宜家','http://www.meilele.com/article_cat-18/article-1827.html','3','1','19'),('36','思丽克','brand/2015-08-20/55d56df783b9e.jpg','思丽克思丽克思丽克','SILIK:http://www.silik.org.cn','3','1','19'),('33','康师傅','brand/2015-08-19/55d46de66659f.jpg','康师傅，只做最好的','http://www.masterkong.com.cn/?jdfwkey=omuz83','2','2','19'),('32','好丽友','brand/2015-08-21/55d6f04b7c2a2.jpg','好丽友巧克力派','http://www.uni-president.com.cn/','1','2','19'),('35','梅蒂奇','brand/2015-08-20/55d53ef050912.jpg','家居有限公司（VILLA MEDICI），简称“梅蒂奇','http://www.villamedici.cn','2','1','19'),('37','徐福记','brand/2015-08-20/55d56ddfad9d0.jpg','徐福记徐福记','http://www.hsufuchifoods.com/','3','2','19'),('38','C&amp;A','brand/2015-08-20/55d56dc7468a4.jpg','c&amp;a，最认真的品牌','http://www.canda.cn/','1','3','19'),('39','cache','brand/2015-08-20/55d53f721f992.jpg','csche.好牌子','http://m.canda.cn/','2','3','19'),('40','海澜之家','brand/2015-08-20/55d535218f7a8.jpg','男人的衣柜','http://m.canda.cn','3','3','19'),('41','阿里巴巴旅游','brand/2015-08-20/55d5343fc05d3.jpg','新进大牌','http://www.taobao.cn/','1','4','19'),('42','携程旅游','brand/2015-08-20/55d53fa4be43b.jpg','伴随您一生','http://m.ctrip.com/html5','2','4','19'),('43','途牛旅游','brand/2015-08-20/55d533b0d2fda.jpg','途牛旅游','http://zzly8.com','3','4','19'),('44','方特水上乐园','brand/2015-08-20/55d533603df73.jpg','方特','http://zzly8.com','1','5','19'),('45','钱柜k歌','brand/2015-08-20/55d533533decd.jpg','钱柜','http://zzly8.com','2','5','19'),('46','丰乐葵园','brand/2015-08-20/55d532f6e1ab2.jpg','丰乐','http://zzly8.com','3','5','19'),('47','卡姿兰','brand/2015-08-20/55d532cf35e21.jpg','卡姿兰美妆','http://lightapp.baidu.com','1','6','19'),('48','菲诗小铺','brand/2015-08-20/55d5329163776.jpg','韩国品牌','http://lightapp.baidu.com','2','6','19'),('49','珀莱雅','brand/2015-08-20/55d532367de29.jpg','珀莱雅','http://lightapp.baidu.com','3','6','19'),('50','海尔','brand/2015-08-20/55d53f8ee92c3.jpg','海尔，中国制造','http://m.ehaier.com','1','7','19'),('51','康佳','brand/2015-08-20/55d53f810c850.jpg','康佳电视','http://m.ehaier.com','2','7','19'),('52','西门子','brand/2015-08-20/55d53f48445e0.jpg','家电','http://m.ehaier.com','2','7','19'),('53','尼康','brand/2015-08-20/55d53f347fe7f.jpg','尼康相机','http://m.ehaier.com','1','8','19'),('54','索尼','brand/2015-08-20/55d53f15a83f3.jpg','索尼相机','http://m.ehaier.com','2','8','19'),('55','联想','brand/2015-08-20/55d53f09b11cf.jpg','联想','http://m.ehaier.com','3','8','19'),('56','宇通客车','brand/2015-08-20/55d530bc65d0c.jpg','郑州宇通9','http://m.yutong.com/?hmsr=bdpz&amp;hmmd=wuxian&amp;hmpl=201410&amp;hmkw=biaoti_3g&amp;hmci=','1','9','19'),('57','奔驰','brand/2015-08-20/55d530825a30a.jpg','奔驰s系列','http://m.yutong.com/?hmsr=bdpz&amp;hmmd=wuxian&amp;hmpl=201410&amp;hmkw=biaoti_3g&amp;hmci=','2','9','19'),('58','宝马','brand/2015-08-20/55d53039aa125.jpg','宝马g系列','http://m.yutong.com/?hmsr=bdpz&amp;hmmd=wuxian&amp;hmpl=201410&amp;hmkw=biaoti_3g&amp;hmci=','3','9','19'),('59','梅蒂奇','brand/2015-08-20/55d54147cb70c.jpg','外国牌子','http://www.villamedici.cn','1','1','17'),('60','卡帕奈利','brand/2015-08-20/55d54154153d1.jpg','卡帕奈利','http://www.silik.org.cn','2','1','17'),('61','博莱思','brand/2015-08-20/55d541f389f7a.jpg','博莱思博莱思','http://www.silik.org.cn','3','1','17'),('62','徐福记','brand/2015-08-20/55d5422000678.jpg','徐福','http://www.hsufuchifoods.com/','1','2','17'),('63','统一食品','brand/2015-08-20/55d5424edf3a3.jpg','统一','http://www.hsufuchifoods.com/','2','2','17'),('64','康师傅','brand/2015-08-20/55d54271c7c9f.jpg','康师傅','http://www.hsufuchifoods.com/','3','2','17'),('65','太平鸟','brand/2015-08-20/55d5428773216.jpg','太平鸟','http://m.canda.cn/','1','3','17'),('66','ca','brand/2015-08-20/55d54263322bc.jpg','ca','http://m.canda.cn/','2','3','17'),('67','hm','brand/2015-08-20/55d5423eb2915.jpg','hm','http://m.canda.cn/','3','3','17'),('68','郑州旅游','brand/2015-08-20/55d542337bb93.jpg','郑州','http://zzly8.com','1','4','17'),('69','携程网','brand/2015-08-20/55d5420830696.jpg','携程','http://m.canda.cn/','2','4','17'),('70','途牛','brand/2015-08-20/55d541dc33f2a.jpg','途牛','http://m.canda.cn/','2','4','17'),('71','k歌之家','brand/2015-08-20/55d541cc3e77a.jpg','k歌','http://m.canda.cn/','1','5','17'),('72','港湾','brand/2015-08-20/55d5418e6d363.jpg','茶餐厅','http://m.canda.cn/','2','5','17'),('73','欢乐谷','brand/2015-08-20/55d5416c6d39a.jpg','深圳','http://m.canda.cn/','3','5','17');/* MySQLReback Separation */
 /* 插入数据 `lx_brand` */
 INSERT INTO `lx_brand` VALUES ('74','卡姿兰','brand/2015-08-20/55d5413a08aae.jpg','卡姿兰','http://www.ctrip.com/?mctrip=F','1','6','17');/* MySQLReback Separation */
 /* 插入数据 `lx_brand` */
 INSERT INTO `lx_brand` VALUES ('75','菲诗小铺','brand/2015-08-20/55d5412cdb2d7.jpg','菲诗小铺','http://www.ctrip.com/?mctrip=F','2','6','17'),('76','兰亭','brand/2015-08-20/55d5411b805bd.jpg','兰亭','http://www.ctrip.com','3','6','17'),('77','海尔','brand/2015-08-20/55d540dce0689.jpg','海尔','http://m.ehaier.com','1','7','17'),('78','康佳','brand/2015-08-20/55d540d04eb98.jpg','康佳电视','http://m.ehaier.com','2','7','17'),('79','西门子','brand/2015-08-20/55d540bd15924.jpg','西门子家电','http://m.ehaier.com','2','7','17'),('80','索尼','brand/2015-08-20/55d540af5b343.jpg','相机','http://m.ehaier.com','1','8','17'),('81','联想','brand/2015-08-20/55d540a1c43d3.jpg','','http://m.ehaier.com','2','7','17'),('82','三星','brand/2015-08-20/55d54096f0470.jpg','三星','http://m.ehaier.com','2','8','17'),('83','宇通客车','brand/2015-08-20/55d5408944361.jpg','宇通','http://m.ehaier.com','1','9','17'),('84','玛莎拉蒂','brand/2015-08-20/55d5407b9d605.jpg','玛莎拉蒂总裁','http://m.ehaier.com','2','9','17'),('85','保时捷','brand/2015-08-20/55d5403e2bb99.jpg','保时捷','http://m.ehaier.com','3','9','17'),('86','小米','brand/2015-08-20/55d57275ee516.jpg','小米手机','http://www.mi.com/index.html','23','8','19'),('87','华为','brand/2015-08-20/55d572a0e6d2a.jpg','华为手机','http://huawei.com','6','8','19'),('88','魅族','brand/2015-08-20/55d572df93186.jpg','魅族手机','http://www.meizu.com/?refcode=baidu_pinzuan&amp;utm_source=baidupz&amp;utm_medium=cpc&amp;utm_term=meizu_baidupz_aee4956b7a44c8ac_20150817','7','8','19'),('89',' 卫群','brand/2015-08-26/55dd170d0669e.jpg','精纯食用盐400g/袋','http://wsq.cccuu.com/','品质纯正好滋味，优质井矿盐','2','48'),('90','阿依莲','brand/2015-08-28/55dfce9d65478.jpg','或多或少','http://www.meizu.com','1232','3','52'),('91','诚信果业','brand/2015-08-28/55dffa773c10c.jpg','ghhh','http://www.uni-president.com.cn/','13','2','54'),('92','亚宝','brand/2015-08-28/55e00b6dc7856.jpg','sds','http://m.ctrip.com/html5','999','1','54'),('93','yyy','brand/2015-08-28/55e00b88e24f0.jpg','sssss','http://www.uni-president.com.cn','99','3','54'),('104','奔驰','brand/2015-09-01/55e5539bd522c.jpg','奔驰','http://wsq.cccuu.com/','100','9','58'),('105','宝马','brand/2015-09-01/55e55413a3eb4.jpg','宝马','http://wsq.cccuu.com/','100','9','58'),('96','雅宝','brand/2015-08-29/55e154a01fd06.jpg','雅宝家具是一家专业从事中、高档家具设计、生产、销售的全国连锁企业，公司创建于1996年，2001年在香港登记注册为“雅宝国际家具（香港）有限公司”。公司下设家具总厂、沙发厂、餐厅家具厂、床垫厂、板材加工厂、玻璃厂和包装材料厂七大分厂，共有员工1500余人。公司新工厂位于河南省重点产业积聚区——管城区金岱工业园区内，占地面积110余亩，总建筑面积62000平方米。经公司授权的专卖店已达1000余家，分布在全国20多个省份300余座大、中型城市和地区，拥有强大的品牌优势及良好的质量口碑。','http://wsq.cccuu.com/','1000','1','58'),('97','海之生活馆','brand/2015-08-30/55e25a5954c9a.jpg','海之澜生活馆','http://wsq.cccuu.com/index.php/Home/Shop/shop/shop_id/65.html','1000','2','58'),('103','爱美肌','brand/2015-09-01/55e5245525fc7.jpg','爱美肌  爱上你的肌肤','http://wsq.cccuu.com/index.php/Home/Index/index.html','99999999','6','58'),('99','海之澜床垫','brand/2015-09-01/55e50ab71cefc.jpg','海之澜床垫','http://wsq.cccuu.com/index.php/Home/Shop/shop/shop_id/65.html','100','1','58'),('100','海之澜手机专卖','brand/2015-09-01/55e50b999015d.jpg','海之澜手机专卖','http://wsq.cccuu.com/index.php/Home/Shop/shop/shop_id/69.html','100','8','58'),('101',' 海之澜家电专卖','brand/2015-09-01/55e51b4c8d62c.jpg',' 海之澜家电专卖','http://wsq.cccuu.com/index.php/Home/Shop/shop/shop_id/59.html','100','7','58'),('102','瑞倪维尔','brand/2015-09-01/55e51fb8aba06.jpg','瑞倪维尔','http://wsq.cccuu.com/index.php/Home/Index/index.html','100','6','58'),('106','大众','brand/2015-09-01/55e55864af007.jpg','大众','http://wsq.cccuu.com/','100','9','58'),('107','奥迪','brand/2015-09-01/55e55888f3c79.jpg','奥迪','http://wsq.cccuu.com/','100','9','58'),('108','海之澜旅行社','brand/2015-09-01/55e559ba3da0c.jpg','海之澜旅行社','http://wsq.cccuu.com/','100','4','58'),('109','海之澜娱乐','brand/2015-09-01/55e55f985935d.jpg','海之澜娱乐','http://wsq.cccuu.com/','100','5','58'),('110','伊利','brand/2015-09-01/55e564ae4a349.jpg','伊利','http://wsq.cccuu.com/','100','2','58'),('111','蓝月亮','brand/2015-09-01/55e56514bcf76.jpg','蓝月亮','http://wsq.cccuu.com/','100','6','58'),('112','京润珍珠','brand/2015-09-01/55e5658f6d3dc.jpg','京润珍珠','http://wsq.cccuu.com/','1000','6','58'),('113','梦舒雅','brand/2015-09-01/55e565aeb9a20.jpg','梦舒雅','http://wsq.cccuu.com/','100','3','58'),('114','香奈儿','brand/2015-09-01/55e56608ccfce.jpg','香奈儿','http://wsq.cccuu.com/','100','3','58');/* MySQLReback Separation */
 /* 插入数据 `lx_brand` */
 INSERT INTO `lx_brand` VALUES ('116','佳乐佳','brand/2015-09-04/55e95d4ba2b1b.jpg','','http://wsq.cccuu.com/','100','1','58');/* MySQLReback Separation */
 /* 插入数据 `lx_brand` */
 INSERT INTO `lx_brand` VALUES ('117','测试内容','brand/2015-09-07/55ed455bcba36.jpg','只是测试的内容','http://www.baidu.com','9','1','85'),('118','asxsadssd','','asasxasx','http://www.baidu.com','12','1','85'),('119','sdfgsdfgdsfgdfg','','sdfasdf','http://www.baidu.com','1','2','85');/* MySQLReback Separation */
 /* 创建表结构 `lx_car` */
 DROP TABLE IF EXISTS `lx_car`;/* MySQLReback Separation */ CREATE TABLE `lx_car` (
  `id` int(10) unsigned NOT NULL AUTO_INCREMENT,
  `sp_id` int(10) unsigned DEFAULT NULL COMMENT '商品id',
  `g_price` decimal(10,2) unsigned DEFAULT NULL,
  `num` smallint(3) unsigned DEFAULT NULL,
  `up_id` int(10) unsigned DEFAULT NULL COMMENT '用户id',
  `ghs_id` int(10) unsigned DEFAULT NULL COMMENT '供货商id',
  `c_time` int(11) unsigned DEFAULT NULL,
  `goods_attr_id` int(11) unsigned NOT NULL COMMENT '商品属性id',
  PRIMARY KEY (`id`)
) ENGINE=MyISAM AUTO_INCREMENT=88 DEFAULT CHARSET=utf8;/* MySQLReback Separation */
 /* 创建表结构 `lx_category` */
 DROP TABLE IF EXISTS `lx_category`;/* MySQLReback Separation */ CREATE TABLE `lx_category` (
  `cat_id` int(11) unsigned NOT NULL AUTO_INCREMENT,
  `cat_name` varchar(255) NOT NULL DEFAULT '',
  `keywords` varchar(255) DEFAULT NULL COMMENT '分类关键字',
  `description` varchar(255) DEFAULT NULL COMMENT '分类描述',
  `parent_id` int(255) unsigned DEFAULT NULL COMMENT '上级id',
  `sort` varchar(255) DEFAULT NULL COMMENT '排序字段',
  `path` varchar(255) DEFAULT NULL,
  `pid` int(11) unsigned NOT NULL,
  `admin_id` int(11) unsigned NOT NULL,
  `ctype` tinyint(1) unsigned NOT NULL DEFAULT '0' COMMENT '0:管理员；1：供货商',
  `group_id` tinyint(2) unsigned NOT NULL,
  PRIMARY KEY (`cat_id`)
) ENGINE=MyISAM AUTO_INCREMENT=347 DEFAULT CHARSET=utf8;/* MySQLReback Separation */
 /* 插入数据 `lx_category` */
 INSERT INTO `lx_category` VALUES ('43','女装/内衣','女装','女装','','123','0','0','15','0','3'),('44','男装/运动户外','男装','男装','','123','0','0','15','0','3'),('46','女鞋/男鞋/箱包','鞋子','鞋子','','1231','0','0','15','0','3'),('99','个人化妆品/护肤品','个人化妆品','个人化妆品','','222','0','0','15','0','6'),('48','零食/茶酒饮料','零食茶酒饮料','零食茶酒饮料','','145','0','0','15','0','2'),('49','大家电/生活家电','电器','家用电器','','146','0','0','15','0','7'),('50','手机/数码/照相','数码','数码产品','','149','0','0','15','0','8'),('52','内衣市场','女装','女装女神','43','1','43-0','43','15','0','3'),('53','家居建材','家居建材','家居建材','','123','0','0','15','0','1'),('54','女装市场','国际品牌','品牌','43','2','43-0','43','15','0','3'),('55','腕表/珠宝饰品','珠宝饰品','珠宝饰品','','134','0','0','15','0','3'),('56','汽车/配件','汽车','汽车','','156','0','0','15','0','9'),('57','家纺/布艺','家纺','家纺','','189','0','0','15','0','1'),('58','医药保健','医药保健','医药保健','','145','0','0','15','0','1'),('59','厨房收纳','厨房收纳','厨房收纳','','12','0','0','15','0','1'),('60','休闲娱乐','休闲娱乐','休闲娱乐','','124','0','0','15','0','5'),('100','美妆','美妆','美妆','99','123','99-0','99','15','0','6'),('62','精品男装','精品男装','精品男装','44','134','44-0','44','15','0','3'),('63','运动/户外鞋服','运动','运动','44','123','44-0','44','15','0','3'),('64','秋季新品','秋季新品','秋季新品','54','123','54-43-0','54','15','0','3'),('65','品牌女装','品牌女装','品牌女装','54','123','54-43-0','54','15','0','3'),('66','超美少女','超美少女','超美少女','54','123','54-43-0','54','15','0','3'),('67','连衣裙','连衣裙','连衣裙','54','567','54-43-0','54','15','0','3'),('68','针织衫','针织衫','针织衫','54','134','54-43-0','54','15','0','3'),('69','休闲裤','休闲裤','休闲裤','54','134','54-43-0','54','15','0','3'),('70','风衣','风衣','风衣','54','125','54-43-0','54','15','0','3'),('71','文胸','文胸','文胸','52','123','52-43-0','52','15','0','3'),('72','聚拢文胸','聚拢文胸','聚拢文胸','52','145','52-43-0','52','15','0','3'),('73','薄款文胸','薄款文胸','薄款文胸','52','123','52-43-0','52','15','0','3'),('74','女式内裤','女式内裤','女式内裤','52','156','52-43-0','52','15','0','3'),('75','男装换新','男装换新','男装换新','62','145','62-44-0','62','15','0','3'),('76','夏季清仓','夏季清仓','夏季清仓','62','156','62-44-0','62','15','0','3'),('77','休闲裤','休闲裤','休闲裤','62','167','62-44-0','62','15','0','3'),('78','牛仔裤','牛仔裤','牛仔裤','62','167','62-44-0','62','15','0','3'),('79','跑步鞋','跑步鞋','跑步鞋','63','678','63-44-0','63','15','0','3'),('80','运动鞋','运动鞋','运动鞋','63','123','63-44-0','63','15','0','3'),('81','篮球鞋','篮球鞋','篮球鞋','63','456','63-44-0','63','15','0','3'),('82','足球鞋','足球鞋','足球鞋','63','345','63-44-0','63','15','0','3'),('83','运动外套','运动外套','运动外套','63','134','63-44-0','63','15','0','3'),('84','女鞋馆','女鞋馆','女鞋馆','46','156','46-0','46','15','0','3'),('85','男鞋馆','男鞋馆','男鞋馆','46','145','46-0','46','15','0','3'),('86','箱包馆','箱包馆','箱包馆','46','235','46-0','46','15','0','3'),('87','单肩女包','单肩女包','单肩女包','86','12','86-46-0','86','15','0','3'),('88','手提女包','手提女包','手提女包','86','14','86-46-0','86','15','0','3'),('89','斜跨女包','斜跨女包','斜跨女包','86','24','86-46-0','86','15','0','3'),('90','女士双肩','女士双肩','女士双肩','86','15','86-46-0','86','15','0','3'),('91','女士钱包','女士钱包','女士钱包','86','17','86-46-0','86','15','0','3'),('92','帆布鞋','帆布鞋','帆布鞋','85','23','85-46-0','85','15','0','3'),('93','板鞋','板鞋','板鞋','85','11','85-46-0','85','15','0','3'),('94','休闲鞋','休闲鞋','休闲鞋','85','14','85-46-0','85','15','0','3'),('95','帆布鞋','帆布鞋','帆布鞋','84','56','84-46-0','84','15','0','3'),('96','平底鞋','平底鞋','平底鞋','84','45','84-46-0','84','15','0','3'),('97','高跟鞋','高跟鞋','高跟鞋','84','41','84-46-0','84','15','0','3'),('98','坡跟鞋','坡跟鞋','坡跟鞋','84','1111','84-46-0','84','15','0','3'),('101','彩妆','彩妆','彩妆','99','234','99-0','99','15','0','6'),('102','个人护理','个人护理','个人护理','99','245','99-0','99','15','0','6'),('103','洗发水','洗发水','洗发水','102','134','102-99-0','102','15','0','6'),('104','护发素','护发素','护发素','102','124','102-99-0','102','15','0','6'),('105','牙膏','牙膏','牙膏','102','123','102-99-0','102','15','0','6'),('106','牙刷','牙刷','牙刷','102','211','102-99-0','102','15','0','6'),('107','香水','香水','香水','101','34','101-99-0','101','15','0','6'),('108','BB霜','BB霜','BB霜','101','123','101-99-0','101','15','0','6');/* MySQLReback Separation */
 /* 插入数据 `lx_category` */
 INSERT INTO `lx_category` VALUES ('109','口红','口红','口红','101','345','101-99-0','101','15','0','6');/* MySQLReback Separation */
 /* 插入数据 `lx_category` */
 INSERT INTO `lx_category` VALUES ('110','唇膏','唇膏','唇膏','101','67','101-99-0','101','15','0','6'),('111','面膜','面膜','面膜','100','21','100-99-0','100','15','0','6'),('112','护肤套装','护肤套装','护肤套装','100','178','100-99-0','100','15','0','6'),('113','防晒霜','防晒霜','防晒霜','100','41','100-99-0','100','15','0','6'),('114','爽肤水','爽肤水','爽肤水','100','45','100-99-0','100','15','0','6'),('115','娱乐','娱乐','娱乐','60','156','60-0','60','15','0','5'),('116','电影城','电影城','电影城','115','51','115-60-0','115','15','0','5'),('117','游乐场','游乐场','游乐场','115','211','115-60-0','115','15','0','5'),('118','厨房餐饮','厨房餐饮','厨房餐饮','59','78','59-0','59','15','0','1'),('119','居家收纳','居家收纳','居家收纳','59','890','59-0','59','15','0','1'),('120','晾衣架','晾衣架','晾衣架','119','341','119-59-0','119','15','0','1'),('121','收纳柜','收纳柜','收纳柜','119','231','119-59-0','119','15','0','1'),('122','收纳袋','收纳袋','收纳袋','119','232','119-59-0','119','15','0','1'),('123','水杯','水杯','水杯','118','234','118-59-0','118','15','0','1'),('124','玻璃杯','玻璃杯','玻璃杯','118','235','118-59-0','118','15','0','1'),('125','锅','锅','锅','118','236','118-59-0','118','15','0','1'),('126','炒锅','炒锅','炒锅','118','237','118-59-0','118','15','0','1'),('127','医药健康','医药健康','医药健康','58','238','58-0','58','15','0','1'),('128','感冒咳嗽','感冒咳嗽','感冒咳嗽','127','239','127-58-0','127','15','0','1'),('129','皮肤瘙痒','皮肤瘙痒','皮肤瘙痒','127','240','127-58-0','127','15','0','1'),('130','肠胃用药','肠胃用药','肠胃用药','127','241','127-58-0','127','15','0','1'),('131','减肥瘦身','减肥瘦身','减肥瘦身','127','242','127-58-0','127','15','0','1'),('132','家纺','家纺','家纺','57','245','57-0','57','15','0','1'),('133','凉席','凉席','凉席','132','246','132-57-0','132','15','0','1'),('134','竹席','竹席','竹席','132','230','132-57-0','132','15','0','1'),('135','蚊帐','蚊帐','蚊帐','132','43','132-57-0','132','15','0','1'),('136','纯棉夏被','纯棉夏被','纯棉夏被','132','61','132-57-0','132','15','0','1'),('137','汽车生活馆','汽车生活馆','汽车生活馆','56','133','56-0','56','15','0','9'),('138','宝马','宝马','宝马','137','2223','137-56-0','137','15','0','9'),('139','奔驰','奔驰','奔驰','137','224','137-56-0','137','15','0','9'),('140','奥迪','奥迪','奥迪','137','114','137-56-0','137','15','0','9'),('141','大众','大众','大众','137','116','137-56-0','137','15','0','9'),('142','珠宝饰品','珠宝饰品','珠宝饰品','55','112','55-0','55','15','0','3'),('143','转运珠','转运珠','转运珠','142','441','142-55-0','142','15','0','3'),('144','黄金','黄金','黄金','142','512','142-55-0','142','15','0','3'),('145','钻石','钻石','钻石','142','113','142-55-0','142','15','0','3'),('146','家装','家装','家装','53','552','53-0','53','15','0','1'),('147','沙发','沙发','沙发','146','1145','146-53-0','146','15','0','1'),('148','欧式沙发','欧式沙发','欧式沙发','146','225','146-53-0','146','15','0','1'),('149','单人沙发','单人沙发','单人沙发','146','225','146-53-0','146','15','0','1'),('150','懒人沙发','懒人沙发','懒人沙发','146','557','146-53-0','146','15','0','1'),('151','热卖手机','热卖手机','热卖手机','50','332','50-0','50','15','0','8'),('152','魅族手机','魅族手机','魅族手机','151','113','151-50-0','151','15','0','8'),('153','小米特供','小米特供','小米特供','151','335','151-50-0','151','15','0','8'),('154','华为荣耀','华为荣耀','华为荣耀','151','661','151-50-0','151','15','0','8'),('155','三星盖乐世','三星盖乐世','三星盖乐世','151','226','151-50-0','151','15','0','8'),('156','电脑办公','电脑办公','电脑办公','50','1234','50-0','50','15','0','8'),('157','笔记本','笔记本','笔记本','156','54','156-50-0','156','15','0','8'),('158','平板电脑','平板电脑','平板电脑','156','14','156-50-0','156','15','0','8'),('159','品牌台式机','品牌台式机','品牌台式机','156','113','156-50-0','156','15','0','8'),('160','大家电','大家电','大家电','49','23','49-0','49','15','0','7'),('161','冰箱','冰箱','冰箱','160','22','160-49-0','160','15','0','7'),('162','洗衣机','洗衣机','洗衣机','160','223','160-49-0','160','15','0','7'),('163','空调','空调','空调','160','224','160-49-0','160','15','0','7'),('164','厨房生活','厨房生活','厨房生活','49','71','49-0','49','15','0','7'),('165','电磁炉','电磁炉','电磁炉','164','42','164-49-0','164','15','0','7'),('166','微波炉','微波炉','微波炉','164','225','164-49-0','164','15','0','7'),('167','榨汁机','榨汁机','榨汁机','164','114','164-49-0','164','15','0','7'),('168','酒水饮料','酒水饮料','酒水饮料','48','116','48-0','48','15','0','2'),('266','牛奶','牛奶','牛奶','168','100','168-48-0','168','15','0','2');/* MySQLReback Separation */
 /* 插入数据 `lx_category` */
 INSERT INTO `lx_category` VALUES ('263','白酒','白酒','白酒','168','111','168-48-0','168','15','0','2');/* MySQLReback Separation */
 /* 插入数据 `lx_category` */
 INSERT INTO `lx_category` VALUES ('171','茶叶','茶叶','茶叶','168','14','168-48-0','168','15','0','2'),('259','啤酒','','','168','172','168-48-0','168','15','0','2'),('173','食品','五谷杂粮','五谷杂粮','48','224','48-0','48','15','0','2'),('279','五谷杂粮','五谷杂粮','五谷杂粮','173','110','173-48-0','173','15','0','2'),('303','空调','','','163','','163-160-49-0','163','76','1','0'),('275','各类水果','各类水果','各类水果','173','103','173-48-0','173','15','0','2'),('178','新品首发1','','','71','6','71-52-43-0','71','22','1','0'),('179','女装','','','65','5','65-54-43-0','65','22','1','0'),('180','男装','','','75','4','75-62-44-0','75','22','1','0'),('181','畅销商品','','','65','3','65-54-43-0','65','22','1','0'),('182','sale','','','65','1','65-54-43-0','65','22','1','0'),('183','新品爆款','','','64','','64-54-43-0','64','25','1','0'),('184','小米手机热卖','','','153','','153-151-50-0','153','23','1','0'),('185','小米Note专区','','','153','','153-151-50-0','153','23','1','0'),('186','小米4专卖','','','153','','153-151-50-0','153','23','1','0'),('187','红米 Note 专卖','','','153','','153-151-50-0','153','23','1','0'),('188','畅销产品22','','','96','','96-84-46-0','96','24','1','0'),('189','女装','','','64','','64-54-43-0','64','24','1','0'),('190','护肤2','','','112','','112-100-99-0','112','24','1','0'),('264','啤酒','啤酒','啤酒','259','121','259-168-48-0','259','15','0','2'),('193','新品家居','','','147','','147-146-53-0','147','30','1','0'),('194','方特旅游','','','117','','117-115-60-0','117','31','1','0'),('195','途牛旅游','','','117','','117-115-60-0','117','32','1','0'),('196','卡姿兰系列','','','109','','109-101-99-0','109','35','1','0'),('197','海尔新品','','','163','','163-160-49-0','163','36','1','0'),('198','玛莎拉蒂','','','147','','147-146-53-0','147','37','1','0'),('199','手机','','','152','','152-151-50-0','152','24','1','0'),('200','国内旅游','国内旅游','国内旅游','','21','0','0','15','0','4'),('201','华东地区','华东地区','华东地区','200','123','200-0','200','15','0','4'),('202','华南地区','华南地区','华南地区','200','123','200-0','200','15','0','4'),('203','丽江','丽江','丽江','202','321','202-200-0','202','15','0','4'),('204','大理','大理','大理','202','123','202-200-0','202','15','0','4'),('205','鼓浪屿','鼓浪屿','鼓浪屿','202','321','202-200-0','202','15','0','4'),('206','青海','青海','青海','201','124','201-200-0','201','15','0','4'),('207','杭州','杭州','杭州','201','234','201-200-0','201','15','0','4'),('208','大溪地','','','205','','205-202-200-0','205','39','1','0'),('209','国外游','','','207','','207-201-200-0','207','22','1','0'),('210','ktv','','','117','','117-115-60-0','117','22','1','0'),('211','超好玩','','','117','','117-115-60-0','117','22','1','0'),('212','新品爆款','','','111','','111-100-99-0','111','22','1','0'),('213','新品上市','','','109','','109-101-99-0','109','22','1','0'),('214','爆款啦','','','163','','163-160-49-0','163','22','1','0'),('215','热卖区','','','162','','162-160-49-0','162','22','1','0'),('216','新品上市','','','138','','138-137-56-0','138','22','1','0'),('217','境外旅游','境外旅游','境外旅游','','123','0','0','15','0','4'),('218','','','','153','','153-151-50-0','153','22','1','0'),('219','','','','153','','153-151-50-0','153','22','1','0'),('220','','','','153','','153-151-50-0','153','22','1','0'),('221','123','','','153','','153-151-50-0','153','22','1','0'),('222','123','','','154','','154-151-50-0','154','22','1','0'),('276','各类水果','','','275','','275-173-48-0','275','65','1','0'),('225','新品上市','','','79','','79-63-44-0','79','53','1','0'),('226','诚信','','','66','99','66-54-43-0','66','57','1','0'),('227','数组','','','66','','66-54-43-0','66','57','1','0'),('230','爱美肌','','','112','','112-100-99-0','112','59','1','0'),('231','聚拢内衣','','','72','','72-52-43-0','72','60','1','0'),('232','语微曼聚拢内衣','','','72','河南省新乡市长垣县','72-52-43-0','72','60','1','0'),('233','美特斯邦威','','','75','不走寻常路','75-62-44-0','75','61','1','0'),('271','食品','休闲食品','休闲零食','168','100','168-48-0','168','15','0','2'),('236','你的选择','','','108','','108-101-99-0','108','61','1','0'),('237','','','','81','','81-63-44-0','81','61','1','0'),('238','手表','','','143','','143-142-55-0','143','62','1','0'),('239','手表','','','143','','143-142-55-0','143','62','1','0'),('240','手表','','','143','','143-142-55-0','143','62','1','0'),('241','牛皮沙发','','','147','','147-146-53-0','147','64','1','0'),('242','五谷杂粮','','','123','','123-118-59-0','123','65','1','0'),('243','水果','','','123','','123-118-59-0','123','65','1','0'),('244','蔬菜','','','125','','125-118-59-0','125','65','1','0'),('245','','','','70','','70-54-43-0','70','68','1','0'),('246','','','','74','','74-52-43-0','74','68','1','0'),('247','','','','74','','74-52-43-0','74','68','1','0'),('248','','','','70','','70-54-43-0','70','68','1','0');/* MySQLReback Separation */
 /* 插入数据 `lx_category` */
 INSERT INTO `lx_category` VALUES ('270','','','','111','','111-100-99-0','111','59','1','0');/* MySQLReback Separation */
 /* 插入数据 `lx_category` */
 INSERT INTO `lx_category` VALUES ('269','','','','111','','111-100-99-0','111','58','1','0'),('268','饮料','','','267','','267-168-48-0','267','65','1','0'),('267','饮料','饮料','饮料','168','264','168-48-0','168','15','0','2'),('265','啤酒','','','259','','259-168-48-0','259','65','1','0'),('278','','','','154','','154-151-50-0','154','69','1','0'),('260','崂山啤酒','','','259','','259-168-48-0','259','65','1','0'),('272','食品','','','271','','271-168-48-0','271','65','1','0'),('273','香烟','香烟','香烟','48','101','48-0','48','15','0','2'),('274','厨房用品','','','271','','271-168-48-0','271','65','1','0'),('277','床','','','148','','148-146-53-0','148','64','1','0'),('280','蔬菜','蔬菜','蔬菜','173','101','173-48-0','173','15','0','2'),('281','油盐酱醋','油盐酱醋','油盐酱醋','173','112','173-48-0','173','15','0','2'),('282','五谷杂粮','','','279','','279-173-48-0','279','65','1','0'),('283','蔬菜','','','280','','280-173-48-0','280','65','1','0'),('284','眼霜','眼霜','眼霜','100','1','100-99-0','100','15','0','6'),('285','牛奶','','','266','','266-168-48-0','266','65','1','0'),('286','油盐酱醋','','','281','','281-173-48-0','281','65','1','0'),('287','','','','155','','155-151-50-0','155','69','1','0'),('304','电视','电视','电视','160','1','160-49-0','160','15','0','7'),('288',' 手机','手机','手机','151','15','151-50-0','151','15','0','8'),('289','副食','副食','副食','173','16','173-48-0','173','15','0','2'),('290','SamSung/三星','','','288','','288-151-50-0','288','69','1','0'),('291','副食','','','289','','289-173-48-0','289','65','1','0'),('292','小米','','','288','','288-151-50-0','288','69','1','0'),('293','OPPO','','','288','','288-151-50-0','288','69','1','0'),('294','床垫','','','148','','148-146-53-0','148','64','1','0'),('295','床垫','床垫','床垫','146','11','146-53-0','146','15','0','1'),('296','海之澜床垫','','','295','','295-146-53-0','295','64','1','0'),('297','华为','','','288','','288-151-50-0','288','69','1','0'),('298','vivo','','','288','','288-151-50-0','288','69','1','0'),('299',' ','','','112','','112-100-99-0','112','59','1','0'),('300','瑞倪维尔','','','112','','112-100-99-0','112','59','1','0'),('301','韩妆代购','','','112','','112-100-99-0','112','59','1','0'),('302','Apple/苹果','','','288','','288-151-50-0','288','69','1','0'),('305','面膜','','','111','','111-100-99-0','111','59','1','0'),('306','Q7','','','140','','140-137-56-0','140','79','1','0'),('307','奔驰  S500','','','139','','139-137-56-0','139','79','1','0'),('308','宝马 750','','','138','','138-137-56-0','138','79','1','0'),('309','宝马X6','','','138','','138-137-56-0','138','79','1','0'),('310','宝马X5','','','138','','138-137-56-0','138','79','1','0'),('311','大众 辉腾','','','141','','141-137-56-0','141','79','1','0'),('312','大众  迈腾','','','141','','141-137-56-0','141','79','1','0'),('313','奥迪  Q7','','','140','','140-137-56-0','140','79','1','0'),('314','奥迪  A8','','','140','','140-137-56-0','140','79','1','0'),('315','长城','','','206','','206-201-200-0','206','70','1','0'),('316','长城','','','206','','206-201-200-0','206','70','1','0'),('317','长城','','','206','','206-201-200-0','206','70','1','0'),('318','桂林','','','207','','207-201-200-0','207','70','1','0'),('319','电影票','','','116','','116-115-60-0','116','80','1','0'),('320','个地方旅游景点','','','206','','206-201-200-0','206','78','1','0'),('321','地方旅游景点','','','206','','206-201-200-0','206','78','1','0'),('322','蕾丝','','','66','','66-54-43-0','66','59','1','0'),('323','品牌床垫','','','295','','295-146-53-0','295','64','1','0'),('324','香烟','香烟','香烟','273','11','273-48-0','273','15','0','2'),('325','红酒','红酒','红酒','168','12','168-48-0','168','15','0','2'),('326','白酒','','','263','','263-168-48-0','263','65','1','0'),('327','香烟','','','324','','324-273-48-0','324','65','1','0'),('328','床类','实木软床','实木软床','146','12','146-53-0','146','15','0','1'),('329','床类','','','328','','328-146-53-0','328','64','1','0'),('330','梳妆台','梳妆台','梳妆台','146','10','146-53-0','146','15','0','1'),('333','梳妆台','','','330','','330-146-53-0','330','64','1','0'),('332','餐桌','餐桌','餐桌','146','14','146-53-0','146','15','0','1'),('334','电视柜','电视柜','电视柜','146','14','146-53-0','146','15','0','1'),('335','椅子','椅子','椅子','146','15','146-53-0','146','15','0','1'),('336','餐桌','','','332','','332-146-53-0','332','64','1','0'),('337','火锅丸子','火锅丸子','火锅丸子','173','16','173-48-0','173','15','0','2'),('338','肉类','熟食肉类','熟食肉类','173','17','173-48-0','173','15','0','2'),('339','肉类','','','338','','338-173-48-0','338','65','1','0'),('340','欧式','','','328','','328-146-53-0','328','83','1','0'),('341','欧式沙发','','','148','','148-146-53-0','148','83','1','0'),('342','单人沙发','','','149','','149-146-53-0','149','83','1','0'),('343','床类','','','328','','328-146-53-0','328','83','1','0');/* MySQLReback Separation */
 /* 插入数据 `lx_category` */
 INSERT INTO `lx_category` VALUES ('344','衣柜','衣柜','衣柜','146','16','146-53-0','146','15','0','1');/* MySQLReback Separation */
 /* 插入数据 `lx_category` */
 INSERT INTO `lx_category` VALUES ('345','衣柜','','','344','','344-146-53-0','344','83','1','0'),('346','零零柒','','','288','','288-151-50-0','288','69','1','0');/* MySQLReback Separation */
 /* 创建表结构 `lx_collect_goods` */
 DROP TABLE IF EXISTS `lx_collect_goods`;/* MySQLReback Separation */ CREATE TABLE `lx_collect_goods` (
  `col_goodsid` int(11) unsigned NOT NULL AUTO_INCREMENT,
  `user_id` int(11) NOT NULL,
  `goods_id` int(11) NOT NULL,
  `add_time` timestamp NOT NULL DEFAULT CURRENT_TIMESTAMP,
  PRIMARY KEY (`col_goodsid`)
) ENGINE=MyISAM AUTO_INCREMENT=17 DEFAULT CHARSET=utf8 COLLATE=utf8_unicode_ci;/* MySQLReback Separation */
 /* 插入数据 `lx_collect_goods` */
 INSERT INTO `lx_collect_goods` VALUES ('10','33','180','2015-08-25 10:35:27');/* MySQLReback Separation */
 /* 创建表结构 `lx_collect_shop` */
 DROP TABLE IF EXISTS `lx_collect_shop`;/* MySQLReback Separation */ CREATE TABLE `lx_collect_shop` (
  `col_shopid` int(11) unsigned NOT NULL AUTO_INCREMENT,
  `user_id` int(11) NOT NULL,
  `shop_id` int(11) NOT NULL,
  `add_time` timestamp NOT NULL DEFAULT CURRENT_TIMESTAMP,
  PRIMARY KEY (`col_shopid`)
) ENGINE=MyISAM AUTO_INCREMENT=15 DEFAULT CHARSET=utf8 COLLATE=utf8_unicode_ci;/* MySQLReback Separation */
 /* 插入数据 `lx_collect_shop` */
 INSERT INTO `lx_collect_shop` VALUES ('6','42','22','2015-08-24 21:38:38'),('10','33','23','2015-08-25 15:55:13'),('8','33','30','2015-08-25 11:21:34'),('11','41','23','2015-08-26 09:12:45'),('12','34','29','2015-08-26 09:57:19'),('13','34','22','2015-08-26 10:22:23'),('14','34','30','2015-08-26 10:22:33');/* MySQLReback Separation */
 /* 创建表结构 `lx_friend_link` */
 DROP TABLE IF EXISTS `lx_friend_link`;/* MySQLReback Separation */ CREATE TABLE `lx_friend_link` (
  `link_id` int(11) unsigned NOT NULL AUTO_INCREMENT COMMENT '友情链接id',
  `link_name` varchar(255) NOT NULL,
  `link_pic` varchar(255) NOT NULL,
  `link_url` varchar(255) NOT NULL,
  `sort` varchar(255) NOT NULL,
  `pubtime` timestamp NOT NULL DEFAULT CURRENT_TIMESTAMP ON UPDATE CURRENT_TIMESTAMP,
  PRIMARY KEY (`link_id`)
) ENGINE=MyISAM AUTO_INCREMENT=35 DEFAULT CHARSET=utf8;/* MySQLReback Separation */
 /* 插入数据 `lx_friend_link` */
 INSERT INTO `lx_friend_link` VALUES ('34','百度','','http://www.baidu.com','1','2015-09-10 09:47:16');/* MySQLReback Separation */
 /* 创建表结构 `lx_gn_group` */
 DROP TABLE IF EXISTS `lx_gn_group`;/* MySQLReback Separation */ CREATE TABLE `lx_gn_group` (
  `id` int(11) NOT NULL AUTO_INCREMENT COMMENT '主键',
  `ghs_id` int(11) unsigned NOT NULL COMMENT '供货商id',
  `sort` int(11) unsigned DEFAULT '0' COMMENT '排序',
  `group_id` int(11) unsigned NOT NULL DEFAULT '1' COMMENT '对应分组id',
  `admin_id` int(11) unsigned NOT NULL COMMENT '操作人id',
  PRIMARY KEY (`id`)
) ENGINE=MyISAM DEFAULT CHARSET=utf8;/* MySQLReback Separation */
 /* 创建表结构 `lx_goods` */
 DROP TABLE IF EXISTS `lx_goods`;/* MySQLReback Separation */ CREATE TABLE `lx_goods` (
  `goods_id` int(11) unsigned NOT NULL AUTO_INCREMENT,
  `goods_sn` varchar(255) NOT NULL DEFAULT '' COMMENT '商品编号',
  `cat_id` int(11) unsigned NOT NULL DEFAULT '0',
  `type_id` int(11) unsigned NOT NULL DEFAULT '0',
  `brand_id` int(11) unsigned NOT NULL DEFAULT '0',
  `user_id` int(11) unsigned NOT NULL DEFAULT '0' COMMENT '供货商id',
  `goods_name` varchar(255) NOT NULL DEFAULT '',
  `goods_brief` varchar(255) DEFAULT NULL COMMENT '商品详情',
  `goods_thumb` varchar(255) NOT NULL DEFAULT '',
  `goods_gallery_id` int(11) unsigned NOT NULL DEFAULT '0' COMMENT '图集id',
  `is_real` tinyint(3) unsigned DEFAULT '0' COMMENT '0：不是1：是虚拟商品',
  `is_on_sale` tinyint(3) unsigned DEFAULT '0' COMMENT '1:出售中0：不出售',
  `is_alone_sale` tinyint(3) unsigned DEFAULT '0' COMMENT '今日新增商品展示  0:否；1：是',
  `is_best` tinyint(3) unsigned DEFAULT '0' COMMENT '楼层商品展示0:否1:是',
  `is_new` smallint(5) unsigned DEFAULT '0' COMMENT '0:最新1：不是最新',
  `is_hot` tinyint(3) unsigned DEFAULT '0' COMMENT '0:热卖1：不热卖',
  `pubtime` timestamp NULL DEFAULT CURRENT_TIMESTAMP ON UPDATE CURRENT_TIMESTAMP,
  `sort` mediumint(8) unsigned DEFAULT '0' COMMENT '可以让供货商决定排序',
  `goods_desc` text NOT NULL,
  `admin_id` int(10) unsigned DEFAULT NULL COMMENT '操作人id',
  `warn_number` tinyint(3) unsigned NOT NULL,
  `fz_id` int(10) unsigned DEFAULT NULL COMMENT '分站id',
  PRIMARY KEY (`goods_id`)
) ENGINE=MyISAM AUTO_INCREMENT=607 DEFAULT CHARSET=utf8 COMMENT='商品表';/* MySQLReback Separation */
 /* 插入数据 `lx_goods` */
 INSERT INTO `lx_goods` VALUES ('135','00000012','179','16','40','24','Vero Moda简约通勤针织大裙摆连衣裙','针织大裙摆连衣裙适合所有的人进行购买                                ','images/2015-08-20/1440052523_189818187655d5752bd5c89.jpg','0','0','1','1','1','1','1','2015-08-20 15:32:52','12','<p class=\"attr-list-hd tm-clear\">
    <em>产品参数：</em>
</p>
<p>
    
				
</p>
<ul class=\" list-paddingleft-2\" id=\"J_AttrUL\">
    <li>
        <p>
            材质成分:&nbsp;聚酯纤维83% 聚酰胺纤维(锦纶)17%
        </p>
    </li>
    <li>
        <p>
            销售渠道类型:&nbsp;商场同款(线上线下都销售)
        </p>
    </li>
    <li>
        <p>
            货号:&nbsp;31537C001
        </p>
    </li>
    <li>
        <p>
            风格:&nbsp;通勤
        </p>
    </li>
    <li>
        <p>
            通勤:&nbsp;淑女
        </p>
    </li>
    <li>
        <p>
            组合形式:&nbsp;两件套
        </p>
    </li>
    <li>
        <p>
            裙长:&nbsp;中裙
        </p>
    </li>
    <li>
        <p>
            袖长:&nbsp;七分袖
        </p>
    </li>
    <li>
        <p>
            领型:&nbsp;POLO领
        </p>
    </li>
    <li>
        <p>
            袖型:&nbsp;常规
        </p>
    </li>
    <li>
        <p>
            腰型:&nbsp;中腰
        </p>
    </li>
    <li>
        <p>
            衣门襟:&nbsp;套头
        </p>
    </li>
    <li>
        <p>
            裙型:&nbsp;A字裙
        </p>
    </li>
    <li>
        <p>
            图案:&nbsp;纯色
        </p>
    </li>
    <li>
        <p>
            流行元素/工艺:&nbsp;拼接
        </p>
    </li>
    <li>
        <p>
            品牌:&nbsp;Vero Moda
        </p>
    </li>
    <li>
        <p>
            面料:&nbsp;其他
        </p>
    </li>
    <li>
        <p>
            适用年龄:&nbsp;25-29周岁
        </p>
    </li>
    <li>
        <p>
            年份季节:&nbsp;2015年秋季
        </p>
    </li>
    <li>
        <p>
            颜色分类:&nbsp;023本白
        </p>
    </li>
    <li>
        <p>
            尺码:&nbsp;180/96A/XXL&nbsp;175/92A/XL&nbsp;170
        </p>
    </li>
</ul>','','0','17'),('343','00000002','283','0','97','65','黄瓜','                                黄瓜','images/2015-08-31/1441001288_135681172055e3ef4863bd7.jpg','0','0','1','0','0','1','1','2015-08-31 14:08:08','98','<p><img title=\"1441001252104046.jpg\" alt=\"黄瓜.jpg\" src=\"/ueditor/php/upload/image/20150831/1441001252104046.jpg\"/></p>','','0','58'),('344','00000003','283','0','97','65','丝瓜','                                丝瓜','images/2015-08-31/1441001379_205928121355e3efa31b8b5.jpg','0','0','1','0','0','1','1','2015-08-31 14:09:39','97','<p><img title=\"1441001344231467.jpg\" alt=\"丝瓜.jpg\" src=\"/ueditor/php/upload/image/20150831/1441001344231467.jpg\"/></p>','','0','58'),('345','00000004','283','0','97','65','圆白菜','                                ','images/2015-08-31/1441001539_185717828155e3f043961db.jpg','0','0','1','0','0','1','1','2015-08-31 14:12:19','96','<p><img title=\"1441001476228369.jpg\" alt=\"圆白菜.jpg\" src=\"/ueditor/php/upload/image/20150831/1441001476228369.jpg\"/></p>','','0','58'),('346','00000005','283','0','97','65','油麦菜','                                油麦菜','images/2015-08-31/1441001640_214623133855e3f0a83eb14.png','0','0','1','0','0','1','1','2015-08-31 14:14:00','95','<p><img title=\"1441001596438709.png\" alt=\"油麦菜.png\" src=\"/ueditor/php/upload/image/20150831/1441001596438709.png\"/></p>','','0','58'),('347','00000006','283','0','97','65','香菜','                                香菜','images/2015-08-31/1441001754_63335781455e3f11a8f289.jpg','0','0','1','0','0','1','1','2015-08-31 14:15:54','94','<p><img title=\"1441001708268432.jpg\" alt=\"香菜.jpg\" src=\"/ueditor/php/upload/image/20150831/1441001708268432.jpg\"/></p>','','0','58'),('348','0000007','283','0','97','65','苦瓜','                                苦瓜','images/2015-08-31/1441001896_57796507155e3f1a8dbe5a.jpg','0','0','1','0','0','1','1','2015-08-31 14:18:16','93','<p><img title=\"1441001862109107.jpg\" alt=\"苦瓜.jpg\" src=\"/ueditor/php/upload/image/20150831/1441001862109107.jpg\"/></p>','','0','58'),('349','00000008','283','0','97','65','紫茄子','                                紫茄子','images/2015-08-31/1441002163_99433627155e3f2b357372.jpg','0','0','1','0','0','1','1','2015-08-31 14:22:43','92','<p><img title=\"1441002125135989.jpg\" alt=\"紫茄子.jpg\" src=\"/ueditor/php/upload/image/20150831/1441002125135989.jpg\"/></p>','','0','58'),('350','000000009','283','0','97','65','西红柿','                                91','images/2015-08-31/1441002267_25204238355e3f31ba0054.jpg','0','0','1','0','0','1','1','2015-08-31 14:24:27','91','<p><img title=\"1441002233139586.jpg\" alt=\"西红柿.jpg\" src=\"/ueditor/php/upload/image/20150831/1441002233139586.jpg\"/></p>','','0','58');/* MySQLReback Separation */
 /* 插入数据 `lx_goods` */
 INSERT INTO `lx_goods` VALUES ('351','00000010','283','0','97','65','苦菊','                                苦菊','images/2015-08-31/1441002470_178523245755e3f3e676b15.jpg','0','0','1','0','0','1','1','2015-08-31 14:27:50','90','<p><img title=\"1441002408147900.jpg\" alt=\"苦苣.jpg\" src=\"/ueditor/php/upload/image/20150831/1441002408147900.jpg\"/></p>','','0','58');/* MySQLReback Separation */
 /* 插入数据 `lx_goods` */
 INSERT INTO `lx_goods` VALUES ('352','00000011','283','0','97','65','上海青','                  上海青                                ','images/2015-08-31/1441002617_72694741155e3f479a8be6.jpg','0','0','1','0','0','1','1','2015-08-31 14:32:24','89','<p><img title=\"1441002586134147.jpg\" alt=\"上海青.jpg\" src=\"/ueditor/php/upload/image/20150831/1441002586134147.jpg\"/></p>','','0','58'),('353','00000012','283','0','97','65','茴香','                                茴香                                ','images/2015-08-31/1441002705_7869665855e3f4d192216.jpg','0','0','1','0','0','1','1','2015-08-31 14:32:06','88','<p><img title=\"1441002667813774.jpg\" alt=\"茴香.jpg\" src=\"/ueditor/php/upload/image/20150831/1441002667813774.jpg\"/></p>','','0','58'),('354','00000013','283','0','97','65','铁棍山药','                                铁棍山药','images/2015-08-31/1441002835_10225411455e3f5531876f.jpg','0','0','1','0','0','1','1','2015-08-31 14:33:55','87','<p><img title=\"1441002795347180.jpg\" alt=\"铁棍山药.jpg\" src=\"/ueditor/php/upload/image/20150831/1441002795347180.jpg\"/></p>','','0','58'),('355','00000014','283','0','97','65','精品美人椒','精品美人椒','images/2015-08-31/1441002976_134757815555e3f5e083b7e.jpg','0','0','1','0','0','1','1','2015-08-31 14:36:16','86','<p><img title=\"1441002935299931.jpg\" alt=\"精品美人椒.jpg\" src=\"/ueditor/php/upload/image/20150831/1441002935299931.jpg\"/></p>','','0','58'),('356','00000015','283','0','97','65','精品青椒','                                          精品青椒','images/2015-08-31/1441003122_169511018455e3f6720dead.jpg','0','0','1','0','0','1','1','2015-08-31 14:38:42','85','<p><img title=\"1441003080120919.jpg\" alt=\"精品辣椒.jpg\" src=\"/ueditor/php/upload/image/20150831/1441003080120919.jpg\"/></p>','','0','58'),('357','00000016','283','0','97','65','秋葵','                               秋葵','images/2015-08-31/1441003222_56819342155e3f6d6b9e4b.jpg','0','0','1','0','0','1','1','2015-08-31 14:40:22','84','<p><img title=\"1441003178135532.jpg\" alt=\"秋葵.jpg\" src=\"/ueditor/php/upload/image/20150831/1441003178135532.jpg\"/></p>','','0','58'),('358','00000017','283','0','97','65','西兰花','                                西兰花','images/2015-08-31/1441003325_100174685555e3f73de42d7.jpg','0','0','1','0','0','1','1','2015-08-31 14:42:06','83','<p><img title=\"1441003289156420.jpg\" alt=\"西兰花.jpg\" src=\"/ueditor/php/upload/image/20150831/1441003289156420.jpg\"/></p>','','0','58'),('359','00000018','283','0','97','65','花菜','                                花菜','images/2015-08-31/1441003406_167102546855e3f78e71fd0.jpg','0','0','1','0','0','1','1','2015-08-31 14:43:26','82','<p><img title=\"1441003375444475.jpg\" alt=\"花菜.jpg\" src=\"/ueditor/php/upload/image/20150831/1441003375444475.jpg\"/></p>','','0','58'),('360','00000019','283','0','97','65','蒜苔','                            蒜苔','images/2015-08-31/1441003512_20552495755e3f7f881941.jpg','0','0','1','0','0','1','1','2015-08-31 14:45:12','81','<p><img title=\"1441003470758392.jpg\" alt=\"蒜苔.jpg\" src=\"/ueditor/php/upload/image/20150831/1441003470758392.jpg\"/></p>','','0','58'),('361','00000001','286','0','97','65','海天红烧酱油','                                海天红烧酱油','','0','0','1','0','0','1','1','2015-08-31 15:12:55','99','<p><img title=\"1441005171912661.jpg\" alt=\"22581407131422504[1].jpg\" src=\"/ueditor/php/upload/image/20150831/1441005171912661.jpg\"/></p>','','0','58');/* MySQLReback Separation */
 /* 插入数据 `lx_goods` */
 INSERT INTO `lx_goods` VALUES ('148','00000015','112','14','47','24','膜法世家','深透水润三部曲，给肌肤带来全日呵护享受！柔肤水是水润畅饮前奏曲，软化角质，令丰沛水分和营养直达肌底，细胞畅饮水润；乳液是水润修护交响曲，激活肌肤吸收能力，强化肌肤保湿屏障；睡眠面膜是水润膜法舒眠曲，睡眠中密集滋养、舒缓修护，饱满嘭嘭水润肌透出来！                                ','images/2015-08-20/1440055707_103397796155d5819bdbeb3.jpg','0','0','1','1','1','1','0','2015-08-20 15:39:07','155','<table cellpadding=\"0\" cellspacing=\"0\"><tbody><tr class=\"firstRow\"><td style=\"margin: 0px; padding: 0px 5px 10px 0px; vertical-align: top;\" width=\"85\"><strong>商品名称：</strong></td><td style=\"margin: 0px; padding: 0px 5px 10px 0px; vertical-align: top;\"><span style=\"color: rgb(102, 102, 102); float: left; display: block; font-size: 12px; line-height: 20px;\">膜法世家樱桃深透补水礼盒6件套</span></td><td rowspan=\"7\" style=\"margin: 0px; padding: 0px 0px 10px; vertical-align: top;\"><img src=\"/ueditor/php/upload/image/20150820/1440055432467023.jpg\" style=\"border: none; vertical-align: bottom;\"/></td></tr><tr><td style=\"margin: 0px; padding: 0px 5px 10px 0px; vertical-align: top;\"><strong>品&nbsp;&nbsp;&nbsp;&nbsp;&nbsp;&nbsp;&nbsp;牌：</strong></td><td style=\"margin: 0px; padding: 0px 5px 10px 0px; vertical-align: top;\"><span style=\"color: rgb(102, 102, 102); float: left; display: block; font-size: 12px; line-height: 20px;\">膜法世家1908(Mask_Family_1908)</span></td></tr><tr><td style=\"margin: 0px; padding: 0px 5px 10px 0px; vertical-align: top;\"><strong>分&nbsp;&nbsp;&nbsp;&nbsp;&nbsp;&nbsp;&nbsp;类：</strong></td><td style=\"margin: 0px; padding: 0px 5px 10px 0px; vertical-align: top;\"><span style=\"color: rgb(102, 102, 102); float: left; display: block; font-size: 12px; line-height: 20px;\">护肤套装</span></td></tr><tr><td style=\"margin: 0px; padding: 0px 5px 10px 0px; vertical-align: top;\"><strong>功&nbsp;&nbsp;&nbsp;&nbsp;&nbsp;&nbsp;&nbsp;效：</strong></td><td style=\"margin: 0px; padding: 0px 5px 10px 0px; vertical-align: top;\"><span style=\"color: rgb(102, 102, 102); float: left; display: block; font-size: 12px; line-height: 20px;\">均匀肤色,持久,保湿,补水,滋润</span></td></tr><tr><td style=\"margin: 0px; padding: 0px 5px 10px 0px; vertical-align: top;\"><strong>退货政策：</strong></td><td style=\"margin: 0px; padding: 0px 5px 10px 0px; vertical-align: top;\"><span style=\"color: rgb(102, 102, 102); float: left; display: block; font-size: 12px; line-height: 20px;\">30天拆封无条件退货</span></td></tr><tr><td style=\"margin: 0px; padding: 0px 5px 10px 0px; vertical-align: top;\"><strong>产品规格：</strong></td><td style=\"margin: 0px; padding: 0px 5px 10px 0px; vertical-align: top;\"><span style=\"color: rgb(102, 102, 102); float: left; display: block; font-size: 12px; line-height: 20px;\">樱桃深透补水睡眠面膜125ml+樱桃深透补水柔肤水150ml+樱桃深透补水乳液100ml+樱桃深透补水睡眠面膜20ml+樱桃深透补水柔肤水30ml+樱桃深透补水乳液30ml</span></td></tr><tr><td style=\"margin: 0px; padding: 0px 5px 10px 0px; vertical-align: top;\"><strong>生产地区：</strong></td><td style=\"margin: 0px; padding: 0px 5px 10px 0px; vertical-align: top;\"><span style=\"color: rgb(102, 102, 102); float: left; display: block; font-size: 12px; line-height: 20px;\">中国广东</span></td></tr><tr><td style=\"margin: 0px; padding: 0px 5px 10px 0px; vertical-align: top;\"><strong>适合肤质：</strong></td><td style=\"margin: 0px; padding: 0px 5px 10px 0px; vertical-align: top;\"><span style=\"color: rgb(102, 102, 102); float: left; display: block; font-size: 12px; line-height: 20px;\">适合任何肤质（敏感肌肤需于耳后测试），尤其适用于干燥、缺水、水油分泌不平衡、肤色暗黄缺乏透明感的肌肤。</span></td><td style=\"margin: 0px; padding: 0px 5px 10px 0px; vertical-align: top;\"><br/></td></tr><tr><td style=\"margin: 0px; padding: 0px 5px 10px 0px; vertical-align: top;\"><strong>保质期限：</strong></td><td style=\"margin: 0px; padding: 0px 5px 10px 0px; vertical-align: top;\"><span style=\"color: rgb(102, 102, 102); float: left; display: block; font-size: 12px; line-height: 20px;\">3年（具体日期以收到产品为准）</span></td><td style=\"margin: 0px; padding: 0px 5px 10px 0px; vertical-align: top;\"><br/></td></tr><tr><td style=\"margin: 0px; padding: 0px 5px 10px 0px; vertical-align: top;\"><strong>产品包装：</strong></td><td colspan=\"2\" style=\"margin: 0px; padding: 0px 5px 10px 0px; vertical-align: top;\"><span style=\"color: rgb(102, 102, 102); float: left; display: block; font-size: 12px; line-height: 20px;\">全新正品，有外盒有塑封</span></td></tr></tbody></table><p><br/></p>','','0','17');/* MySQLReback Separation */
 /* 插入数据 `lx_goods` */
 INSERT INTO `lx_goods` VALUES ('363','00000001','286','0','97','65','少一鲜排骨味调料包','                                排骨味调料包                                ','images/2015-08-31/1441006875_51693490555e4051b476c2.jpg','0','0','1','0','0','1','1','2015-08-31 15:44:31','99','<p><img title=\"1441006841633729.jpg\" alt=\"肉味鲜调料 (2).jpg\" src=\"/ueditor/php/upload/image/20150831/1441006841633729.jpg\"/></p>','','0','58'),('364','00000002','286','0','97','65','少一鲜鸡汁调料包','少一鲜鸡汁调料包','images/2015-08-31/1441007224_69688858655e40678abb24.jpg','0','0','1','0','0','1','1','2015-08-31 15:47:04','98','<p><img title=\"1441007181771000.jpg\" alt=\"1.jpg\" src=\"/ueditor/php/upload/image/20150831/1441007181771000.jpg\"/></p>','','0','58'),('365','00000003','286','0','97','65','孔家大院 肉味鲜排骨调料包','                                孔家大院 肉味鲜排骨调料包','images/2015-08-31/1441007363_31448845055e40703175b1.jpg','0','0','1','0','0','1','1','2015-08-31 15:49:23','97','<p><img title=\"1441007335671726.jpg\" alt=\"1.jpg\" src=\"/ueditor/php/upload/image/20150831/1441007335671726.jpg\"/></p>','','0','58'),('366','00000004','286','0','97','65','孔家大院 面条鲜调料包','                                孔家大院 面条鲜调料包','images/2015-08-31/1441007485_208855414055e4077d50f54.jpg','0','0','1','0','0','1','1','2015-08-31 15:51:25','96','<p><img title=\"1441007461166877.jpg\" alt=\"1.jpg\" src=\"/ueditor/php/upload/image/20150831/1441007461166877.jpg\"/></p>','','0','58'),('367','00000005','286','0','97','65','孔家大院 凉菜料包','                                孔家大院 凉菜料包','images/2015-08-31/1441007607_183957257255e407f76c0ae.jpg','0','0','1','0','0','1','1','2015-08-31 15:53:27','95','<p><img title=\"1441007579452522.jpg\" alt=\"1.jpg\" src=\"/ueditor/php/upload/image/20150831/1441007579452522.jpg\"/></p>','','0','58'),('410','00000004','296','0','99','64','海之澜 伊丽莎白1米5X2米','                                   海之澜 伊丽莎白1米5X2米','images/2015-09-01/1441075535_181929373855e5114f8935b.jpg','0','0','1','0','0','1','1','2015-09-01 10:45:35','96','<p><img title=\"1441075512121323.jpg\" alt=\"海之澜伊丽莎白系列.jpg\" src=\"/ueditor/php/upload/image/20150901/1441075512121323.jpg\"/></p>','','0','58'),('409','00000003','296','0','99','64','海之澜 伊丽莎白1米8X2米','                                海之澜 伊丽莎白1米8X2米','images/2015-09-01/1441075331_195136957355e51083d4de0.jpg','0','0','1','0','0','1','1','2015-09-04 17:39:33','97','<p><img title=\"1441075303109817.jpg\" alt=\"海之澜伊丽莎白系列.jpg\" src=\"/ueditor/php/upload/image/20150901/1441075303109817.jpg\"/></p>','','0','58'),('411','00000005','296','0','99','64','海之澜 伊丽莎白1米2X2米','                                海之澜 伊丽莎白1米5X2米','images/2015-09-01/1441075638_127594656655e511b6359b7.jpg','0','0','1','0','0','1','1','2015-09-01 10:47:18','95','<p><img title=\"1441075601672070.jpg\" alt=\"海之澜伊丽莎白系列.jpg\" src=\"/ueditor/php/upload/image/20150901/1441075601672070.jpg\"/></p>','','0','58');/* MySQLReback Separation */
 /* 插入数据 `lx_goods` */
 INSERT INTO `lx_goods` VALUES ('412','00008','297','27','100','69','华为 荣耀4A','                                ','images/2015-09-01/1441075755_63056796155e5122bce901.jpg','0','0','1','0','1','1','1','2015-09-01 12:10:03','2','<p class=\"attr-list-hd tm-clear\" style=\"margin-top: 0px; margin-bottom: 0px; padding: 5px 20px; line-height: 22px; color: rgb(153, 153, 153); font-family: tahoma, arial, 微软雅黑, sans-serif; font-size: 12px; white-space: normal; background-color: rgb(255, 255, 255);\"><span style=\"margin: 0px; padding: 0px; font-weight: 700; float: left;\">产品参数：</span></p><ul id=\"J_AttrUL\" style=\"list-style-type: none;\" class=\" list-paddingleft-2\"><li><p><span style=\"font-size: 12px;\">产品名称：Huawei/华为 荣耀4A</span></p></li><li><p><span style=\"font-size: 12px;\">华为型号:&nbsp;荣耀4A</span></p></li><li><p><span style=\"font-size: 12px;\">机身颜色:&nbsp;白色&nbsp;黑色</span></p></li><li><p><span style=\"font-size: 12px;\">运行内存RAM:&nbsp;2GB</span></p></li><li><p><span style=\"font-size: 12px;\">机身内存:&nbsp;8GB</span></p></li><li><p><span style=\"font-size: 12px;\">网络模式:&nbsp;双卡多模</span></p></li><li><p><span style=\"font-size: 12px;\">电池容量:&nbsp;2200mAh</span></p></li></ul><p style=\"text-align: center\"><img src=\"/ueditor/php/upload/image/20150901/1441075598173547.jpg\" style=\"\" title=\"1441075598173547.jpg\"/></p><p style=\"text-align: center\"><img src=\"/ueditor/php/upload/image/20150901/1441075598394773.jpg\" style=\"width: 678px; height: 747px;\" title=\"1441075598394773.jpg\" width=\"678\" height=\"747\"/></p><p style=\"text-align: center\"><img src=\"/ueditor/php/upload/image/20150901/1441075598425799.jpg\" style=\"\" title=\"1441075598425799.jpg\"/></p><p style=\"text-align: center\"><img src=\"/ueditor/php/upload/image/20150901/1441075598599690.jpg\" style=\"\" title=\"1441075598599690.jpg\"/></p><p style=\"text-align: center\"><img src=\"/ueditor/php/upload/image/20150901/1441075598113453.jpg\" style=\"\" title=\"1441075598113453.jpg\"/></p><p style=\"text-align: center\"><img src=\"/ueditor/php/upload/image/20150901/1441075598580068.jpg\" style=\"\" title=\"1441075598580068.jpg\"/></p><p style=\"text-align: center\"><img src=\"/ueditor/php/upload/image/20150901/1441075599819927.jpg\" style=\"\" title=\"1441075599819927.jpg\"/></p><p style=\"text-align: center\"><img src=\"/ueditor/php/upload/image/20150901/1441075599689799.jpg\" style=\"\" title=\"1441075599689799.jpg\"/></p><p style=\"text-align: center\"><img src=\"/ueditor/php/upload/image/20150901/1441075599433846.jpg\" style=\"\" title=\"1441075599433846.jpg\"/></p><p style=\"text-align: center\"><img src=\"/ueditor/php/upload/image/20150901/1441075600129960.jpg\" style=\"\" title=\"1441075600129960.jpg\"/></p><p style=\"text-align: center\"><img src=\"/ueditor/php/upload/image/20150901/1441075600810890.jpg\" style=\"\" title=\"1441075600810890.jpg\"/></p><p style=\"text-align: center\"><img src=\"/ueditor/php/upload/image/20150901/1441075600744923.jpg\" style=\"\" title=\"1441075600744923.jpg\"/></p><p style=\"text-align: center\"><img src=\"/ueditor/php/upload/image/20150901/1441075601547364.jpg\" style=\"\" title=\"1441075601547364.jpg\"/></p><p style=\"text-align: center\"><img src=\"/ueditor/php/upload/image/20150901/1441075601132972.jpg\" style=\"\" title=\"1441075601132972.jpg\"/></p><p style=\"text-align: center\"><img src=\"/ueditor/php/upload/image/20150901/1441075602965891.jpg\" style=\"\" title=\"1441075602965891.jpg\"/></p><p style=\"text-align: center\"><img src=\"/ueditor/php/upload/image/20150901/1441075602346750.jpg\" style=\"\" title=\"1441075602346750.jpg\"/></p><p style=\"text-align: center\"><img src=\"/ueditor/php/upload/image/20150901/1441075603135201.jpg\" style=\"\" title=\"1441075603135201.jpg\"/></p><p style=\"text-align: center\"><img src=\"/ueditor/php/upload/image/20150901/1441075603109644.jpg\" style=\"\" title=\"1441075603109644.jpg\"/></p><p style=\"text-align: center\"><img src=\"/ueditor/php/upload/image/20150901/1441075603626370.jpg\" style=\"\" title=\"1441075603626370.jpg\"/></p><p style=\"text-align: center\"><img src=\"/ueditor/php/upload/image/20150901/1441075604118083.jpg\" style=\"\" title=\"1441075604118083.jpg\"/></p><p style=\"text-align: center\"><img src=\"/ueditor/php/upload/image/20150901/1441075605630931.jpg\" style=\"\" title=\"1441075605630931.jpg\"/></p><p style=\"text-align: center\"><img src=\"/ueditor/php/upload/image/20150901/1441075605713036.jpg\" style=\"\" title=\"1441075605713036.jpg\"/></p><p style=\"text-align: center\"><img src=\"/ueditor/php/upload/image/20150901/1441075606836107.jpg\" style=\"\" title=\"1441075606836107.jpg\"/></p><p style=\"text-align: center\"><img src=\"/ueditor/php/upload/image/20150901/1441075606531012.jpg\" style=\"\" title=\"1441075606531012.jpg\"/></p><p style=\"text-align: center\"><img src=\"/ueditor/php/upload/image/20150901/1441075606747031.jpg\" style=\"\" title=\"1441075606747031.jpg\"/></p><p style=\"text-align: center\"><img src=\"/ueditor/php/upload/image/20150901/1441075606103835.jpg\" style=\"\" title=\"1441075606103835.jpg\"/></p><p style=\"text-align: center\"><img src=\"/ueditor/php/upload/image/20150901/1441075607682914.jpg\" style=\"\" title=\"1441075607682914.jpg\"/></p><p style=\"text-align: center\"><img src=\"/ueditor/php/upload/image/20150901/1441075607394601.jpg\" style=\"\" title=\"1441075607394601.jpg\"/></p><p style=\"text-align: center\"><img src=\"/ueditor/php/upload/image/20150901/1441075607874793.jpg\" style=\"\" title=\"1441075607874793.jpg\"/></p><p style=\"text-align: center\"><img src=\"/ueditor/php/upload/image/20150901/1441075608512508.jpg\" style=\"\" title=\"1441075608512508.jpg\"/></p><p><br/></p>','','30','58');/* MySQLReback Separation */
 /* 插入数据 `lx_goods` */
 INSERT INTO `lx_goods` VALUES ('368','00000006','286','0','97','65','卫群 食用盐','                                卫群 食用盐','images/2015-08-31/1441007745_187698301355e408819a403.jpg','0','0','1','0','0','1','1','2015-08-31 15:55:45','94','<p><img title=\"1441007718183616.jpg\" alt=\"1.jpg\" src=\"/ueditor/php/upload/image/20150831/1441007718183616.jpg\"/></p>','','0','58'),('369','00000007','286','0','97','65','大桥鸡精 90克','                                大桥鸡精 90克','images/2015-08-31/1441007901_10906397055e4091d2fece.jpg','0','0','1','0','0','1','1','2015-08-31 15:58:21','93','<p><img title=\"1441007830619313.jpg\" alt=\"1[1].jpg\" src=\"/ueditor/php/upload/image/20150831/1441007830619313.jpg\"/></p>','','0','58'),('371','00000008','286','0','97','65','莲花味精 200克','                                莲花味精 200克','images/2015-08-31/1441008098_35968362855e409e265f29.jpg','0','0','1','0','0','1','1','2015-08-31 16:01:38','92','<p><img title=\"1441008020416289.jpg\" alt=\"561F852D4FE1F6F8C724BE330B5977F8[1].jpg\" src=\"/ueditor/php/upload/image/20150831/1441008020416289.jpg\"/></p>','','0','58'),('372','00000009','286','0','97','65','王致和 大块腐乳','                                王致和 大块腐乳','images/2015-08-31/1441008866_87259549455e40ce2e63bf.jpg','0','0','1','0','0','1','1','2015-08-31 16:14:27','91','<p><img title=\"1441008837843595.jpg\" alt=\"wangzhihe[1].jpg\" src=\"/ueditor/php/upload/image/20150831/1441008837843595.jpg\"/></p>','','0','58'),('373','00000010','286','0','97','65',' 芥末油','                                芥末油','images/2015-08-31/1441009010_163826591855e40d7242a66.jpg','0','0','1','0','0','1','1','2015-08-31 16:16:50','90','<p><img title=\"1441008969646810.jpg\" alt=\"youyikang$35164931[1].jpg\" src=\"/ueditor/php/upload/image/20150831/1441008969646810.jpg\"/></p>','','0','58'),('374','00000011','286','0','97','65','海天酱油  生抽','                                海天酱油  生抽','images/2015-08-31/1441009167_85625088255e40e0fd0494.jpg','0','0','1','0','0','1','1','2015-08-31 16:19:27','89','<p><img title=\"1441009123129121.jpg\" alt=\"20130824105259_1675[1].jpg\" src=\"/ueditor/php/upload/image/20150831/1441009123129121.jpg\"/></p>','','0','58'),('375','00000012','286','0','97','65','海天酱油  红烧','海天酱油  红烧','images/2015-08-31/1441009297_185511755355e40e9193a81.jpg','0','0','1','0','0','1','1','2015-08-31 16:21:37','88','<p><img title=\"1441009270984481.jpg\" alt=\"1453_G_1355705088470[1].jpg\" src=\"/ueditor/php/upload/image/20150831/1441009270984481.jpg\"/></p>','','0','58'),('376','00000013','286','0','97','65','水塔 陈醋','                      水塔 陈醋          ','images/2015-08-31/1441009396_29762117555e40ef40e732.jpg','0','0','1','0','0','1','1','2015-08-31 16:23:16','87','<p><img title=\"1441009373124929.jpg\" alt=\"002129_20110321112720937_sma[1].jpg\" src=\"/ueditor/php/upload/image/20150831/1441009373124929.jpg\"/></p>','','0','58'),('377','00000014','286','0','97','65',' 西王玉米胚芽油','                                 西王玉米胚芽油','images/2015-08-31/1441009595_178548060355e40fbba0083.jpg','0','0','1','0','0','1','1','2015-08-31 16:26:35','86','<p><img title=\"1441009566912273.jpg\" alt=\"20120319112806_380_380_0[1].jpg\" src=\"/ueditor/php/upload/image/20150831/1441009566912273.jpg\"/></p>','','0','58'),('378','00000015','286','0','97','65','金龙鱼 大豆油','金龙鱼 大豆油','images/2015-08-31/1441009691_51759718355e4101b5baaa.jpg','0','0','1','0','0','1','1','2015-08-31 16:28:11','85','<p><img title=\"1441009666114546.jpg\" alt=\"c7aa682449895d14-95a75eccb763363d-8632544a82b7b13fceaf317417093217_i[1].jpg\" src=\"/ueditor/php/upload/image/20150831/1441009666114546.jpg\"/></p>','','0','58');/* MySQLReback Separation */
 /* 插入数据 `lx_goods` */
 INSERT INTO `lx_goods` VALUES ('379','00005','290','27','100','69','三星 GALAXY S6 edge G9250','       四色现货，品质保障                                                                                                                                                         ','images/2015-08-31/1441015580_175406862855e4271c3108a.jpg','0','0','1','0','1','1','1','2015-09-02 15:59:09','99','<p class=\"attr-list-hd tm-clear\" style=\"margin-top: 0px; margin-bottom: 0px; padding: 5px 20px; line-height: 22px; color: rgb(153, 153, 153); font-family: tahoma, arial, 微软雅黑, sans-serif; font-size: 12px; white-space: normal; background-color: rgb(255, 255, 255);\"><span style=\"margin: 0px; padding: 0px; font-weight: 700; float: left;\">产品参数：</span><span style=\"margin: 0px; padding: 0px; font-weight: 700; float: left;\"><br/></span></p><ul id=\"J_AttrUL\" style=\"list-style-type: none;\" class=\" list-paddingleft-2\"><li><p><br/></p></li><li><p><span style=\"font-size: 12px;\"> &nbsp;产品名称：Samsung/三星 GALAXY S6 Edge G9250</span></p></li><li><p><span style=\"font-size: 12px;\">&nbsp; 型号:&nbsp;Exynos 7420</span></p></li><li><p><span style=\"font-size: 12px;\">&nbsp; 三星型号:&nbsp;Galaxy S6 Edge SM-G9250</span></p></li><li><p><span style=\"font-size: 12px;\">&nbsp; 机身颜色:&nbsp;雪晶白&nbsp;星钻黑&nbsp;松珀绿&nbsp;铂光金</span></p></li><li><p><span style=\"font-size: 12px;\">&nbsp; 运行内存RAM:&nbsp;3GB</span></p></li><li><p><span style=\"font-size: 12px;\">&nbsp; 机身内存:&nbsp;32GB&nbsp;64GB</span></p></li><li><p><span style=\"font-size: 12px;\">&nbsp; 网络模式:&nbsp;单卡多模</span></p></li><li><p><span style=\"font-size: 12px;\">&nbsp; 电池容量:&nbsp;2600mAh</span></p></li><li><p style=\"text-align: center\"><img src=\"/ueditor/php/upload/image/20150902/1441180484100406.jpg\" style=\"\" title=\"1441180484100406.jpg\"/></p></li><li><p style=\"text-align: center\"><img src=\"/ueditor/php/upload/image/20150902/1441180484350278.png\" style=\"\" title=\"1441180484350278.png\"/></p></li><li><p style=\"text-align: center\"><img src=\"/ueditor/php/upload/image/20150831/1441009843964213.jpg\" style=\"\" title=\"1441009843964213.jpg\"/></p></li><li><p style=\"text-align: center\"><img src=\"/ueditor/php/upload/image/20150831/1441009843414654.jpg\" style=\"\" title=\"1441009843414654.jpg\"/></p></li><li><p style=\"text-align: center\"><img src=\"/ueditor/php/upload/image/20150831/1441009843792645.jpg\" style=\"\" title=\"1441009843792645.jpg\"/></p></li><li><p style=\"text-align: center\"><img src=\"/ueditor/php/upload/image/20150831/1441009843515090.jpg\" style=\"\" title=\"1441009843515090.jpg\"/></p></li><li><p style=\"text-align: center\"><img src=\"/ueditor/php/upload/image/20150831/1441009843560316.jpg\" style=\"\" title=\"1441009843560316.jpg\"/></p></li><li><p style=\"text-align: center\"><img src=\"/ueditor/php/upload/image/20150831/1441009843132262.jpg\" style=\"\" title=\"1441009843132262.jpg\"/></p></li><li><p style=\"text-align: center\"><img src=\"/ueditor/php/upload/image/20150831/1441009843330484.jpg\" style=\"\" title=\"1441009843330484.jpg\"/></p></li><li><p style=\"text-align: center\"><img src=\"/ueditor/php/upload/image/20150831/1441009843111413.jpg\" style=\"\" title=\"1441009843111413.jpg\"/></p></li><li><p style=\"text-align: center\"><img src=\"/ueditor/php/upload/image/20150831/1441009843110703.jpg\" style=\"\" title=\"1441009843110703.jpg\"/></p></li><li><p style=\"text-align: center\"><img src=\"/ueditor/php/upload/image/20150831/1441009844128949.jpg\" style=\"\" title=\"1441009844128949.jpg\"/></p></li><li><p style=\"text-align: center\"><img src=\"/ueditor/php/upload/image/20150831/1441009844350838.jpg\" style=\"\" title=\"1441009844350838.jpg\"/></p></li><li><p style=\"text-align: center\"><img src=\"/ueditor/php/upload/image/20150831/1441009844288312.jpg\" style=\"\" title=\"1441009844288312.jpg\"/></p></li><li><p style=\"text-align: center\"><img src=\"/ueditor/php/upload/image/20150831/1441009844821132.jpg\" style=\"\" title=\"1441009844821132.jpg\"/></p></li><li><p style=\"text-align: center\"><img src=\"/ueditor/php/upload/image/20150831/1441009844534239.jpg\" style=\"\" title=\"1441009844534239.jpg\"/></p></li><li><p style=\"text-align: center\"><img src=\"/ueditor/php/upload/image/20150831/1441009844496758.jpg\" style=\"\" title=\"1441009844496758.jpg\"/></p></li><li><p style=\"text-align: center\"><img src=\"/ueditor/php/upload/image/20150831/1441009844106396.jpg\" style=\"\" title=\"1441009844106396.jpg\"/></p></li><li><p style=\"text-align: center\"><img src=\"/ueditor/php/upload/image/20150831/1441009845576625.jpg\" style=\"\" title=\"1441009845576625.jpg\"/></p></li></ul><p><br/></p>','','50','58');/* MySQLReback Separation */
 /* 插入数据 `lx_goods` */
 INSERT INTO `lx_goods` VALUES ('380','00000001','291','0','97','65','旺仔小小酥','                                旺仔小小酥','images/2015-08-31/1441012323_12678350255e41a63994c5.jpg','0','0','1','0','0','1','1','2015-08-31 17:12:03','99','<p><img title=\"1441012289926474.jpg\" alt=\"268767704e33a8c9-3d258144f9572552-2e72a23b09ff3f628ee83f17188ba228[1].jpg\" src=\"/ueditor/php/upload/image/20150831/1441012289926474.jpg\"/></p>','','0','58'),('382','00000002','291','0','97','65','傻大嫂 锅巴','                                傻大嫂 锅巴','images/2015-08-31/1441014274_39369594855e42202b2780.jpg','0','0','1','0','0','1','1','2015-08-31 17:44:34','98','<p><img title=\"1441014228629641.jpg\" alt=\"56bfd0f794a17e6e-7750f8fc5ca9ead3-7ecad9f5799b7f2a07834ac091373428[1].jpg\" src=\"/ueditor/php/upload/image/20150831/1441014228629641.jpg\"/></p>','','0','58'),('383','00000003','291','0','97','65','亲亲虾条','                                亲亲虾条','images/2015-08-31/1441014447_60502859455e422afcdb66.jpg','0','0','1','0','0','1','1','2015-08-31 17:47:27','0','<p><img title=\"1441014402948291.jpg\" alt=\"201305220538244277[1].jpg\" src=\"/ueditor/php/upload/image/20150831/1441014402948291.jpg\"/></p>','','0','58'),('384','00000004','291','0','97','65','上好佳 小袋装','                                上好佳 小袋装','images/2015-08-31/1441014619_213834071355e4235bd5e12.jpg','0','0','1','0','0','1','1','2015-08-31 17:50:19','96','<p><img title=\"1441014558782748.jpg\" alt=\"362989dea618be40-0c88fb0c6ce324aa-ee574f9c66e6a453c9a4cc8329e12559[1].jpg\" src=\"/ueditor/php/upload/image/20150831/1441014558782748.jpg\"/></p>','','0','58');/* MySQLReback Separation */
 /* 插入数据 `lx_goods` */
 INSERT INTO `lx_goods` VALUES ('432','00000002','230','14','103','59','爱美肌焕颜修复套盒 天然美白补水保湿护肤品','          调节水油平衡。任何肌肤适用 温和无刺激                      ','images/2015-09-01/1441093558_136813120955e557b6790d3.jpg','0','0','1','1','1','1','1','2015-09-01 16:10:21','100','<p style=\"margin-top: 1.12em; margin-bottom: 1.12em; padding: 0px; font-family: tahoma, arial, 宋体, sans-serif; font-size: 14px; line-height: 21px; white-space: normal; background-color: rgb(255, 255, 255);\"><span style=\"font-size: 18px;\"><span style=\"font-family: &#39;microsoft yahei&#39;;\"><strong><span style=\"line-height: 23px; orphans: 2; widows: 2;\">img套盒的使用方法</span></strong><br style=\"line-height: 23px; orphans: 2; widows: 2;\"/><span style=\"line-height: 23px; orphans: 2; widows: 2;\"><strong>第一步：</strong>多用玫瑰纯露，涂摸全脸稍加按摩就会全部吸收。纯露就是最长那一瓶！这个季节脸干的美女可以多用纯露！</span></span></span></p><p style=\"margin-top: 1.12em; margin-bottom: 1.12em; padding: 0px; font-family: tahoma, arial, 宋体, sans-serif; font-size: 14px; line-height: 21px; white-space: normal; background-color: rgb(255, 255, 255);\"><span style=\"font-size: 18px;\"><span style=\"font-family: &#39;microsoft yahei&#39;;\"><span style=\"line-height: 23px; orphans: 2; widows: 2;\"></span></span></span><span style=\"font-size: 18px;\"><span style=\"font-family: &#39;microsoft yahei&#39;;\"><span style=\"line-height: 23px; orphans: 2; widows: 2;\"><strong>第二步：</strong></span></span></span><span style=\"font-size: 18px;\"><span style=\"font-family: &#39;microsoft yahei&#39;;\"><span style=\"line-height: 23px; orphans: 2; widows: 2;\">用保湿精华一到两滴点涂全脸！就是最小瓶那支！注意，不要用多，要不然会变成油田！</span></span></span><span style=\"font-size: 18px;\"><span style=\"font-family: &#39;microsoft yahei&#39;;\"><span style=\"line-height: 23px; orphans: 2; widows: 2;\"><br/><strong>第三步：</strong>取黄豆粒大小蜗牛面霜涂抹按摩全脸就ok了，很清爽不会油腻！</span></span></span></p><p style=\"margin-top: 1.12em; margin-bottom: 1.12em; padding: 0px; font-family: tahoma, arial, 宋体, sans-serif; font-size: 14px; line-height: 21px; white-space: normal; background-color: rgb(255, 255, 255);\"><span style=\"font-size: 18px;\"><span style=\"font-family: &#39;microsoft yahei&#39;;\"><span style=\"line-height: 23px; orphans: 2; widows: 2;\"><strong>注意</strong>因为我家img套盒蜗牛面霜纯度高，所以大家只用黄豆大小就可以，而且蜗牛面霜是一款修复型面霜，最好是留在晚上用。白天大家可以用自己的补水类的乳霜代替！</span></span></span></p><p style=\"margin-top: 1.12em; margin-bottom: 1.12em; padding: 0px; font-family: tahoma, arial, 宋体, sans-serif; font-size: 14px; line-height: 21px; white-space: normal; background-color: rgb(255, 255, 255);\"><span style=\"font-size: 18px;\"><span style=\"font-family: &#39;microsoft yahei&#39;;\"><span style=\"line-height: 23px; orphans: 2; widows: 2;\">使用顺序不能随意改变，按照我说的一步一步来，因为套盒能够修复肌肤，所以有些皮肤底层有炎症或者爱化妆、毛孔堵色、之前爱长痘的妹子有些会出现排毒反毒的现象，有些会长痘。大家不要怕，因为只有把皮肤底层修复好了，皮肤表层才看起来光亮透彻。 一直使用，一般一个星期反毒的痘痘就会全部好了。</span></span></span></p><p style=\"margin-top: 1.12em; margin-bottom: 1.12em; padding: 0px; font-family: tahoma, arial, 宋体, sans-serif; font-size: 14px; line-height: 21px; white-space: normal; background-color: rgb(255, 255, 255);\"><span style=\"font-size: 18px;\"><span style=\"font-family: &#39;microsoft yahei&#39;;\"><span style=\"line-height: 23px; orphans: 2; widows: 2;\">如果有一个月以上反毒状态不好的姐妹，说明你皮肤新陈代谢很差，可以停用一到两周套盒，等皮肤彻底排完毒在用套盒就ok了！用套盒一般一周开始皮肤感觉变好，不要问我为什么不会一用就好皮肤我家套盒法国原材料进口，纯植物提取，安全有效，绝不含铅汞和激素！</span></span></span></p><p><img src=\"/ueditor/php/upload/image/20150901/1441093430126784.jpg\" style=\"\" title=\"1441093430126784.jpg\"/></p><p><img src=\"/ueditor/php/upload/image/20150901/1441093430824661.jpg\" style=\"\" title=\"1441093430824661.jpg\"/></p><p><img src=\"/ueditor/php/upload/image/20150901/1441093430796303.jpg\" style=\"\" title=\"1441093430796303.jpg\"/></p><p></p><p><img src=\"/ueditor/php/upload/image/20150901/1441093430362714.jpg\" style=\"\" title=\"1441093430362714.jpg\"/></p><p><br/></p>','','0','58');/* MySQLReback Separation */
 /* 插入数据 `lx_goods` */
 INSERT INTO `lx_goods` VALUES ('433','00000001','307','0','104','79','奔驰  S500','                                奔驰  S500','images/2015-09-01/1441093602_195195911555e557e28c434.jpg','0','0','1','0','1','1','1','2015-09-01 16:10:29','99','<p><img title=\"1441093533625509.jpg\" alt=\"u_201506171733283184218110[1].jpg\" src=\"/ueditor/php/upload/image/20150901/1441093533625509.jpg\"/></p>','','0','58'),('434','00000001','308','0','105','79','宝马  750','                                宝马  750','images/2015-09-01/1441093832_87253037955e558c8986d0.jpg','0','0','1','0','1','1','1','2015-09-01 16:10:34','99','<p><img title=\"1441093779121874.jpg\" alt=\"u_201508151159460695699110[1].jpg\" src=\"/ueditor/php/upload/image/20150901/1441093779121874.jpg\"/></p>','','0','58'),('435','00013','297','27','100','69','华为  P8高配版','            高配64G                                                    ','images/2015-09-01/1441093973_38958593655e5595544f12.jpg','0','0','1','0','1','1','1','2015-09-01 16:54:33','9','<p class=\"attr-list-hd tm-clear\" style=\"margin-top: 0px; margin-bottom: 0px; padding: 5px 20px; line-height: 22px; color: rgb(153, 153, 153); font-family: tahoma, arial, 微软雅黑, sans-serif; font-size: 12px; white-space: normal; background-color: rgb(255, 255, 255);\"><span style=\"margin: 0px; padding: 0px; font-weight: 700; float: left;\">产品参数：</span></p><ul id=\"J_AttrUL\" style=\"list-style-type: none;\" class=\" list-paddingleft-2\"><li><p><span style=\"font-size: 12px;\">产品名称：Huawei/华为 P8高配版</span></p></li><li><p><span style=\"font-size: 12px;\">华为型号:&nbsp;P8高配版</span></p></li><li><p><span style=\"font-size: 12px;\">机身颜色:&nbsp;皓月银&nbsp;苍穹黑&nbsp;流光金</span></p></li><li><p><span style=\"font-size: 12px;\">运行内存RAM:&nbsp;3GB</span></p></li><li><p><span style=\"font-size: 12px;\">机身内存:&nbsp;64GB</span></p></li><li><p><span style=\"font-size: 12px;\">网络模式:&nbsp;双卡多模</span></p></li><li><p><span style=\"font-size: 12px;\">电池容量:&nbsp;2680mAh</span></p></li></ul><p style=\"text-align: center\"><img src=\"/ueditor/php/upload/image/20150901/1441093769459364.jpg\" style=\"width: 692px; height: 498px;\" title=\"1441093769459364.jpg\" width=\"692\" height=\"498\"/></p><p style=\"text-align: center\"><img src=\"/ueditor/php/upload/image/20150901/1441093770104554.jpg\" style=\"\" title=\"1441093770104554.jpg\"/></p><p style=\"text-align: center\"><img src=\"/ueditor/php/upload/image/20150901/1441093770104227.jpg\" style=\"width: 720px; height: 683px;\" title=\"1441093770104227.jpg\" width=\"720\" height=\"683\"/></p><p style=\"text-align: center\"><img src=\"/ueditor/php/upload/image/20150901/1441093770957155.jpg\" style=\"\" title=\"1441093770957155.jpg\"/></p><p style=\"text-align: center\"><img src=\"/ueditor/php/upload/image/20150901/1441093771107545.jpg\" style=\"width: 721px; height: 996px;\" title=\"1441093771107545.jpg\" width=\"721\" height=\"996\"/></p><p style=\"text-align: center\"><img src=\"/ueditor/php/upload/image/20150901/1441093771788729.jpg\" style=\"width: 716px; height: 1185px;\" title=\"1441093771788729.jpg\" width=\"716\" height=\"1185\"/></p><p style=\"text-align: center\"><img src=\"/ueditor/php/upload/image/20150901/1441093771507387.jpg\" style=\"\" title=\"1441093771507387.jpg\"/></p><p style=\"text-align: center\"><img src=\"/ueditor/php/upload/image/20150901/1441093772106985.jpg\" style=\"width: 719px; height: 984px;\" title=\"1441093772106985.jpg\" width=\"719\" height=\"984\"/></p><p style=\"text-align: center\"><img src=\"/ueditor/php/upload/image/20150901/1441093772139074.jpg\" style=\"width: 716px; height: 1127px;\" title=\"1441093772139074.jpg\" width=\"716\" height=\"1127\"/></p><p style=\"text-align: center\"><img src=\"/ueditor/php/upload/image/20150901/1441093773131969.jpg\" style=\"width: 714px; height: 989px;\" title=\"1441093773131969.jpg\" width=\"714\" height=\"989\"/></p><p style=\"text-align: center\"><img src=\"/ueditor/php/upload/image/20150901/1441093773710024.jpg\" style=\"width: 716px; height: 1143px;\" title=\"1441093773710024.jpg\" width=\"716\" height=\"1143\"/></p><p style=\"text-align: center\"><img src=\"/ueditor/php/upload/image/20150901/1441093773752754.jpg\" style=\"width: 716px; height: 994px;\" title=\"1441093773752754.jpg\" width=\"716\" height=\"994\"/></p><p style=\"text-align: center\"><img src=\"/ueditor/php/upload/image/20150901/1441093774310302.jpg\" style=\"width: 719px; height: 1495px;\" title=\"1441093774310302.jpg\" width=\"719\" height=\"1495\"/></p><p><br/></p>','','30','58'),('425','00000003','303','0','101','76','格力 全能王3P','                             格力 全能王3P','images/2015-09-01/1441089786_73012746855e548fa69730.png','0','0','1','1','1','1','1','2015-09-01 16:09:44','97','<p><img title=\"1441089743653867.png\" alt=\"[(KEZV7N67VKDVVA05OL$M5.png\" src=\"/ueditor/php/upload/image/20150901/1441089743653867.png\"/></p>','','0','58');/* MySQLReback Separation */
 /* 插入数据 `lx_goods` */
 INSERT INTO `lx_goods` VALUES ('426','00000004','303','0','101','76','格力空调 幸福岛1点5P','格力空调 幸福岛1.5P','images/2015-09-01/1441090026_147457764555e549ea81167.jpg','0','0','1','0','1','1','1','2015-09-01 16:09:49','96','<p><img title=\"1441089958906206.jpg\" alt=\"wKhQMFMZqsiEQDzKAAAAAGzK2IQ169[1].jpg\" src=\"/ueditor/php/upload/image/20150901/1441089958906206.jpg\"/></p>','','0','58');/* MySQLReback Separation */
 /* 插入数据 `lx_goods` */
 INSERT INTO `lx_goods` VALUES ('427','00000005','303','0','101','76','格力  冷静王2代','                                       格力  冷静王2代','images/2015-09-01/1441090447_184333628155e54b8f91a99.png','0','0','1','0','1','1','1','2015-09-01 16:09:55','95','<p><img title=\"1441090407226476.png\" alt=\"N7@B_1MW$LVAFS2S((YAQ2H.png\" src=\"/ueditor/php/upload/image/20150901/1441090407226476.png\"/></p>','','0','58'),('428','00000006','303','0','101','76','格力  Q铂','                                Gree/格力 KFR-32GW/(32596)FNAa-A3Q铂1.5匹变频挂机冷暖空调 ','images/2015-09-01/1441090656_209425956655e54c60e26cd.png','0','0','1','0','1','1','1','2015-09-01 16:10:02','94','<p><img title=\"1441090637135666.png\" alt=\"X1NC[TA(J][)21J5RRJ[IIB.png\" src=\"/ueditor/php/upload/image/20150901/1441090637135666.png\"/></p>','','0','58');/* MySQLReback Separation */
 /* 插入数据 `lx_goods` */
 INSERT INTO `lx_goods` VALUES ('429','00000001','305','14','103','59','极致水漾蚕丝img爱美肌面膜贴嫩肤补水美白保湿','              收紧面部皮肤 提升下垂眼睑 脸膛 下巴 皮肤恢复紧致 细腻 光滑弹性之美 打造V脸视觉 ②结合液态金丝精华具有很好的拉伸延展性③紧贴肌肤 密封护理 加强肌肤吸收 超高性价比一瓶多用 可用于身体各个部位护理                  ','images/2015-09-01/1441091378_196325916155e54f32f0202.jpg','0','0','1','0','1','1','1','2015-09-01 16:10:07','10000','<p style=\"margin-top: 1.12em; margin-bottom: 1.12em; padding: 0px; font-family: tahoma, arial, 宋体, sans-serif; font-size: 13.63px; white-space: normal; background-color: rgb(255, 255, 255); line-height: 30px;\"><strong><span style=\"font-family: 宋体; font-size: 14pt;\"><span style=\"color: rgb(255, 0, 0);\">【产品功效】：</span></span></strong></p><p style=\"margin-top: 1.12em; margin-bottom: 1.12em; padding: 0px; font-family: tahoma, arial, 宋体, sans-serif; font-size: 13.63px; white-space: normal; background-color: rgb(255, 255, 255); line-height: 30px;\"><strong><span style=\"font-family: 宋体; font-size: 14pt;\"><span style=\"color: rgb(255, 0, 0);\"></span></span></strong><span style=\"line-height: 1.5;\"><span style=\"font-size: 18px;\"><span style=\"color: rgb(53, 28, 117);\">强力锁水，对干燥，细纹，暗黄，粗糙，痘痘，红血丝肤质都有改善</span></span></span></p><p><strong style=\"line-height: 1.5;\"><span style=\"font-family: 宋体; font-size: 14pt;\"><span style=\"color: rgb(53, 28, 117);\"></span></span></strong></p><p style=\"margin-top: 1.12em; margin-bottom: 1.12em; padding: 0px; font-family: tahoma, arial, 宋体, sans-serif; font-size: 13.63px; white-space: normal; background-color: rgb(255, 255, 255); line-height: 30px;\"><strong><span style=\"font-family: 宋体; font-size: 14pt;\"><span style=\"color: rgb(255, 0, 0);\">【使用方法】：</span></span></strong><strong><span style=\"font-size: 14pt;\"></span></strong></p><p style=\"margin-top: 1.12em; margin-bottom: 1.12em; padding: 0px; font-family: tahoma, arial, 宋体, sans-serif; font-size: 13.63px; white-space: normal; background-color: rgb(255, 255, 255); line-height: 30px;\"><span style=\"color: rgb(53, 28, 117);\"><strong><span style=\"font-family: 宋体; font-size: 14pt;\">一、清洁面部肌肤后，打开包装，取出面膜贴；</span></strong><strong><span style=\"font-size: 14pt;\"></span></strong></span></p><p style=\"margin-top: 1.12em; margin-bottom: 1.12em; padding: 0px; font-family: tahoma, arial, 宋体, sans-serif; font-size: 13.63px; white-space: normal; background-color: rgb(255, 255, 255); line-height: 30px;\"><span style=\"color: rgb(53, 28, 117);\"><strong><span style=\"font-family: 宋体; font-size: 14pt;\">二、将面膜珠光膜向外覆于面部后轻轻将珠光膜去除，然后用手指轻压整理，使蚕丝面膜紧贴面部；</span></strong><strong><span style=\"font-size: 14pt;\"></span></strong></span></p><p style=\"margin-top: 1.12em; margin-bottom: 1.12em; padding: 0px; font-family: tahoma, arial, 宋体, sans-serif; font-size: 13.63px; white-space: normal; background-color: rgb(255, 255, 255); line-height: 30px;\"><span style=\"color: rgb(53, 28, 117);\"><strong><span style=\"font-family: 宋体; font-size: 14pt;\">三、敷面</span></strong><strong><span style=\"font-size: 14pt;\">15-20</span></strong><strong><span style=\"font-family: 宋体; font-size: 14pt;\">分钟，让肌肤充分吸收精华成分；</span></strong><strong><span style=\"font-size: 14pt;\"></span></strong></span></p><p style=\"margin-top: 1.12em; margin-bottom: 1.12em; padding: 0px; font-family: tahoma, arial, 宋体, sans-serif; font-size: 13.63px; white-space: normal; background-color: rgb(255, 255, 255); line-height: 30px;\"><span style=\"color: rgb(53, 28, 117);\"><strong><span style=\"font-family: 宋体; font-size: 14pt;\">四、日常美容护理，每周</span></strong><strong><span style=\"font-size: 14pt;\">2-3</span></strong><strong><span style=\"font-family: 宋体; font-size: 14pt;\">次。如肌肤严重缺水，需加强护理，每天一张，连续</span></strong><strong><span style=\"font-size: 14pt;\">5</span></strong><strong><span style=\"font-family: 宋体; font-size: 14pt;\">天；</span></strong></span></p><p style=\"margin-top: 1.12em; margin-bottom: 1.12em; padding: 0px; font-family: tahoma, arial, 宋体, sans-serif; font-size: 13.63px; white-space: normal; background-color: rgb(255, 255, 255); line-height: 30px;\"><strong style=\"color: rgb(53, 28, 117); line-height: 1.5;\"><span style=\"font-family: 宋体; font-size: 14pt;\">五、使用后，面部会有余留的精华液，可用手轻拍面部是脸上多余的液体被皮肤很好的吸收，面膜使用后可丢弃。袋内剩余精华，可涂抹拍打于颈部、身体、以及面部。</span></strong></p><p></p><p></p><p><img src=\"/ueditor/php/upload/image/20150901/1441090892441118.jpg\" style=\"\" title=\"1441090892441118.jpg\"/></p><p><img src=\"/ueditor/php/upload/image/20150901/1441090892106731.jpg\" style=\"\" title=\"1441090892106731.jpg\"/></p><p><img src=\"/ueditor/php/upload/image/20150901/1441090892509281.jpg\" style=\"\" title=\"1441090892509281.jpg\"/></p><p><img src=\"/ueditor/php/upload/image/20150901/1441090892107514.jpg\" style=\"\" title=\"1441090892107514.jpg\"/></p><p><img src=\"/ueditor/php/upload/image/20150901/1441090988121547.jpg\" style=\"\" title=\"1441090988121547.jpg\" alt=\"8888888.jpg\"/><img src=\"/ueditor/php/upload/image/20150901/1441090988443356.jpg\" title=\"1441090988443356.jpg\" alt=\"7777.jpg\"/></p><p><br/></p>','','0','58');/* MySQLReback Separation */
 /* 插入数据 `lx_goods` */
 INSERT INTO `lx_goods` VALUES ('386','00006','293','27','100','69','OPPO R7 Plus','        双卡双待，极速闪充                                                                                        ','images/2015-09-01/1441068590_176822390355e4f62e95d6e.jpg','0','0','1','1','1','1','1','2015-09-01 16:55:35','9','<p class=\"attr-list-hd tm-clear\" style=\"margin-top: 0px; margin-bottom: 0px; padding: 5px 20px; line-height: 22px; color: rgb(153, 153, 153); font-family: tahoma, arial, 微软雅黑, sans-serif; font-size: 12px; white-space: normal; background-color: rgb(255, 255, 255);\"><span style=\"margin: 0px; padding: 0px; font-weight: 700; float: left;\">产品参数：</span></p><ul id=\"J_AttrUL\" style=\"list-style-type: none;\" class=\" list-paddingleft-2\"><li><p><span style=\"font-size: 12px; color: rgb(63, 63, 63);\">产品名称：OPPO R7 Plus</span></p></li><li><p><span style=\"font-size: 12px; color: rgb(63, 63, 63);\">OPPO型号:&nbsp;r7 plus</span></p></li><li><p><span style=\"font-size: 12px; color: rgb(63, 63, 63);\">机身颜色:&nbsp;金色</span></p></li><li><p><span style=\"font-size: 12px; color: rgb(63, 63, 63);\">运行内存RAM:&nbsp;3GB</span></p></li><li><p><span style=\"font-size: 12px; color: rgb(63, 63, 63);\">机身内存:&nbsp;32GB</span></p></li><li><p><span style=\"font-size: 12px; color: rgb(63, 63, 63);\">网络模式:&nbsp;双卡多模</span></p></li><li><p><span style=\"font-size: 12px; color: rgb(63, 63, 63);\">电池容量:&nbsp;4100mAh</span></p></li></ul><p style=\"text-align: center\"><img src=\"/ueditor/php/upload/image/20150901/1441067820248465.png\" style=\"\" title=\"1441067820248465.png\"/></p><p style=\"text-align: center\"><img src=\"/ueditor/php/upload/image/20150901/1441067820765707.jpg\" style=\"\" title=\"1441067820765707.jpg\"/></p><p style=\"text-align: center\"><img src=\"/ueditor/php/upload/image/20150901/1441067820871565.jpg\" style=\"\" title=\"1441067820871565.jpg\"/></p><p style=\"text-align: center\"><img src=\"/ueditor/php/upload/image/20150901/1441067822240117.jpg\" style=\"\" title=\"1441067822240117.jpg\"/></p><p style=\"text-align: center\"><img src=\"/ueditor/php/upload/image/20150901/1441067822846176.jpg\" style=\"\" title=\"1441067822846176.jpg\"/></p><p style=\"text-align: center\"><img src=\"/ueditor/php/upload/image/20150901/1441067822735154.jpg\" style=\"\" title=\"1441067822735154.jpg\"/></p><p style=\"text-align: center\"><img src=\"/ueditor/php/upload/image/20150901/1441067823695823.jpg\" style=\"\" title=\"1441067823695823.jpg\"/></p><p style=\"text-align: center\"><img src=\"/ueditor/php/upload/image/20150901/1441067823734982.jpg\" style=\"\" title=\"1441067823734982.jpg\"/></p><p style=\"text-align: center\"><img src=\"/ueditor/php/upload/image/20150901/1441067823614752.jpg\" style=\"\" title=\"1441067823614752.jpg\"/></p><p style=\"text-align: center\"><img src=\"/ueditor/php/upload/image/20150901/1441067824149836.jpg\" style=\"\" title=\"1441067824149836.jpg\"/></p><p style=\"text-align: center\"><img src=\"/ueditor/php/upload/image/20150901/1441067825112347.jpg\" style=\"\" title=\"1441067825112347.jpg\"/></p><p style=\"text-align: center\"><img src=\"/ueditor/php/upload/image/20150901/1441067825396150.jpg\" style=\"\" title=\"1441067825396150.jpg\"/></p><p style=\"text-align: center\"><img src=\"/ueditor/php/upload/image/20150901/1441067825866487.jpg\" style=\"\" title=\"1441067825866487.jpg\"/></p><p style=\"text-align: center\"><img src=\"/ueditor/php/upload/image/20150901/1441067826314132.jpg\" style=\"\" title=\"1441067826314132.jpg\"/></p><p><br/></p>','','30','58');/* MySQLReback Separation */
 /* 插入数据 `lx_goods` */
 INSERT INTO `lx_goods` VALUES ('387','00007','293','27','100','69','OPPO R7t','                                                                ','images/2015-09-01/1441069664_160625400155e4fa60679aa.jpg','0','0','1','0','1','1','1','2015-09-01 12:10:08','6','<p class=\"attr-list-hd tm-clear\" style=\"margin-top: 0px; margin-bottom: 0px; padding: 5px 20px; line-height: 22px; color: rgb(153, 153, 153); font-family: tahoma, arial, 微软雅黑, sans-serif; font-size: 12px; white-space: normal; background-color: rgb(255, 255, 255);\"><span style=\"margin: 0px; padding: 0px; font-weight: 700; float: left;\">产品参数：</span></p><ul id=\"J_AttrUL\" style=\"list-style-type: none;\" class=\" list-paddingleft-2\"><li><p><span style=\"font-size: 12px; color: rgb(63, 63, 63);\">产品名称：OPPO R7t</span></p></li><li><p><span style=\"font-size: 12px; color: rgb(63, 63, 63);\">OPPO型号:&nbsp;R7T</span></p></li><li><p><span style=\"font-size: 12px; color: rgb(63, 63, 63);\">机身颜色:&nbsp;金色&nbsp;银色</span></p></li><li><p><span style=\"font-size: 12px; color: rgb(63, 63, 63);\">运行内存RAM:&nbsp;3GB</span></p></li><li><p><span style=\"font-size: 12px; color: rgb(63, 63, 63);\">机身内存:&nbsp;16GB</span></p></li><li><p><span style=\"font-size: 12px; color: rgb(63, 63, 63);\">网络模式:&nbsp;双卡多模</span></p></li><li><p><span style=\"font-size: 12px; color: rgb(63, 63, 63);\">电池容量:&nbsp;2320mAh</span></p></li></ul><p style=\"text-align: center\"><img src=\"/ueditor/php/upload/image/20150901/1441068839361208.jpg\" style=\"\" title=\"1441068839361208.jpg\"/></p><p style=\"text-align: center\"><img src=\"/ueditor/php/upload/image/20150901/1441068839957801.jpg\" style=\"\" title=\"1441068839957801.jpg\"/></p><p style=\"text-align: center\"><img src=\"/ueditor/php/upload/image/20150901/1441068840327773.jpg\" style=\"\" title=\"1441068840327773.jpg\"/></p><p style=\"text-align: center\"><img src=\"/ueditor/php/upload/image/20150901/1441068840922601.jpg\" style=\"\" title=\"1441068840922601.jpg\"/></p><p style=\"text-align: center\"><img src=\"/ueditor/php/upload/image/20150901/1441068841123647.jpg\" style=\"\" title=\"1441068841123647.jpg\"/></p><p style=\"text-align: center\"><img src=\"/ueditor/php/upload/image/20150901/1441068841146996.jpg\" style=\"\" title=\"1441068841146996.jpg\"/></p><p style=\"text-align: center\"><img src=\"/ueditor/php/upload/image/20150901/1441068841118888.jpg\" style=\"\" title=\"1441068841118888.jpg\"/></p><p style=\"text-align: center\"><img src=\"/ueditor/php/upload/image/20150901/1441068841110879.jpg\" style=\"\" title=\"1441068841110879.jpg\"/></p><p style=\"text-align: center\"><img src=\"/ueditor/php/upload/image/20150901/1441068842140550.jpg\" style=\"\" title=\"1441068842140550.jpg\"/></p><p style=\"text-align: center\"><img src=\"/ueditor/php/upload/image/20150901/1441068842906507.jpg\" style=\"\" title=\"1441068842906507.jpg\"/></p><p><br/></p>','','30','58');/* MySQLReback Separation */
 /* 插入数据 `lx_goods` */
 INSERT INTO `lx_goods` VALUES ('430','00000007','303','0','101','76','美的  大一匹','                                     美的 KFR-26GW/WCAA3  大一匹','images/2015-09-01/1441091213_196190611455e54e8d43f24.jpg','0','0','1','0','1','1','1','2015-09-01 16:10:12','93','<p><img title=\"1441091161612471.jpg\" alt=\"0067Exuzgy6UhXqtuZleb&amp;690[1].jpg\" src=\"/ueditor/php/upload/image/20150901/1441091161612471.jpg\"/></p>','','0','58'),('431','00012','292','27','100','69','小米 小米手机4','                                                                ','images/2015-09-01/1441091814_193138558555e550e6edac6.jpg','0','0','1','0','1','1','1','2015-09-03 17:51:11','9','<p class=\"attr-list-hd tm-clear\" style=\"margin-top: 0px; margin-bottom: 0px; padding: 5px 20px; line-height: 22px; color: rgb(153, 153, 153); font-family: tahoma, arial, 微软雅黑, sans-serif; font-size: 12px; white-space: normal; background-color: rgb(255, 255, 255);\"><span style=\"margin: 0px; padding: 0px; font-weight: 700; float: left;\">产品参数：</span></p><ul id=\"J_AttrUL\" style=\"list-style-type: none;\" class=\" list-paddingleft-2\"><li><p><span style=\"font-size: 12px;\">产品名称：Xiaomi/小米 小米手机4</span></p></li><li><p><span style=\"font-size: 12px;\">型号:&nbsp;小米手机4</span><br/></p></li><li><p><span style=\"font-size: 12px;\">机身颜色:&nbsp;雅黑&nbsp;白色</span></p></li><li><p><span style=\"font-size: 12px;\">运行内存RAM: 3GB</span></p></li><li><p><span style=\"font-size: 12px;\">机身内存:&nbsp;16GB</span></p></li><li><p><span style=\"font-size: 12px;\">网络模式:&nbsp;单卡多模</span></p></li><li><p><span style=\"font-size: 12px;\">电池容量:&nbsp;3000mAh</span></p></li></ul><p style=\"text-align: center\"><img src=\"/ueditor/php/upload/image/20150901/1441091686121448.jpg\" style=\"\" title=\"1441091686121448.jpg\"/></p><p style=\"text-align: center\"><img src=\"/ueditor/php/upload/image/20150901/1441091686583597.jpg\" style=\"\" title=\"1441091686583597.jpg\"/></p><p style=\"text-align: center\"><img src=\"/ueditor/php/upload/image/20150901/1441091687648015.jpg\" style=\"\" title=\"1441091687648015.jpg\"/></p><p style=\"text-align: center\"><img src=\"/ueditor/php/upload/image/20150901/1441091687584199.jpg\" style=\"\" title=\"1441091687584199.jpg\"/><img src=\"http://wsq.cccuu.com/ueditor/php/upload/image/20150901/1441091687576496.jpg\" title=\"1441091687576496.jpg\" style=\"text-align: center; white-space: normal;\"/></p><p style=\"text-align: center\"><img src=\"/ueditor/php/upload/image/20150901/1441091687427133.jpg\" style=\"\" title=\"1441091687427133.jpg\"/></p><p style=\"text-align: center\"><img src=\"/ueditor/php/upload/image/20150901/1441091687521674.jpg\" style=\"\" title=\"1441091687521674.jpg\"/></p><p style=\"text-align: center\"><img src=\"/ueditor/php/upload/image/20150901/1441091687407984.jpg\" style=\"\" title=\"1441091687407984.jpg\"/></p><p style=\"text-align: center\"><img src=\"/ueditor/php/upload/image/20150901/1441091687541813.jpg\" style=\"\" title=\"1441091687541813.jpg\"/></p><p style=\"text-align: center\"><img src=\"/ueditor/php/upload/image/20150901/1441091687714026.jpg\" style=\"\" title=\"1441091687714026.jpg\"/></p><p style=\"text-align: center\"><img src=\"/ueditor/php/upload/image/20150901/1441091687283149.jpg\" style=\"\" title=\"1441091687283149.jpg\"/></p><p style=\"text-align: center\"><img src=\"/ueditor/php/upload/image/20150901/1441091687116022.jpg\" style=\"\" title=\"1441091687116022.jpg\"/></p><p style=\"text-align: center\"><img src=\"/ueditor/php/upload/image/20150901/1441091687112601.jpg\" style=\"\" title=\"1441091687112601.jpg\"/></p><p style=\"text-align: center\"><img src=\"/ueditor/php/upload/image/20150901/1441091687966063.jpg\" style=\"\" title=\"1441091687966063.jpg\"/></p><p style=\"text-align: center\"><img src=\"/ueditor/php/upload/image/20150901/1441091687275962.jpg\" style=\"\" title=\"1441091687275962.jpg\"/></p><p style=\"text-align: center\"><img src=\"/ueditor/php/upload/image/20150901/1441091687320844.jpg\" style=\"\" title=\"1441091687320844.jpg\"/></p><p style=\"text-align: center\"><img src=\"/ueditor/php/upload/image/20150901/1441091687543018.jpg\" style=\"\" title=\"1441091687543018.jpg\"/></p><p style=\"text-align: center\"><img src=\"/ueditor/php/upload/image/20150901/1441091687799960.jpg\" style=\"\" title=\"1441091687799960.jpg\"/></p><p style=\"text-align: center\"><img src=\"/ueditor/php/upload/image/20150901/1441091687119253.jpg\" style=\"\" title=\"1441091687119253.jpg\"/></p><p style=\"text-align: center\"><img src=\"/ueditor/php/upload/image/20150901/1441091687118199.jpg\" style=\"\" title=\"1441091687118199.jpg\"/></p><p style=\"text-align: center\"><img src=\"/ueditor/php/upload/image/20150901/1441091687255049.jpg\" style=\"\" title=\"1441091687255049.jpg\"/></p><p style=\"text-align: center\"><img src=\"/ueditor/php/upload/image/20150901/1441091687888606.jpg\" style=\"\" title=\"1441091687888606.jpg\"/></p><p><br/></p>','','30','58');/* MySQLReback Separation */
 /* 插入数据 `lx_goods` */
 INSERT INTO `lx_goods` VALUES ('539','000000013','327','0','97','65','苏烟  大苏','                                 苏烟 大苏','images/2015-09-03/1441259903_49792267355e7e17fec844.jpg','0','0','1','0','0','1','1','2015-09-03 13:58:24','87','<p><img title=\"1441259792122098.jpg\" alt=\"大苏烟.jpg\" src=\"/ueditor/php/upload/image/20150903/1441259792122098.jpg\"/></p>','','0','58');/* MySQLReback Separation */
 /* 插入数据 `lx_goods` */
 INSERT INTO `lx_goods` VALUES ('540','00000014','327','0','97','65','苏烟 小苏5星','                           苏烟 小苏5星','images/2015-09-03/1441260026_47183535455e7e1fa1ee79.jpg','0','0','1','0','0','1','1','2015-09-03 14:00:26','76','<p><img title=\"1441259991111052.jpg\" alt=\"苏烟 5星小苏.jpg\" src=\"/ueditor/php/upload/image/20150903/1441259991111052.jpg\"/></p>','','0','58'),('537','00000010','327','0','97','65','中华   红软','                                中华  红软','images/2015-09-03/1441241573_169620375655e799e5badd6.jpg','0','0','1','0','0','1','1','2015-09-03 08:52:53','90','<p><img title=\"1441241546747806.jpg\" alt=\"中华 软.jpg\" src=\"/ueditor/php/upload/image/20150903/1441241546747806.jpg\"/></p>','','0','58'),('538','00000012','327','0','97','65','中华  红硬','                                中华  红硬','images/2015-09-03/1441243730_211466461255e7a2529f45d.jpg','0','0','1','0','0','1','1','2015-09-03 09:28:50','88','<p><img title=\"1441243652120325.jpg\" alt=\"中华 硬.jpg\" src=\"/ueditor/php/upload/image/20150903/1441243652120325.jpg\"/></p>','','0','58'),('422','00000001','303','0','101','76','格力空调立体式','                                格力（GREE）KFR-50LW/(50587)FNAa-A1 2匹立柜式变频冷暖家用空调 全能王-玫瑰系列','images/2015-09-01/1441079924_134320991655e522744aa16.jpg','0','0','1','0','1','1','1','2015-09-01 12:09:31','99','<p><img title=\"1441079210140666.jpg\" alt=\"115514178_800[1].jpg\" src=\"/ueditor/php/upload/image/20150901/1441079210140666.jpg\"/></p>','','0','58');/* MySQLReback Separation */
 /* 插入数据 `lx_goods` */
 INSERT INTO `lx_goods` VALUES ('423','00011','298','27','100','69','vivo X5Pro','                        双卡多模，手品之美        ','images/2015-09-01/1441079734_97746046255e521b62f556.jpg','0','0','1','0','1','1','1','2015-09-01 12:09:26','8','<p class=\"attr-list-hd tm-clear\" style=\"margin-top: 0px; margin-bottom: 0px; padding: 5px 20px; line-height: 22px; color: rgb(153, 153, 153); font-family: tahoma, arial, 微软雅黑, sans-serif; font-size: 12px; white-space: normal; background-color: rgb(255, 255, 255);\"><span style=\"margin: 0px; padding: 0px; font-weight: 700; float: left;\">产品参数：</span></p><ul id=\"J_AttrUL\" style=\"list-style-type: none;\" class=\" list-paddingleft-2\"><li><p><span style=\"font-size: 12px;\">产品名称：vivo X5Pro(32G)</span></p></li><li><p><span style=\"font-size: 12px;\">型号:&nbsp;X5Pro(32G)</span></p></li><li><p><span style=\"font-size: 12px;\">机身颜色:&nbsp;极夜黑&nbsp;极光白</span></p></li><li><p><span style=\"font-size: 12px;\">运行内存RAM:&nbsp;2GB</span></p></li><li><p><span style=\"font-size: 12px;\">机身内存:&nbsp;32GB</span></p></li><li><p><span style=\"font-size: 12px;\">网络模式:&nbsp;双卡多模</span></p></li><li><p><span style=\"font-size: 12px;\">电池容量:&nbsp;2300mAh</span></p></li></ul><p style=\"text-align: center\"><img src=\"/ueditor/php/upload/image/20150901/1441079436166145.jpg\" style=\"\" title=\"1441079436166145.jpg\"/></p><p style=\"text-align: center\"><img src=\"/ueditor/php/upload/image/20150901/1441079436130485.jpg\" style=\"\" title=\"1441079436130485.jpg\"/></p><p style=\"text-align: center\"><img src=\"/ueditor/php/upload/image/20150901/1441079436453684.jpg\" style=\"\" title=\"1441079436453684.jpg\"/></p><p style=\"text-align: center\"><img src=\"/ueditor/php/upload/image/20150901/1441079437713509.jpg\" style=\"\" title=\"1441079437713509.jpg\"/></p><p style=\"text-align: center\"><img src=\"/ueditor/php/upload/image/20150901/1441079437987708.jpg\" style=\"\" title=\"1441079437987708.jpg\"/></p><p style=\"text-align: center\"><img src=\"/ueditor/php/upload/image/20150901/1441079437114684.jpg\" style=\"\" title=\"1441079437114684.jpg\"/></p><p style=\"text-align: center\"><img src=\"/ueditor/php/upload/image/20150901/1441079437750043.jpg\" style=\"\" title=\"1441079437750043.jpg\"/></p><p style=\"text-align: center\"><img src=\"/ueditor/php/upload/image/20150901/1441079438113900.jpg\" style=\"\" title=\"1441079438113900.jpg\"/></p><p style=\"text-align: center\"><img src=\"/ueditor/php/upload/image/20150901/1441079438454888.jpg\" style=\"\" title=\"1441079438454888.jpg\"/></p><p style=\"text-align: center\"><img src=\"/ueditor/php/upload/image/20150901/1441079438715145.jpg\" style=\"\" title=\"1441079438715145.jpg\"/></p><p style=\"text-align: center\"><img src=\"/ueditor/php/upload/image/20150901/1441079438399377.jpg\" style=\"\" title=\"1441079438399377.jpg\"/></p><p style=\"text-align: center\"><img src=\"/ueditor/php/upload/image/20150901/1441079439833525.jpg\" style=\"\" title=\"1441079439833525.jpg\"/></p><p style=\"text-align: center\"><img src=\"/ueditor/php/upload/image/20150901/1441079439230004.jpg\" style=\"\" title=\"1441079439230004.jpg\"/></p><p style=\"text-align: center\"><img src=\"/ueditor/php/upload/image/20150901/1441079439166920.jpg\" style=\"\" title=\"1441079439166920.jpg\"/></p><p style=\"text-align: center\"><img src=\"/ueditor/php/upload/image/20150901/1441079440856332.jpg\" style=\"\" title=\"1441079440856332.jpg\"/></p><p style=\"text-align: center\"><img src=\"/ueditor/php/upload/image/20150901/1441079440117833.jpg\" style=\"\" title=\"1441079440117833.jpg\"/></p><p style=\"text-align: center\"><img src=\"/ueditor/php/upload/image/20150901/1441079440743460.jpg\" style=\"\" title=\"1441079440743460.jpg\"/></p><p style=\"text-align: center\"><img src=\"/ueditor/php/upload/image/20150901/1441079441331732.jpg\" style=\"\" title=\"1441079441331732.jpg\"/></p><p style=\"text-align: center\"><img src=\"/ueditor/php/upload/image/20150901/1441079441129999.jpg\" style=\"\" title=\"1441079441129999.jpg\"/></p><p style=\"text-align: center\"><img src=\"/ueditor/php/upload/image/20150901/1441079441108384.jpg\" style=\"\" title=\"1441079441108384.jpg\"/></p><p style=\"text-align: center\"><img src=\"/ueditor/php/upload/image/20150901/1441079442130829.jpg\" style=\"\" title=\"1441079442130829.jpg\"/></p><p style=\"text-align: center\"><img src=\"/ueditor/php/upload/image/20150901/1441079442140012.jpg\" style=\"\" title=\"1441079442140012.jpg\"/></p><p style=\"text-align: center\"><img src=\"/ueditor/php/upload/image/20150901/1441079442724267.jpg\" style=\"\" title=\"1441079442724267.jpg\"/></p><p style=\"text-align: center\"><img src=\"/ueditor/php/upload/image/20150901/1441079442700342.jpg\" style=\"\" title=\"1441079442700342.jpg\"/></p><p style=\"text-align: center\"><img src=\"/ueditor/php/upload/image/20150901/1441079443127602.jpg\" style=\"\" title=\"1441079443127602.jpg\"/></p><p style=\"text-align: center\"><img src=\"/ueditor/php/upload/image/20150901/1441079443291626.jpg\" style=\"\" title=\"1441079443291626.jpg\"/></p><p style=\"text-align: center\"><img src=\"/ueditor/php/upload/image/20150901/1441079443262020.jpg\" style=\"\" title=\"1441079443262020.jpg\"/></p><p><br/></p>','','30','58');/* MySQLReback Separation */
 /* 插入数据 `lx_goods` */
 INSERT INTO `lx_goods` VALUES ('526','00000053','326','0','97','65','洋河梦之蓝45度500毫升 蓝色经典绵柔型白酒','                                ','images/2015-09-02/1441187364_163132049955e6c6242859a.jpg','0','0','1','0','0','1','1','2015-09-02 17:49:24','321','<p><img title=\"1441187291557003.jpg\" src=\"/ueditor/php/upload/image/20150902/1441187291557003.jpg\"/></p><p><img title=\"1441187291994335.jpg\" src=\"/ueditor/php/upload/image/20150902/1441187291994335.jpg\"/></p><p><img title=\"1441187291821433.jpg\" src=\"/ueditor/php/upload/image/20150902/1441187291821433.jpg\"/></p><p></p>','','0','58'),('527','00000055','326','0','97','65','郎酒红花郎10年53度500毫升 酱香型白酒 传世酱香','                                ','images/2015-09-02/1441187663_79144247055e6c74f43fce.jpg','0','0','1','0','0','1','1','2015-09-02 17:54:23','358','<p><img title=\"1441187610127967.jpg\" src=\"/ueditor/php/upload/image/20150902/1441187610127967.jpg\"/></p><p><img title=\"1441187610135287.jpg\" src=\"/ueditor/php/upload/image/20150902/1441187610135287.jpg\"/></p><p></p>','','0','58'),('528','00000001','327','0','97','65','黄金叶  红旗渠','                                 黄金叶   红旗渠','images/2015-09-03/1441238436_103246001455e78da460f3b.jpg','0','0','1','0','0','1','1','2015-09-03 08:00:36','99','<p><img title=\"1441238360822208.jpg\" alt=\"红旗渠.jpg\" src=\"/ueditor/php/upload/image/20150903/1441238360822208.jpg\"/></p>','','0','58'),('529','00000002','327','0','97','65','黄金叶 大金元 软','                                      黄金叶 大金元 软','images/2015-09-03/1441239198_25545551055e7909e98bd6.jpg','0','0','1','0','0','1','1','2015-09-03 08:13:18','0','<p><img title=\"1441239128646294.jpg\" alt=\"黄金叶 大金元 软.jpg\" src=\"/ueditor/php/upload/image/20150903/1441239128646294.jpg\"/></p>','','0','58'),('530','00000003','327','0','97','65','黄金叶  大金元  硬','                                黄金叶 大金元 硬','images/2015-09-03/1441239422_170690083255e7917e087ab.jpg','0','0','1','0','0','1','1','2015-09-03 08:17:02','0','<p><img title=\"1441239390428467.jpg\" alt=\"黄金叶 大金元 硬.jpg\" src=\"/ueditor/php/upload/image/20150903/1441239390428467.jpg\"/></p>','','0','58'),('531','00000004','327','0','97','65','黄金叶  福满堂','                                黄金叶  福满堂','images/2015-09-03/1441239569_10361958055e79211553bd.jpg','0','0','1','0','0','1','1','2015-09-03 08:19:29','96','<p><img title=\"1441239487390857.jpg\" alt=\"黄金叶 福满堂.jpg\" src=\"/ueditor/php/upload/image/20150903/1441239487390857.jpg\"/></p>','','0','58'),('549','00000002','329','17','96','64','雅宝家具 公主床实木床美式欧式双人床气动高箱储物婚床','                                雅宝家具 公主床实木床美式欧式双人床1.5 1.8米气动高箱储物婚床                                ','images/2015-09-03/1441263213_181407653355e7ee6d69b6f.png','0','0','1','0','0','1','1','2015-09-03 15:09:39','98','<p><img title=\"1441263122111426.png\" alt=\"_QSK9_K}PB0ZF)X4KG4N8(4.png\" src=\"/ueditor/php/upload/image/20150903/1441263122111426.png\"/>雅宝家具 公主床实木床美式欧式双人床1.5 1.8米气动高箱储物婚床</p>','','0','58'),('533','00000006','327','0','97','65','黄鹤楼  雅香金','                                黄鹤楼 雅香金','images/2015-09-03/1441240281_51107779855e794d90efa8.jpg','0','0','1','0','0','1','1','2015-09-03 08:31:21','94','<p><img title=\"1441240240711702.jpg\" alt=\"黄鹤楼 雅香金.jpg\" src=\"/ueditor/php/upload/image/20150903/1441240240711702.jpg\"/></p>','','0','58'),('534','00000007','327','0','97','65','黄鹤楼  软蓝','                                ','images/2015-09-03/1441240592_9231389855e796105c3ec.jpg','0','0','1','0','0','1','1','2015-09-03 08:36:32','93','<p><img title=\"1441240349136974.jpg\" alt=\"黄鹤楼 软兰.jpg\" src=\"/ueditor/php/upload/image/20150903/1441240349136974.jpg\"/></p>','','0','58'),('535','00000008','327','0','97','65','黄鹤楼   迷彩','                                 黄鹤楼   迷彩','images/2015-09-03/1441240777_78450937955e796c951611.jpg','0','0','1','0','0','1','1','2015-09-03 08:39:37','92','<p><img title=\"1441240670841830.jpg\" alt=\"黄鹤楼 迷彩.jpg\" src=\"/ueditor/php/upload/image/20150903/1441240670841830.jpg\"/></p>','','0','58'),('536','000000009','327','0','97','65','黄金叶  帝豪','                                黄金叶  帝豪','images/2015-09-03/1441240890_164860808655e7973ae2b15.jpg','0','0','1','0','0','1','1','2015-09-03 08:41:30','91','<p><img title=\"1441240833976907.jpg\" alt=\"帝豪.jpg\" src=\"/ueditor/php/upload/image/20150903/1441240833976907.jpg\"/></p>','','0','58');/* MySQLReback Separation */
 /* 插入数据 `lx_goods` */
 INSERT INTO `lx_goods` VALUES ('525','00000040','326','0','97','65','洋河天之蓝52度480ml 蓝色经典绵柔型白酒 ','                                ','images/2015-09-02/1441187094_21494986755e6c516a1940.jpg','0','0','1','0','0','1','1','2015-09-02 17:44:54','369','<p><img title=\"1441187054695608.jpg\" src=\"/ueditor/php/upload/image/20150902/1441187054695608.jpg\"/></p><p><img title=\"1441187054550376.jpg\" src=\"/ueditor/php/upload/image/20150902/1441187054550376.jpg\"/></p><p><img title=\"1441187055103129.jpg\" src=\"/ueditor/php/upload/image/20150902/1441187055103129.jpg\"/></p><p><img title=\"1441187055690358.jpg\" src=\"/ueditor/php/upload/image/20150902/1441187055690358.jpg\"/></p><p></p>','','0','58');/* MySQLReback Separation */
 /* 插入数据 `lx_goods` */
 INSERT INTO `lx_goods` VALUES ('406','00000015','296','0','99','64','海之澜 太空保健1米2X2米','                                        海之澜 太空保健1米2X2米                                                                                                ','images/2015-09-01/1441073263_37985786755e5086f3d71c.jpg','0','0','1','0','0','1','1','2015-09-01 10:37:13','85','<p><img title=\"1441073228503471.jpg\" alt=\"海之澜太空保健+副本.jpg\" src=\"/ueditor/php/upload/image/20150901/1441073228503471.jpg\"/></p>','','0','58'),('524','00000039','326','0','97','65','洋河海之蓝52度480ml 蓝色经典绵柔型白酒','                                ','images/2015-09-02/1441186815_187552224055e6c3ff4cc83.jpg','0','0','1','0','0','1','1','2015-09-02 17:40:15','330','<p><img title=\"1441186783251735.jpg\" src=\"/ueditor/php/upload/image/20150902/1441186783251735.jpg\"/></p><p><img title=\"1441186783226347.jpg\" src=\"/ueditor/php/upload/image/20150902/1441186783226347.jpg\"/></p><p><img title=\"1441186783118242.jpg\" src=\"/ueditor/php/upload/image/20150902/1441186783118242.jpg\"/></p><p></p>','','0','58'),('424','00000002','303','0','101','76','格力 香槟','                                ','images/2015-09-01/1441089478_141779452355e547c63e864.png','0','0','1','1','1','1','1','2015-09-01 16:09:35','98','<p><img title=\"1441089441137000.png\" alt=\"1UMB2S5VVGU6ZF{JP1LD%PN.png\" src=\"/ueditor/php/upload/image/20150901/1441089441137000.png\"/></p>','','0','58'),('408','00000002','296','0','99','64','海之澜 伊丽莎白1米8X2米2','                                海之澜 伊丽莎白1米8X2米2','images/2015-09-01/1441075242_101322927555e5102a02c73.jpg','0','0','1','0','0','1','1','2015-09-04 17:40:11','98','<p><img title=\"1441075205836537.jpg\" alt=\"海之澜伊丽莎白系列.jpg\" src=\"/ueditor/php/upload/image/20150901/1441075205836537.jpg\"/></p>','','0','58'),('407','00000001','296','0','99','64','海之澜 伊丽莎白2米X2米2','                           海之澜 伊丽莎白2米X2米2 ','images/2015-09-01/1441074885_93640321655e50ec5deeaf.jpg','0','0','1','0','0','1','1','2015-09-04 17:40:22','99','<p><img title=\"1441074839612729.jpg\" alt=\"海之澜伊丽莎白系列.jpg\" src=\"/ueditor/php/upload/image/20150901/1441074839612729.jpg\"/></p>','','0','58'),('544','00000019','327','0','97','65','南京','                                南京','images/2015-09-03/1441260710_47360774755e7e4a6c142f.jpg','0','0','1','0','0','1','1','2015-09-03 14:11:50','81','<p><img title=\"1441260691521803.jpg\" alt=\"南京.jpg\" src=\"/ueditor/php/upload/image/20150903/1441260691521803.jpg\"/></p>','','0','58'),('545','00000020','327','0','97','65','玉溪  和谐','                                玉溪  和谐','images/2015-09-03/1441260996_99642166355e7e5c462c96.jpg','0','0','1','0','0','1','1','2015-09-03 14:16:36','80','<p><img title=\"1441260769706667.jpg\" alt=\"玉溪 和谐.jpg\" src=\"/ueditor/php/upload/image/20150903/1441260769706667.jpg\"/></p>','','0','58'),('546','00000021','327','0','97','65','玉溪','                                玉溪','images/2015-09-03/1441261066_94274263655e7e60a53bf1.jpg','0','0','1','0','0','1','1','2015-09-03 14:17:46','79','<p><img title=\"1441261046375065.jpg\" alt=\"玉溪.jpg\" src=\"/ueditor/php/upload/image/20150903/1441261046375065.jpg\"/></p>','','0','58'),('547','00000022','327','0','97','65','芙蓉王','                                芙蓉王','images/2015-09-03/1441261169_105856314255e7e6712debb.jpg','0','0','1','0','0','1','1','2015-09-03 14:20:56','78','<p><img title=\"1441261153136350.jpg\" alt=\"芙蓉王.jpg\" src=\"/ueditor/php/upload/image/20150903/1441261153136350.jpg\"/></p>','','0','58'),('548','00000023','327','0','97','65','云烟','                                云烟','images/2015-09-03/1441261220_59200669855e7e6a4674d2.png','0','0','1','0','0','1','1','2015-09-03 14:20:20','77','<p><img title=\"1441261204818722.png\" alt=\"云烟.png\" src=\"/ueditor/php/upload/image/20150903/1441261204818722.png\"/></p>','','0','58'),('550','00000001','329','17','96','64','雅宝家具韩式田园床公主床欧式美式双人床实木床','                                雅宝家具韩式田园床公主床欧式美式双人床实木床1.5米婚床类BH009 ','images/2015-09-03/1441264132_95354714555e7f204cfc52.png','0','0','1','0','0','1','1','2015-09-03 15:08:52','99','<p><img title=\"1441264067223464.png\" alt=\"ELR5_P6YMBEJMI1`VK95ST9.png\" src=\"/ueditor/php/upload/image/20150903/1441264067223464.png\"/></p>','','0','58'),('551','00000003','329','17','96','64','雅宝家具 简约现代板式双人床欧式床液压气动高箱储物床婚床 ','                                雅宝家具 简约现代1.8米板式双人床欧式床液压气动高箱储物床婚床 ','images/2015-09-03/1441265637_53675959055e7f7e5067a1.png','0','0','1','0','0','1','1','2015-09-03 15:33:57','97','<p><img title=\"1441265546965719.png\" alt=\"~_69G2MC18@23_B_~$CL5JE.png\" src=\"/ueditor/php/upload/image/20150903/1441265546965719.png\"/></p>','','0','58');/* MySQLReback Separation */
 /* 插入数据 `lx_goods` */
 INSERT INTO `lx_goods` VALUES ('552','00000004','329','17','96','64','雅宝儿童床双人床韩式床低高箱气动储物实木床类 ','                                雅宝儿童床1.2 1.5米板式双人床韩式床低高箱气动储物实木床类 ','images/2015-09-03/1441266930_13330575855e7fcf2eb966.png','0','0','1','0','0','1','1','2015-09-03 15:55:31','96','<p><img title=\"1441266855428424.png\" alt=\"GIMB6})%7DRPCO4Q34V6D35.png\" src=\"/ueditor/php/upload/image/20150903/1441266855428424.png\"/></p>','','0','58');/* MySQLReback Separation */
 /* 插入数据 `lx_goods` */
 INSERT INTO `lx_goods` VALUES ('553','00000005','329','17','96','64','雅宝家具 皮床真皮软床 简约双人床皮艺床软体床婚床 ','                                雅宝家具 皮床真皮软床 1.8米简约双人床皮艺床软体床婚床','images/2015-09-03/1441267383_52517653355e7feb748f81.png','0','0','1','0','0','1','1','2015-09-03 16:03:03','95','<p><img title=\"1441267329123350.png\" alt=\"9HIN22O8QDA[0YFK5{KE1~Q.png\" src=\"/ueditor/php/upload/image/20150903/1441267329123350.png\"/></p>','','0','58'),('554','00000006','329','17','96','64','雅宝家具软床皮艺床现代简约皮床小户型双人床 软体床','                                雅宝家具软床皮艺床现代简约皮床小户型双人床1.8米软体床','images/2015-09-03/1441267694_23195247655e7ffee09171.png','0','0','1','0','0','1','1','2015-09-03 16:08:14','94','<p><img title=\"1441267594805124.png\" alt=\"RFU4()BFD(EYL)M}QV%2WWW.png\" src=\"/ueditor/php/upload/image/20150903/1441267594805124.png\"/></p>','','0','58'),('555','00000007','329','17','96','64','雅宝皮床真皮床软床欧式双人床小户型婚床皮艺软床类','                                雅宝皮床真皮床软床欧式双人床小户型1.8米婚床皮艺软床类','images/2015-09-03/1441268117_28467476755e80195ccf6d.png','0','0','1','0','0','1','1','2015-09-03 16:15:17','93','<p><img title=\"1441268053216880.png\" alt=\"PR1HCQV{XGD_DAH_)(6U979.png\" src=\"/ueditor/php/upload/image/20150903/1441268053216880.png\"/></p>','','0','58'),('556','00000008','329','17','96','64','雅宝家具真皮床软床双人床简约现代软体床皮艺床送货','                                雅宝家具真皮床软床1.8米双人床简约现代软体床皮艺床送货','images/2015-09-03/1441268718_109576117755e803eeac827.png','0','0','1','0','0','1','1','2015-09-03 16:25:18','92','<p><img title=\"1441268666589234.png\" alt=\"OHRU7RT}QO8ITD3E(203Q4H.png\" src=\"/ueditor/php/upload/image/20150903/1441268666589234.png\"/></p>','','0','58'),('557','00020','298','27','100','69','vivo X5Max 高配版','                                                                ','images/2015-09-03/1441269501_182168215855e806fd21cf9.jpg','0','0','1','0','0','1','1','2015-09-03 16:45:04','99','<p class=\"attr-list-hd tm-clear\" style=\"margin-top: 0px; margin-bottom: 0px; padding: 5px 20px; line-height: 22px; color: rgb(153, 153, 153); font-family: tahoma, arial, 微软雅黑, sans-serif; font-size: 13.333333969116211px; white-space: normal; background-color: rgb(255, 255, 255);\"><span style=\"margin: 0px; padding: 0px; font-weight: 700; float: left;\">产品参数：</span></p><ul id=\"J_AttrUL\" style=\"list-style-type: none;\" class=\" list-paddingleft-2\"><li><p><span style=\"font-size: 12px;\">&nbsp;产品名称：vivo X5Max+高配版</span></p></li><li><p><span style=\"font-size: 12px;\">&nbsp;型号:&nbsp;X5Max+高配版</span></p></li><li><p><span style=\"font-size: 12px;\">&nbsp;机身颜色:&nbsp;香槟金&nbsp;极光白</span></p></li><li><p><span style=\"font-size: 12px;\">&nbsp;运行内存RAM:&nbsp;3GB</span></p></li><li><p><span style=\"font-size: 12px;\">&nbsp;机身内存:&nbsp;32GB</span></p></li><li><p><span style=\"font-size: 12px;\">&nbsp;网络模式:&nbsp;双卡多模</span></p></li><li><p><span style=\"font-size: 12px;\">&nbsp;电池容量:&nbsp;2300mAh</span></p></li></ul><p><span style=\"font-size: 12px;\"><img src=\"/ueditor/php/upload/image/20150903/1441269865895491.jpg\" title=\"1441269865895491.jpg\" alt=\"1.jpg\" width=\"711\" height=\"1415\" style=\"width: 711px; height: 1415px;\"/></span></p><p><span style=\"font-size: 12px;\"></span></p><p><span style=\"font-size: 12px;\"></span></p>','','30','58'),('558','00000001','333','28','96','64','雅宝家具 卧室梳妆台欧式梳妆桌小户型白色化妆台简约化妆桌镜','                                雅宝家具 卧室梳妆台欧式梳妆桌小户型白色化妆台简约化妆桌镜','images/2015-09-03/1441273894_211760951755e8182701c3e.png','0','0','1','0','0','1','1','2015-09-04 08:27:40','99','<p><img title=\"1441273712140442.png\" alt=\"ZXR}2F)G7USO](Z$B%%}X62.png\" src=\"/ueditor/php/upload/image/20150903/1441273712140442.png\"/></p>','','0','58'),('559','00000002','333','17','96','64','雅宝家具 现代简约梳妆台欧式化妆柜梳妆桌子象牙白烤漆化妆台','                                雅宝家具 现代简约梳妆台欧式化妆柜梳妆桌子象牙白烤漆化妆台','images/2015-09-04/1441325787_84882010155e8e2dbf4098.png','0','0','1','0','0','1','1','2015-09-04 08:16:28','98','<p><img title=\"1441325719969506.png\" alt=\"0J~UCKXFLT_P9MYWVWZ9H7D.png\" src=\"/ueditor/php/upload/image/20150904/1441325719969506.png\"/></p>','','0','58');/* MySQLReback Separation */
 /* 插入数据 `lx_goods` */
 INSERT INTO `lx_goods` VALUES ('560','00000003','333','28','96','64','雅宝家具 卧室梳妆台板式现代简约化妆柜 小户型化妆台柜梳妆桌柜','                                雅宝家具 卧室梳妆台板式现代简约化妆柜 小户型化妆台柜梳妆桌柜','images/2015-09-04/1441326294_186741217155e8e4d673eb9.png','0','0','1','0','0','1','1','2015-09-04 08:24:54','97','<p><img title=\"1441326105608813.png\" alt=\")6X)CU}7IN1`0LLRCERECR6.png\" src=\"/ueditor/php/upload/image/20150904/1441326105608813.png\"/></p>','','0','58');/* MySQLReback Separation */
 /* 插入数据 `lx_goods` */
 INSERT INTO `lx_goods` VALUES ('561','00000004','333','28','96','64','雅宝家具 欧式梳妆台实木化妆桌子现代简约梳妆桌卧室化妆台','                                雅宝家具 欧式梳妆台实木化妆桌子现代简约梳妆桌卧室化妆台','images/2015-09-04/1441326865_32446954755e8e71162a18.png','0','0','1','0','0','1','1','2015-09-04 08:34:25','96','<p><img title=\"1441326784326697.png\" alt=\"1B5ZYKY86VP)4P9F6)6[IPQ.png\" src=\"/ueditor/php/upload/image/20150904/1441326784326697.png\"/></p>','','0','58'),('562','00000001','336','17','96','64','雅宝家具时尚餐桌椅组合亮胡系列 现代简约一桌四椅餐椅超值热卖','                                雅宝家具时尚餐桌椅组合亮胡系列 现代简约一桌四椅餐椅超值热卖','images/2015-09-04/1441328244_55102390255e8ec74d5916.jpg','0','0','1','0','0','1','1','2015-09-04 08:57:24','99','<p><img title=\"1441328041786190.jpg\" alt=\"T1CJuFFixXXXXXXXXX_!!0-item_pic[1].jpg\" src=\"/ueditor/php/upload/image/20150904/1441328041786190.jpg\"/></p>','','0','58'),('563','00000057','326','0','97','65',' 汾酒 53度 青花瓷二十年 20年 500毫升 山西杏花村白酒 ','                                ','','0','0','1','0','0','1','1','2015-09-04 08:55:19','120','<p><img src=\"/ueditor/php/upload/image/20150904/1441328112885680.jpg\" title=\"1441328112885680.jpg\" alt=\"汾酒.jpg\"/></p>','','0','58'),('564','00000003','336','17','96','64','雅宝家具时尚餐桌椅组合一桌六椅现代简约桌椅组合活动款超值热卖 ','                                雅宝家具时尚餐桌椅组合一桌六椅现代简约桌椅组合活动款超值热卖 ','images/2015-09-04/1441329429_72837971955e8f1150f16e.png','0','0','1','0','0','1','1','2015-09-04 09:17:37','97','<p><img title=\"1441329298663464.png\" alt=\"RZTRK{XCKBJHT3CQRU)~BTH.png\" src=\"/ueditor/php/upload/image/20150904/1441329298663464.png\"/></p>','','0','58'),('565','00000001','339','0','97','65','和平烤鸭','                                市场价98元每只，推广价38元每只，（含面皮，蘸酱，葱丝，鸭排两吃）','images/2015-09-04/1441330373_131179717155e8f4c5e3d9c.jpg','0','0','1','0','0','1','1','2015-09-04 09:32:54','99','<p><img title=\"1441330337354797.jpg\" alt=\"170135336755897493.jpg\" src=\"/ueditor/php/upload/image/20150904/1441330337354797.jpg\"/></p>','','0','58'),('566','00000002','339','0','96','65','和平  猪蹄','                                亲爱的顾客，你们好！我家的猪蹄选用上好的双汇筋肥猪前蹄，精细脱毛，干净无尘，不放一滴水一滴油一粒鸡精味精，不用老汤，每天现做，独家秘制而成，色泽金黄，味道纯正，清香而不腻，吃起来慢慢的胶原蛋白，爱吃的朋友马上开始预订吧。                                ','images/2015-09-04/1441330848_144799238955e8f6a0e1852.jpg','0','0','1','0','0','1','1','2015-09-04 09:41:03','98','<p><img title=\"1441330824139001.jpg\" alt=\"534729411983386551.jpg\" src=\"/ueditor/php/upload/image/20150904/1441330824139001.jpg\"/>&nbsp;&nbsp;&nbsp;&nbsp;&nbsp;&nbsp;&nbsp;&nbsp;&nbsp;&nbsp;&nbsp;&nbsp;&nbsp;&nbsp;&nbsp;&nbsp;&nbsp;&nbsp;&nbsp;&nbsp;&nbsp;&nbsp;&nbsp;&nbsp;&nbsp;&nbsp;&nbsp;&nbsp;&nbsp;&nbsp;&nbsp; 亲爱的顾客，你们好！我家的猪蹄选用上好的双汇筋肥猪前蹄，精细脱毛，干净无尘，不放一滴水一滴油一粒鸡精味精，不用老汤，每天现做，独家秘制而成，色泽金黄，味道纯正，清香而不腻，吃起来慢慢的胶原蛋白，爱吃的朋友马上开始预订吧。</p>','','0','58'),('567','00000001','340','0','116','83','佳乐佳欧式床','                                                                ','images/2015-09-04/1441357844_164022345355e960141f680.jpg','0','0','1','0','0','1','1','2015-09-05 20:40:11','0','<p><img title=\"1441357777741007.jpg\" alt=\"527965335403195546.jpg\" src=\"/ueditor/php/upload/image/20150904/1441357777741007.jpg\"/></p>','','0','58'),('568','00000001','341','0','116','83','佳乐佳  沙发','                                佳乐佳  沙发                                ','images/2015-09-04/1441358029_52871146355e960cd3ab00.jpg','0','0','1','0','0','1','1','2015-09-05 14:36:14','99','<p><img title=\"1441358003122963.jpg\" alt=\"542814810744923267.jpg\" src=\"/ueditor/php/upload/image/20150904/1441358003122963.jpg\"/></p>','','0','58'),('569','00000002','340','0','116','83','佳乐佳欧式床','                                ','images/2015-09-04/1441358785_47026809155e963c116e71.jpg','0','0','1','0','0','1','1','2015-09-05 14:36:20','100','<p><img src=\"/ueditor/php/upload/image/20150904/1441358034565136.jpg\" title=\"1441358034565136.jpg\" alt=\"607663425523491709.jpg\"/></p>','','0','58');/* MySQLReback Separation */
 /* 插入数据 `lx_goods` */
 INSERT INTO `lx_goods` VALUES ('570','00000002','341','0','116','83','佳乐家  沙发','                                佳乐家  沙发                                ','images/2015-09-04/1441358128_146978356355e961301c7aa.jpg','0','0','1','0','0','1','1','2015-09-05 14:36:01','98','<p><img title=\"1441358108137718.jpg\" alt=\"35047628256391539.jpg\" src=\"/ueditor/php/upload/image/20150904/1441358108137718.jpg\"/></p>','','0','58');/* MySQLReback Separation */
 /* 插入数据 `lx_goods` */
 INSERT INTO `lx_goods` VALUES ('571','00000003','341','0','116','83','佳乐佳  沙发','                                佳乐佳  沙发                                ','images/2015-09-04/1441358255_127323023655e961af8b80e.jpg','0','0','1','0','0','1','1','2015-09-05 14:36:25','97','<p><img title=\"1441358219893382.jpg\" alt=\"8998964951331156.jpg\" src=\"/ueditor/php/upload/image/20150904/1441358219893382.jpg\"/></p>','','0','58'),('572','00000004','340','0','116','83','佳乐佳欧式床','                                                                ','images/2015-09-04/1441358432_134760727055e9626062182.jpg','0','0','1','0','0','1','1','2015-09-05 14:36:32','100','<p><img src=\"/ueditor/php/upload/image/20150904/1441358220106727.jpg\" title=\"1441358220106727.jpg\" alt=\"665583340387122271.jpg\"/></p>','','0','58'),('573','00000004','341','0','116','83','佳乐佳  沙发','                                佳乐佳  沙发','images/2015-09-04/1441358393_135483522055e962399f022.jpg','0','0','0','0','0','0','0','2015-09-05 20:54:36','96','<p><img title=\"1441358372109881.jpg\" alt=\"315611576061171981.jpg\" src=\"/ueditor/php/upload/image/20150904/1441358372109881.jpg\"/></p>','','0','58'),('574','000001','341','17','116','83','佳乐佳沙发','                                ','images/2015-09-04/1441358449_168178143355e9627115da4.jpg','0','0','1','0','0','1','1','2015-09-05 14:38:04','99','<p><img src=\"/ueditor/php/upload/image/20150904/1441358389761576.jpg\" title=\"1441358389761576.jpg\" alt=\"1.jpg\" width=\"1135\" height=\"905\" style=\"width: 1135px; height: 905px;\"/></p>','','20','58'),('575','00000005','341','0','116','83','佳乐佳  沙发','                                佳乐佳  沙发','images/2015-09-04/1441358502_195487153555e962a6bdddf.jpg','0','0','0','0','0','0','0','2015-09-05 20:54:38','95','<p><img title=\"1441358461111611.jpg\" alt=\"300741570829445117.jpg\" src=\"/ueditor/php/upload/image/20150904/1441358461111611.jpg\"/></p>','','0','58'),('576','000002','341','17','116','83','佳乐佳沙发','                                ','images/2015-09-04/1441358611_128655912055e963135ed6c.jpg','0','0','1','0','0','1','1','2015-09-05 14:38:40','99','<p><img src=\"/ueditor/php/upload/image/20150904/1441358545142435.jpg\" title=\"1441358545142435.jpg\" alt=\"2.jpg\"/></p>','','20','58'),('577','00000006','341','0','116','83','佳乐佳 沙发','                                佳乐佳 沙发','images/2015-09-04/1441358593_112246175355e96301d50a3.jpg','0','0','1','0','1','1','1','2015-09-05 14:40:09','94','<p><img title=\"1441358575104339.jpg\" alt=\"914547700865566082.jpg\" src=\"/ueditor/php/upload/image/20150904/1441358575104339.jpg\"/></p>','','0','58'),('578','000002','341','17','116','83','佳乐佳沙发','                                                                ','images/2015-09-04/1441358798_35370807455e963ce2a045.jpg','0','0','1','0','0','1','1','2015-09-05 14:37:31','99','<p><img src=\"/ueditor/php/upload/image/20150904/1441358734609028.jpg\" title=\"1441358734609028.jpg\" alt=\"3.jpg\"/></p>','','30','58'),('580','00000001','343','17','116','83','床类','                                ','images/2015-09-05/1441417806_181387245755ea4a4e1fdd6.jpg','0','0','1','0','0','1','1','2015-09-05 09:50:06','99','<p><img title=\"1441417688527139.jpg\" alt=\"708412237845263531.jpg\" src=\"/ueditor/php/upload/image/20150905/1441417688527139.jpg\"/></p>','','0','58');/* MySQLReback Separation */
 /* 插入数据 `lx_goods` */
 INSERT INTO `lx_goods` VALUES ('581','00023','292','27','100','69','小米 红米note 标准版','     正品原封，双卡多模。                        ','images/2015-09-05/1441418476_170929587455ea4cec72118.jpg','0','0','1','0','0','1','1','2015-09-05 10:01:16','99','<p class=\"attr-list-hd tm-clear\" style=\"margin-top: 0px; margin-bottom: 0px; padding: 5px 20px; line-height: 22px; color: rgb(153, 153, 153); font-family: tahoma, arial, 微软雅黑, sans-serif; font-size: 13.333333969116211px; white-space: normal; background-color: rgb(255, 255, 255);\"><span style=\"margin: 0px; padding: 0px; font-weight: 700; float: left; text-align: center;\">&nbsp;产品参数：</span></p><ul id=\"J_AttrUL\" style=\"list-style-type: none;\" class=\" list-paddingleft-2\"><li><p><br/></p></li><li><p>&nbsp;<span style=\"font-size: 12px;\">产品名称：MIUI/小米 红米note 4G标准版</span></p></li><li><p><span style=\"font-size: 12px;\">&nbsp;型号:&nbsp;红米note 4G标准版</span></p></li><li><p><span style=\"font-size: 12px;\">&nbsp;机身颜色:&nbsp;象牙白</span></p></li><li><p><span style=\"font-size: 12px;\">&nbsp;运行内存RAM:&nbsp;1GB</span></p></li><li><p><span style=\"font-size: 12px;\">&nbsp;机身内存:&nbsp;8GB</span></p></li><li><p><span style=\"font-size: 12px;\">&nbsp;网络模式:&nbsp;双卡多模</span></p></li><li><p><span style=\"font-size: 12px;\">&nbsp;电池容量:&nbsp;3100mAh</span></p></li></ul><p style=\"text-align: center\"><img src=\"/ueditor/php/upload/image/20150905/1441417970620389.jpg\" title=\"1441417970620389.jpg\" alt=\"1.jpg\" width=\"702\" height=\"550\" style=\"width: 702px; height: 550px;\"/></p><p style=\"text-align: center;\"><img src=\"/ueditor/php/upload/image/20150905/1441417935479589.jpg\" style=\"\" title=\"1441417935479589.jpg\"/></p><p style=\"text-align: center\"></p><p style=\"text-align: center\"><img src=\"/ueditor/php/upload/image/20150905/1441417935759424.jpg\" style=\"\" title=\"1441417935759424.jpg\"/></p><p><br/></p>','','30','58');/* MySQLReback Separation */
 /* 插入数据 `lx_goods` */
 INSERT INTO `lx_goods` VALUES ('582','00000002','343','17','116','83','床类','                                床类                                                                ','images/2015-09-05/1441418435_29387210455ea4cc3ba6ba.jpg','0','0','1','0','0','1','1','2015-09-05 10:04:37','98','<p><img title=\"1441418383521416.jpg\" alt=\"78373845632376226.jpg\" src=\"/ueditor/php/upload/image/20150905/1441418383521416.jpg\"/></p>','','0','58'),('583','00000003','343','17','116','83','床类','                                床类','images/2015-09-05/1441418759_78336608755ea4e07509eb.jpg','0','0','1','0','0','1','1','2015-09-05 10:05:59','97','<p><img title=\"1441418722609243.jpg\" alt=\"781919950761488652.jpg\" src=\"/ueditor/php/upload/image/20150905/1441418722609243.jpg\"/></p>','','0','58'),('584','00024','292','27','100','69','小米 红米note增强版','正品原货，双卡增强版。                                ','images/2015-09-05/1441419123_176724003455ea4f7301a5d.jpg','0','0','1','0','0','1','1','2015-09-05 10:12:03','99','<p class=\"attr-list-hd tm-clear\" style=\"margin-top: 0px; margin-bottom: 0px; padding: 5px 20px; line-height: 22px; color: rgb(153, 153, 153); font-family: tahoma, arial, 微软雅黑, sans-serif; font-size: 13.333333969116211px; white-space: normal; background-color: rgb(255, 255, 255);\"><span style=\"margin: 0px; padding: 0px; font-weight: 700; float: left;\">产品参数：</span></p><ul id=\"J_AttrUL\" style=\"list-style-type: none;\" class=\" list-paddingleft-2\"><li><p><br/></p></li><li><p><span style=\"font-size: 12px;\">&nbsp;产品名称：Xiaomi/小米 红米Note 4G双卡增强版</span></p></li><li><p><span style=\"font-size: 12px;\">&nbsp;型号:&nbsp;红米Note 4G双卡增强版</span><br/></p></li><li><p><span style=\"font-size: 12px;\">&nbsp;机身颜色:&nbsp;象牙白</span></p></li><li><p><span style=\"font-size: 12px;\">&nbsp;运行内存RAM:&nbsp;2GB</span></p></li><li><p><span style=\"font-size: 12px;\">&nbsp;机身内存:&nbsp;16GB</span></p></li><li><p><span style=\"font-size: 12px;\">&nbsp;网络模式:&nbsp;双卡多模</span></p></li><li><p><span style=\"font-size: 12px;\">&nbsp;电池容量:&nbsp;3100mAh</span></p></li></ul><p style=\"text-align: center\"><img src=\"/ueditor/php/upload/image/20150905/1441418988113930.png\" style=\"\" title=\"1441418988113930.png\"/></p><p style=\"text-align: center\"><img src=\"/ueditor/php/upload/image/20150905/1441418988746859.jpg\" style=\"\" title=\"1441418988746859.jpg\"/></p><p style=\"text-align: center\"><img src=\"/ueditor/php/upload/image/20150905/1441418988167307.jpg\" style=\"\" title=\"1441418988167307.jpg\"/></p><p style=\"text-align: center\"><img src=\"/ueditor/php/upload/image/20150905/1441418988134164.jpg\" style=\"\" title=\"1441418988134164.jpg\"/></p><p><br/></p>','','30','58'),('585','00000004','343','17','116','83','床类','                                床类','images/2015-09-05/1441419483_72464193755ea50db9b5cd.jpg','0','0','1','0','0','1','1','2015-09-05 10:18:03','96','<p><img title=\"1441419408101511.jpg\" alt=\"767241012294634967.jpg\" src=\"/ueditor/php/upload/image/20150905/1441419408101511.jpg\"/></p>','','0','58'),('586','00000007','341','0','116','83','佳乐佳  沙发','                                     佳乐佳  沙发','images/2015-09-05/1441421441_175264681555ea588132da9.jpg','0','0','1','0','0','1','1','2015-09-05 10:50:41','93','<p><img title=\"1441420078134784.jpg\" alt=\"25716439698710804.jpg\" src=\"/ueditor/php/upload/image/20150905/1441420078134784.jpg\"/></p>','','0','58'),('587','00000008','341','0','116','83','佳乐佳  沙发','                                佳乐佳  沙发','images/2015-09-05/1441421562_196730674155ea58fa23f91.jpg','0','0','1','0','0','1','1','2015-09-05 10:52:42','92','<p><img title=\"1441421536693112.jpg\" alt=\"133893733468130435.jpg\" src=\"/ueditor/php/upload/image/20150905/1441421536693112.jpg\"/></p>','','0','58'),('588','00000009','341','0','116','83','佳乐佳  沙发','                                佳乐佳  沙发','images/2015-09-05/1441421656_32753691855ea59588b43c.jpg','0','0','1','0','0','1','1','2015-09-05 10:54:16','91','<p><img title=\"1441421610381476.jpg\" alt=\"700077412875624655.jpg\" src=\"/ueditor/php/upload/image/20150905/1441421610381476.jpg\"/></p>','','0','58'),('589','00000010','328','0','116','83','佳乐佳  床类','                              佳乐佳  沙发                                ','images/2015-09-05/1441421727_213930661155ea599f2c1e3.jpg','0','0','1','0','0','1','1','2015-09-05 11:12:07','90','<p><img width=\"1279\" height=\"960\" title=\"1441421710115213.jpg\" style=\"width: 643px; height: 960px;\" alt=\"905094367032389500.jpg\" src=\"/ueditor/php/upload/image/20150905/1441421710115213.jpg\"/></p>','','0','58');/* MySQLReback Separation */
 /* 插入数据 `lx_goods` */
 INSERT INTO `lx_goods` VALUES ('590','00000011','343','0','116','83','佳乐佳 床类','                                佳乐佳 床类','images/2015-09-05/1441422867_175954368355ea5e13a9c0a.jpg','0','0','1','0','0','1','1','2015-09-05 11:14:27','89','<p><img title=\"1441422843116116.jpg\" alt=\"693332175305995990.jpg\" src=\"/ueditor/php/upload/image/20150905/1441422843116116.jpg\"/></p>','','0','58');/* MySQLReback Separation */
 /* 插入数据 `lx_goods` */
 INSERT INTO `lx_goods` VALUES ('591','00000001','345','0','116','83','佳乐佳  衣柜','                                佳乐佳  衣柜','images/2015-09-05/1441423428_147107844155ea6044d9485.jpg','0','0','1','0','0','1','1','2015-09-05 11:23:49','99','<p><img title=\"1441423401723149.jpg\" alt=\"369959256360472400.jpg\" src=\"/ueditor/php/upload/image/20150905/1441423401723149.jpg\"/></p>','','0','58'),('592','00000002','345','0','116','83','佳乐佳 衣柜','                                佳乐佳 衣柜','images/2015-09-05/1441423521_193554601955ea60a15bafc.jpg','0','0','1','0','0','1','1','2015-09-05 11:25:21','98','<p><img title=\"1441423496435223.jpg\" alt=\"506033163229453729.jpg\" src=\"/ueditor/php/upload/image/20150905/1441423496435223.jpg\"/></p>','','0','58'),('593','00000003','345','0','116','83','佳乐佳 衣柜','                                97','images/2015-09-05/1441423639_88889348655ea6117bb6c8.jpg','0','0','1','0','0','1','1','2015-09-05 11:27:19','97','<p><img title=\"1441423605761963.jpg\" alt=\"857296272233599253.jpg\" src=\"/ueditor/php/upload/image/20150905/1441423605761963.jpg\"/></p>','','0','58'),('594','00000004','345','0','116','83','佳乐佳  衣柜','                                佳乐佳  衣柜','images/2015-09-05/1441423717_128674326255ea61650c307.jpg','0','0','1','0','0','1','1','2015-09-05 11:28:37','96','<p><img title=\"1441423701391158.jpg\" alt=\"23023426516400026.jpg\" src=\"/ueditor/php/upload/image/20150905/1441423701391158.jpg\"/></p>','','0','58'),('595','00000005','345','0','116','83','佳乐佳  立柜','                            佳乐佳  立柜','images/2015-09-05/1441423841_13868763355ea61e11bd5f.jpg','0','0','1','0','0','1','1','2015-09-05 11:30:41','95','<p><img title=\"1441423820127843.jpg\" alt=\"180520886681587678.jpg\" src=\"/ueditor/php/upload/image/20150905/1441423820127843.jpg\"/></p>','','0','58'),('596','00000007','345','0','116','83','佳乐佳 衣柜','                                佳乐佳 衣柜','images/2015-09-05/1441423959_32226036855ea6257687fe.jpg','0','0','1','0','0','1','1','2015-09-05 11:32:39','93','<p><img title=\"1441423926102807.jpg\" alt=\"138495556208358885.jpg\" src=\"/ueditor/php/upload/image/20150905/1441423926102807.jpg\"/></p>','','0','58'),('597','00000008','345','0','116','83','佳乐佳 衣柜','                                佳乐佳 衣柜','images/2015-09-05/1441424034_116481216055ea62a2e69ed.jpg','0','0','1','0','0','1','1','2015-09-05 11:33:55','92','<p><img title=\"1441424015139698.jpg\" alt=\"36525012654573598.jpg\" src=\"/ueditor/php/upload/image/20150905/1441424015139698.jpg\"/></p>','','0','58'),('598','00000009','345','0','116','83','佳乐佳 衣柜','                                佳乐佳 衣柜','images/2015-09-05/1441424119_32436143155ea62f7a2388.jpg','0','0','1','0','0','1','1','2015-09-05 11:35:19','91','<p><img title=\"1441424095915759.jpg\" alt=\"36525012654573598.jpg\" src=\"/ueditor/php/upload/image/20150905/1441424095915759.jpg\"/></p>','','0','58'),('599','00000010','345','0','116','83','佳乐佳 衣柜','佳乐佳 衣柜','images/2015-09-05/1441424208_214356277455ea6350933d6.jpg','0','0','1','0','0','1','1','2015-09-05 11:36:48','90','<p><img title=\"1441424193994464.jpg\" alt=\"664904810057043177.jpg\" src=\"/ueditor/php/upload/image/20150905/1441424193994464.jpg\"/></p>','','0','58'),('600','00000011','345','0','116','83','佳乐佳  衣柜','                                佳乐佳  衣柜','images/2015-09-05/1441424315_63462129255ea63bb699ca.jpg','0','0','1','0','0','1','1','2015-09-05 11:38:35','89','<p><img title=\"1441424299573699.jpg\" alt=\"701448670183618926.jpg\" src=\"/ueditor/php/upload/image/20150905/1441424299573699.jpg\"/></p>','','0','58'),('601','00000012','345','0','116','83','佳乐佳  衣柜','                                佳乐佳  衣柜','images/2015-09-05/1441424388_55658551655ea64043c102.jpg','0','0','1','0','0','1','1','2015-09-05 11:39:48','88','<p><img title=\"1441424372135162.jpg\" alt=\"34646286168770560.jpg\" src=\"/ueditor/php/upload/image/20150905/1441424372135162.jpg\"/></p>','','0','58'),('602','00000013','345','0','116','83','佳乐佳 衣柜','佳乐佳 衣柜','images/2015-09-05/1441424474_180179634255ea645ac97a4.jpg','0','0','1','0','0','1','1','2015-09-05 11:41:15','87','<p><img title=\"1441424458200958.jpg\" alt=\"15499273074642005.jpg\" src=\"/ueditor/php/upload/image/20150905/1441424458200958.jpg\"/></p>','','0','58'),('603','00000014','345','0','116','83','佳乐佳 衣柜','                                佳乐佳 衣柜','images/2015-09-05/1441424548_46417789455ea64a46e27a.jpg','0','0','1','0','0','1','1','2015-09-05 11:42:28','86','<p><img title=\"1441424529402390.jpg\" alt=\"527742197437112717.jpg\" src=\"/ueditor/php/upload/image/20150905/1441424529402390.jpg\"/></p>','','0','58');/* MySQLReback Separation */
 /* 插入数据 `lx_goods` */
 INSERT INTO `lx_goods` VALUES ('604','00000015','345','0','116','83','佳乐佳  衣柜','                                佳乐佳  衣柜','images/2015-09-05/1441424633_72460685155ea64f9891fa.jpg','0','0','1','0','0','1','1','2015-09-05 11:43:53','85','<p><img title=\"1441424612138252.jpg\" alt=\"518975175820724436.jpg\" src=\"/ueditor/php/upload/image/20150905/1441424612138252.jpg\"/></p>','','0','58');/* MySQLReback Separation */
 /* 插入数据 `lx_goods` */
 INSERT INTO `lx_goods` VALUES ('605','00000016','345','0','116','83','佳乐佳  衣柜','                                佳乐佳  衣柜','images/2015-09-05/1441424730_73708316855ea655a48938.jpg','0','0','1','0','0','1','1','2015-09-05 11:45:30','84','<p><img title=\"1441424714400195.jpg\" alt=\"574896013983630639.jpg\" src=\"/ueditor/php/upload/image/20150905/1441424714400195.jpg\"/></p>','','0','58'),('606','00025','346','27','100','69','零零柒科技 VM 6plus','                                                                ','images/2015-09-05/1441436348_126704525055ea92bcc49f2.JPG','0','0','1','0','0','1','1','2015-09-05 16:06:22','999','<p>注：每位会员限购一台</p><p><img src=\"http://wsq.cccuu.com/ueditor/php/upload/image/20150905/1441436179114894.jpg\" title=\"1441436179114894.jpg\" style=\"text-align: center; white-space: normal;\"/></p><p style=\"text-align: center\"><img src=\"http://wsq.cccuu.com/ueditor/php/upload/image/20150905/1441436179890026.jpg\" title=\"1441436179890026.jpg\" style=\"text-align: center; white-space: normal;\"/><img src=\"/ueditor/php/upload/image/20150905/1441436179703956.jpg\" style=\"\" title=\"1441436179703956.jpg\"/></p><p style=\"text-align: center\"></p><p style=\"text-align: center\"><img src=\"/ueditor/php/upload/image/20150905/1441436179729689.jpg\" style=\"\" title=\"1441436179729689.jpg\"/></p><p style=\"text-align: center\"></p><p style=\"text-align: center\"><img src=\"/ueditor/php/upload/image/20150905/1441436179966708.jpg\" style=\"\" title=\"1441436179966708.jpg\"/></p><p style=\"text-align: center\"><img src=\"/ueditor/php/upload/image/20150905/1441436179127249.jpg\" style=\"\" title=\"1441436179127249.jpg\"/></p><p style=\"text-align: center\"><img src=\"/ueditor/php/upload/image/20150905/1441436179238654.jpg\" style=\"\" title=\"1441436179238654.jpg\"/></p><p style=\"text-align: center\"><img src=\"/ueditor/php/upload/image/20150905/1441436180762566.jpg\" style=\"\" title=\"1441436180762566.jpg\"/></p><p style=\"text-align: center\"><img src=\"/ueditor/php/upload/image/20150905/1441436180513928.jpg\" style=\"\" title=\"1441436180513928.jpg\"/></p><p style=\"text-align: center\"><img src=\"/ueditor/php/upload/image/20150905/1441436180674394.jpg\" style=\"\" title=\"1441436180674394.jpg\"/></p><p style=\"text-align: center\"><img src=\"/ueditor/php/upload/image/20150905/1441436180108465.jpg\" style=\"\" title=\"1441436180108465.jpg\"/></p><p style=\"text-align: center\"><img src=\"/ueditor/php/upload/image/20150905/1441436180128768.jpg\" style=\"\" title=\"1441436180128768.jpg\"/></p><p style=\"text-align: center\"><img src=\"/ueditor/php/upload/image/20150905/1441436180528860.jpg\" style=\"\" title=\"1441436180528860.jpg\"/></p><p style=\"text-align: center\"><img src=\"/ueditor/php/upload/image/20150905/1441436180517629.jpg\" style=\"\" title=\"1441436180517629.jpg\"/></p><p style=\"text-align: center\"><img src=\"/ueditor/php/upload/image/20150905/1441436180135842.jpg\" style=\"\" title=\"1441436180135842.jpg\"/></p><p style=\"text-align: center\"><img src=\"/ueditor/php/upload/image/20150905/1441436180818550.jpg\" style=\"\" title=\"1441436180818550.jpg\"/></p><p style=\"text-align: center\"><img src=\"/ueditor/php/upload/image/20150905/1441436180758693.jpg\" style=\"\" title=\"1441436180758693.jpg\"/></p><p style=\"text-align: center\"><img src=\"/ueditor/php/upload/image/20150905/1441436180137133.jpg\" style=\"\" title=\"1441436180137133.jpg\"/></p><p style=\"text-align: center\"><img src=\"/ueditor/php/upload/image/20150905/1441436180157109.jpg\" style=\"\" title=\"1441436180157109.jpg\"/></p><p><br/></p>','','20','58'),('485','00000002','323','0','99','64','海之澜进口乳胶床垫弹簧椰棕垫软硬定做席梦思床垫梦1号','                                海之澜进口乳胶床垫1.5 1.8米弹簧椰棕垫软硬定做席梦思床垫梦1号','images/2015-09-02/1441158085_95418792955e653c587c6a.jpg','0','0','1','0','0','1','1','2015-09-02 09:41:25','98','<p><img src=\"/ueditor/php/upload/image/20150902/1441157985178065.jpg\" title=\"1441157985178065.jpg\" alt=\"3CI}61V]J08T2JC79{`3V`D.jpg\"/></p>','','0','58');/* MySQLReback Separation */
 /* 插入数据 `lx_goods` */
 INSERT INTO `lx_goods` VALUES ('486','0000012','321','0','108','78','昆明 大理 丽江6日5晚跟团游  无强制消费  全好评  极限挑战双飞','                     
D2石林D3大理崇圣寺三塔蝴蝶泉大理古城洱海大游船D4四方街丽江古城自由活动D5黑龙潭公园束河古镇D6自由活动
产品经理推荐
★ 云南淡季特惠价格，请来电咨询，每单立减100--600元
★ 暑期亲子游+热卖推荐+经典品质6日游+爸妈放心游+情侣、夫妻
★ 精华景点：石林+大理古城+三塔+洱海大游船+丽江古城+束河古镇
           ','images/2015-09-02/1441158092_203585425555e653cceecbc.png','0','0','1','0','0','1','1','2015-09-02 09:41:33','110','<p><img title=\"1441158000427305.png\" src=\"/ueditor/php/upload/image/20150902/1441158000427305.png\"/></p><p><img title=\"1441158000279147.png\" src=\"/ueditor/php/upload/image/20150902/1441158000279147.png\"/></p><p><img title=\"1441158000168555.png\" src=\"/ueditor/php/upload/image/20150902/1441158000168555.png\"/></p><p><img title=\"1441158001856762.png\" src=\"/ueditor/php/upload/image/20150902/1441158001856762.png\"/></p><p><img title=\"1441158002894243.png\" src=\"/ueditor/php/upload/image/20150902/1441158002894243.png\"/></p><p><img title=\"1441158002137826.png\" src=\"/ueditor/php/upload/image/20150902/1441158002137826.png\"/></p><p><img title=\"1441158002518575.png\" src=\"/ueditor/php/upload/image/20150902/1441158002518575.png\"/></p><p><img title=\"1441158003984696.png\" src=\"/ueditor/php/upload/image/20150902/1441158003984696.png\"/></p><p><img title=\"1441158003127731.png\" src=\"/ueditor/php/upload/image/20150902/1441158003127731.png\"/></p><p></p>','','0','58');/* MySQLReback Separation */
 /* 插入数据 `lx_goods` */
 INSERT INTO `lx_goods` VALUES ('487','0000013','321','0','108','78','香港迪士尼4日3晚半自助游 畅销双园 一晚香港迪士尼主题酒店','
D1香港迪士尼乐园D2自由活动D3自由活动星光大道自由活动太平山顶海洋公园金紫荆广场香港会议展览中心天星小轮D4自由活动
产品经理推荐
★ 3年亲子游销售冠军:入住香港迪士尼乐园主题酒店,2天畅游香港迪士尼乐园!
★ 半自由行，自选市区酒店，海洋公园+市区经典观光游，全程舒适不需额外费心
','images/2015-09-02/1441158943_64959584455e6571f3e298.png','0','0','1','0','0','1','1','2015-09-02 09:55:43','103','<p></p><p><img title=\"1441158899912101.png\" src=\"/ueditor/php/upload/image/20150902/1441158899912101.png\"/></p><p><img title=\"1441158899486259.png\" src=\"/ueditor/php/upload/image/20150902/1441158899486259.png\"/></p><p><img title=\"1441158899772463.png\" src=\"/ueditor/php/upload/image/20150902/1441158899772463.png\"/></p><p><img title=\"1441158900140132.png\" src=\"/ueditor/php/upload/image/20150902/1441158900140132.png\"/></p><p></p>','','0','58'),('488','000014','321','0','108','78','台湾环岛6日5晚跟团游 环岛之星 台北升五星 冷泉 ','               
D1台北101大楼信义商圈D2国立传统艺术中心苏澳冷泉太鲁阁国家公园D3七星潭六合夜市D4优游吧斯邹族文化园区阿里山D5日月潭中台禅寺升恒昌免税店士林夜市D6台北故宫博物院维格工厂店
产品经理推荐
★ 全程五花酒店，台北升等五星酒店。1晚礁溪温泉泡汤，放松身心。
★ 独家体验顶级彩绘观光列车【环岛之星】，更可享用火车怀旧便当。
★ 6天纯玩环岛，玩转台湾，市场独家行程。
                 ','images/2015-09-02/1441159501_128048175255e6594de7c13.png','0','0','1','0','0','1','1','2015-09-02 10:05:02','110','<p><img title=\"1441159452128148.png\" src=\"/ueditor/php/upload/image/20150902/1441159452128148.png\"/></p><p><img title=\"1441159452520383.png\" src=\"/ueditor/php/upload/image/20150902/1441159452520383.png\"/></p><p><img title=\"1441159452102123.png\" src=\"/ueditor/php/upload/image/20150902/1441159452102123.png\"/></p><p><img title=\"1441159453880602.png\" src=\"/ueditor/php/upload/image/20150902/1441159453880602.png\"/></p><p><img title=\"1441159453446282.png\" src=\"/ueditor/php/upload/image/20150902/1441159453446282.png\"/></p><p><img title=\"1441159454110514.png\" src=\"/ueditor/php/upload/image/20150902/1441159454110514.png\"/></p><p><img title=\"1441159454244850.png\" src=\"/ueditor/php/upload/image/20150902/1441159454244850.png\"/></p><p></p>','','0','58'),('489','000015','321','0','108','78','上海 杭州 苏州 乌镇5日跟团游  销量冠军  印象江南  含双秀 沪进出','      
D2拙政园寒山寺西栅西栅夜游D3自由活动清河坊街苏堤春晓西湖《印象西湖》演出D4西溪湿地公园（东区）城隍庙旅游区《ERA—时空之旅》多媒体梦幻剧演出D5外滩外滩人行观光隧道东方明珠
产品经理推荐
★ 限量发售，品质纯玩！全程0购物0无自费0早起，旅游车保证25%空座率！
★ 印象西湖+ERA时空之旅SHOW、西湖VIP包船、明珠塔自助餐+山外山风味
★ 全程3晚国际品牌5星酒店+1晚乌镇西栅景区内枕水度假酒店，水乡晨昏之美！
                          ','images/2015-09-02/1441160325_74434406855e65c85dee2b.png','0','0','1','0','0','1','1','2015-09-02 10:18:46','111','<p><img title=\"1441160222988052.png\" src=\"/ueditor/php/upload/image/20150902/1441160222988052.png\"/></p><p><img title=\"1441160222121026.png\" src=\"/ueditor/php/upload/image/20150902/1441160222121026.png\"/></p><p><img title=\"1441160222704258.png\" src=\"/ueditor/php/upload/image/20150902/1441160222704258.png\"/></p><p><img title=\"1441160223135618.png\" src=\"/ueditor/php/upload/image/20150902/1441160223135618.png\"/></p><p><img title=\"1441160223265893.png\" src=\"/ueditor/php/upload/image/20150902/1441160223265893.png\"/></p><p><img title=\"1441160223992441.png\" src=\"/ueditor/php/upload/image/20150902/1441160223992441.png\"/></p><p><img title=\"1441160224119499.png\" src=\"/ueditor/php/upload/image/20150902/1441160224119499.png\"/></p><p><img title=\"1441160225105673.png\" src=\"/ueditor/php/upload/image/20150902/1441160225105673.png\"/></p><p><img title=\"1441160225120050.png\" src=\"/ueditor/php/upload/image/20150902/1441160225120050.png\"/></p><p></p>','','0','58');/* MySQLReback Separation */
 /* 插入数据 `lx_goods` */
 INSERT INTO `lx_goods` VALUES ('490','00000001','296','17','99','64','海之澜 精品床垫','                                海之澜 精品床垫','images/2015-09-02/1441160410_107266877555e65cda6143b.jpg','0','0','1','0','0','1','1','2015-09-05 14:40:25','99','<p><img src=\"/ueditor/php/upload/image/20150902/1441160318953024.jpg\" style=\"\" title=\"1441160318953024.jpg\"/></p><p><img src=\"/ueditor/php/upload/image/20150902/1441160318671984.jpg\" style=\"\" title=\"1441160318671984.jpg\"/></p><p><img src=\"/ueditor/php/upload/image/20150902/1441160318110380.jpg\" style=\"\" title=\"1441160318110380.jpg\"/></p><p><img src=\"/ueditor/php/upload/image/20150902/1441160318302857.jpg\" style=\"\" title=\"1441160318302857.jpg\"/></p><p><br/></p>','','0','58');/* MySQLReback Separation */
 /* 插入数据 `lx_goods` */
 INSERT INTO `lx_goods` VALUES ('491','0000016','321','0','108','78','张家界 湘西 凤凰5日4晚跟团游   2晚宿4钻酒店 ','                        
D2乾坤柱张家界国家森林公园袁家界袁家寨子仙女散花天子山D3金鞭岩神鹰护鞭金鞭溪大峡谷自由活动D4自由活动凤凰古城自由活动D5凤凰古城博物馆崇德堂沈从文故居熊希龄故居沱江杨家祠堂万寿宫自由活动','images/2015-09-02/1441160998_69530661355e65f263923c.png','0','0','1','0','0','1','1','2015-09-02 10:29:58','112','<p><img title=\"1441160930932972.png\" src=\"/ueditor/php/upload/image/20150902/1441160930932972.png\"/></p><p><img title=\"1441160930321963.png\" src=\"/ueditor/php/upload/image/20150902/1441160930321963.png\"/></p><p><img title=\"1441160930416117.png\" src=\"/ueditor/php/upload/image/20150902/1441160930416117.png\"/></p><p><img title=\"1441160930849232.png\" src=\"/ueditor/php/upload/image/20150902/1441160930849232.png\"/></p><p><img title=\"1441160931120359.png\" src=\"/ueditor/php/upload/image/20150902/1441160931120359.png\"/></p><p><img title=\"1441160931131401.png\" src=\"/ueditor/php/upload/image/20150902/1441160931131401.png\"/></p><p><img title=\"1441160931981684.png\" src=\"/ueditor/php/upload/image/20150902/1441160931981684.png\"/></p><p><img title=\"1441160932393267.png\" src=\"/ueditor/php/upload/image/20150902/1441160932393267.png\"/></p><p><img title=\"1441160932914597.png\" src=\"/ueditor/php/upload/image/20150902/1441160932914597.png\"/></p><p></p>','','0','58'),('492','0000017','321','0','108','78','河南少林寺 龙门石窟 云台山4日跟团游','
D1自由活动D2云台山风景名胜区红石峡潭瀑峡D3丽景门龙门石窟少林寺禅宗少林音乐大典D4开封府自由活动
产品经理推荐
★ 三座古都＋北方山水典范＋美食素斋＋一晚升级五星。
★ 全程不换车导，独立成团，真正纯玩，每天都是熟面孔。

   ','images/2015-09-02/1441161851_214430235355e6627b6d65a.png','0','0','1','0','1','1','1','2015-09-05 14:35:11','113','<p><img title=\"1441161775335733.png\" src=\"/ueditor/php/upload/image/20150902/1441161775335733.png\"/></p><p><img title=\"1441161775687733.png\" src=\"/ueditor/php/upload/image/20150902/1441161775687733.png\"/></p><p><img title=\"1441161775105694.png\" src=\"/ueditor/php/upload/image/20150902/1441161775105694.png\"/></p><p><img title=\"1441161776134982.png\" src=\"/ueditor/php/upload/image/20150902/1441161776134982.png\"/></p><p><img title=\"1441161776443657.png\" src=\"/ueditor/php/upload/image/20150902/1441161776443657.png\"/></p><p><img title=\"1441161777523266.png\" src=\"/ueditor/php/upload/image/20150902/1441161777523266.png\"/></p><p><img title=\"1441161777103121.png\" src=\"/ueditor/php/upload/image/20150902/1441161777103121.png\"/></p><p><img title=\"1441161777608125.png\" src=\"/ueditor/php/upload/image/20150902/1441161777608125.png\"/></p><p></p>','','0','58'),('493','00000001','296','17','99','64','海之澜床垫乳胶床垫席梦思床垫独立弹簧弹簧软硬两用单双人床垫','                                海之澜床垫乳胶床垫席梦思床垫独立弹簧弹簧软硬两用单双人床垫','images/2015-09-02/1441162718_145789775555e665deb0f50.jpg','0','0','1','0','1','1','1','2015-09-05 14:34:56','99','<p><img src=\"/ueditor/php/upload/image/20150902/1441162589626069.jpg\" title=\"1441162589626069.jpg\" alt=\"5DYETJ4Q@2B6`NY`}A$H%UU.jpg\"/></p>','','0','58');/* MySQLReback Separation */
 /* 插入数据 `lx_goods` */
 INSERT INTO `lx_goods` VALUES ('494','0000018','321','0','108','78','拉萨 日喀则 纳木措 羊卓雍措 珠峰大本营10日7晚跟团游',' 
D4布达拉宫大昭寺自由活动D5念青唐古拉观景台纳木错那根拉山口D6羊卓雍措D7绒布寺珠峰大本营D9扎什伦布寺
产品经理推荐
★ 火车进藏，缓解高反；全程商务车或巴士，珠峰道路升级为柏油路，舒适度爆棚！
★ 拉萨段宿特色藏式酒店，可根据需要升级为4星舒适或5星豪华酒店！无购物无自费
★ 拉萨日喀则经典景点全囊括；夜宿珠峰，挑战世界之巅，在离天空最近的地方祈愿
                           ','images/2015-09-02/1441162837_72705035255e66655b8f56.png','0','0','1','0','0','1','1','2015-09-02 11:00:37','114','<p></p><p><img title=\"1441162746919589.png\" src=\"/ueditor/php/upload/image/20150902/1441162746919589.png\"/></p><p><img title=\"1441162746865369.png\" src=\"/ueditor/php/upload/image/20150902/1441162746865369.png\"/></p><p><img title=\"1441162746111499.png\" src=\"/ueditor/php/upload/image/20150902/1441162746111499.png\"/></p><p><img title=\"1441162747529333.png\" src=\"/ueditor/php/upload/image/20150902/1441162747529333.png\"/></p><p><img title=\"1441162747611739.png\" src=\"/ueditor/php/upload/image/20150902/1441162747611739.png\"/></p><p><img title=\"1441162747146695.png\" src=\"/ueditor/php/upload/image/20150902/1441162747146695.png\"/></p><p><img title=\"1441162748498738.png\" src=\"/ueditor/php/upload/image/20150902/1441162748498738.png\"/></p><p><img title=\"1441162748328547.png\" src=\"/ueditor/php/upload/image/20150902/1441162748328547.png\"/></p><p><img title=\"1441162748779004.png\" src=\"/ueditor/php/upload/image/20150902/1441162748779004.png\"/></p><p><img title=\"1441162749705419.png\" src=\"/ueditor/php/upload/image/20150902/1441162749705419.png\"/></p><p></p>','','0','58');/* MySQLReback Separation */
 /* 插入数据 `lx_goods` */
 INSERT INTO `lx_goods` VALUES ('495','00000003','296','17','99','64','海之澜床垫席梦思 乳胶床垫','                               床垫席梦思 乳胶床垫5cm1.8九区正反两用竹炭针织布面料 ','images/2015-09-02/1441163657_159811690055e66989c6f72.jpg','0','0','1','0','0','1','1','2015-09-02 11:14:17','97','<h1 data-spm=\"1000983\">床垫席梦思 乳胶床垫5cm1.8九区正反两用竹炭针织布面料</h1><p><img src=\"/ueditor/php/upload/image/20150902/1441163539839937.jpg\" title=\"1441163539839937.jpg\" alt=\"OX@]_[YNKA8EERY]OO$]33M.jpg\"/><br/></p>','','0','58'),('496','00000004','296','17','99','64','海之澜床垫席梦思 ','                                床垫席梦思 天然乳胶床垫  弹簧椰棕软硬床垫 
                                ','images/2015-09-02/1441164318_66731941855e66c1e939fe.jpg','0','0','1','0','1','1','1','2015-09-05 14:34:45','96','<p><img src=\"/ueditor/php/upload/image/20150902/1441164250133346.jpg\" title=\"1441164250133346.jpg\" alt=\"GI`EF4~T1NWGGURI~$$~]Q4.jpg\"/>床垫席梦思 天然乳胶床垫 &nbsp;弹簧椰棕软硬床垫&nbsp;</p>','','0','58'),('497','00000016','291','0','97','65','薯脆','焙烤型膨化食品，非油炸更健康                                                                ','images/2015-09-02/1441164562_200258157155e66d120b0e6.jpg','0','0','1','0','0','1','1','2015-09-02 11:31:57','110','<p><img title=\"1441164402751119.jpg\" alt=\"嘎吱脆.jpg\" src=\"/ueditor/php/upload/image/20150902/1441164402751119.jpg\"/></p>','','0','58'),('498','00000018','291','0','97','65','美好时光海苔','喜之郎美好时光海苔3克装（即食紫菜）                                ','images/2015-09-02/1441165067_106656857455e66f0bcb5f2.jpg','0','0','1','0','0','1','1','2015-09-02 11:37:47','105','<p><img title=\"1441165026119314.jpg\" src=\"/ueditor/php/upload/image/20150902/1441165026119314.jpg\"/></p><p><img title=\"1441165026430877.jpg\" src=\"/ueditor/php/upload/image/20150902/1441165026430877.jpg\"/></p><p></p>','','0','58'),('499','00000019','291','0','97','65','九制话梅','九制话梅90克装','images/2015-09-02/1441165388_27571132555e6704c430b3.jpg','0','0','1','0','0','1','1','2015-09-02 11:43:08','114','<p><img title=\"1441165356101813.jpg\" alt=\"话梅.jpg\" src=\"/ueditor/php/upload/image/20150902/1441165356101813.jpg\"/></p>','','0','58'),('500','00000019','291','0','97','65','亲亲果冻大袋','亲亲袋装果冻360克','images/2015-09-02/1441166009_73496990555e672b92a480.jpg','0','0','1','0','0','1','1','2015-09-02 11:53:29','100','<p><img title=\"1441165971494865.jpg\" alt=\"亲亲果冻.jpg\" src=\"/ueditor/php/upload/image/20150902/1441165971494865.jpg\"/></p>','','0','58'),('501','00000020','291','0','97','65','绿箭口香糖','绿箭口香糖，一板5片','images/2015-09-02/1441174251_177262486055e692ebe0712.jpg','0','0','1','0','0','1','1','2015-09-02 14:10:51','99','<p><img title=\"1441174197562425.jpg\" src=\"/ueditor/php/upload/image/20150902/1441174197562425.jpg\"/></p><p><img title=\"1441174197136001.jpg\" src=\"/ueditor/php/upload/image/20150902/1441174197136001.jpg\"/></p><p></p>','','0','58'),('502','00000020','291','0','97','65','泡椒鸡爪','泡椒凤爪','images/2015-09-02/1441175180_101940338555e6968c65756.jpg','0','0','1','0','0','1','1','2015-09-02 14:26:20','90','<p><img title=\"1441175149302728.jpg\" alt=\"泡椒凤爪.jpg\" src=\"/ueditor/php/upload/image/20150902/1441175149302728.jpg\"/></p>','','0','58'),('503','00000021','291','0','97','65','乡巴佬五香卤鸡蛋','五香卤鸡蛋','images/2015-09-02/1441175462_107944481955e697a65ae54.jpg','0','0','1','0','0','1','1','2015-09-02 14:31:02','88','<p><img title=\"1441175410990806.jpg\" alt=\"乡巴佬.jpg\" src=\"/ueditor/php/upload/image/20150902/1441175410990806.jpg\"/></p>','','0','58'),('504','00000022','291','0','97','65','淘吉椰果混合口味布丁','淘吉椰果混合口味布丁                                ','images/2015-09-02/1441176527_58178878355e69bcf882f9.jpg','0','0','1','0','0','1','1','2015-09-02 14:49:22','80','<p>&nbsp;</p><p><img title=\"1441175841115480.jpg\" src=\"/ueditor/php/upload/image/20150902/1441175841115480.jpg\"/></p><p><img title=\"1441175842121754.jpg\" src=\"/ueditor/php/upload/image/20150902/1441175842121754.jpg\"/></p><p>&nbsp;</p>','','0','58'),('505','00000023','291','0','97','65','双汇玉米肠','                                ','images/2015-09-02/1441176923_88805184855e69d5b0f5a0.jpg','0','0','1','0','0','1','1','2015-09-02 14:55:23','83','<p><img title=\"1441176859683344.jpg\" alt=\"玉米肠.jpg\" src=\"/ueditor/php/upload/image/20150902/1441176859683344.jpg\"/></p>','','0','58'),('506','00000024','291','0','97','65','造型饼干','                                ','images/2015-09-02/1441178287_129577982955e6a2afa863a.jpg','0','0','1','0','0','1','1','2015-09-02 15:18:07','85','<p><img title=\"1441178237111796.jpg\" alt=\"造型饼干_副本.jpg\" src=\"/ueditor/php/upload/image/20150902/1441178237111796.jpg\"/></p>','','0','58');/* MySQLReback Separation */
 /* 插入数据 `lx_goods` */
 INSERT INTO `lx_goods` VALUES ('507','00000025','291','0','97','65','迪士尼存钱罐小熊饼干','                                ','images/2015-09-02/1441178787_61775598855e6a4a39ab15.jpg','0','0','1','0','0','1','1','2015-09-02 15:26:27','86','<p><img title=\"1441178747132309.jpg\" alt=\"存钱罐饼干_副本.jpg\" src=\"/ueditor/php/upload/image/20150902/1441178747132309.jpg\"/></p>','','0','58');/* MySQLReback Separation */
 /* 插入数据 `lx_goods` */
 INSERT INTO `lx_goods` VALUES ('508','00000005','296','17','99','64','爆款  海之澜进口天然乳胶床垫席梦思弹簧床垫','                                【爆款】海之澜进口天然乳胶床垫席梦思弹簧床垫                                ','images/2015-09-02/1441178859_213176323255e6a4eb5de1b.jpg','0','0','1','0','1','1','1','2015-09-05 14:34:39','95','<p><img src=\"/ueditor/php/upload/image/20150902/1441178777876600.jpg\" title=\"1441178777876600.jpg\" alt=\"NYFZRZ~9FW}{)8T((N{ZUYW.jpg\"/></p>','','0','58'),('509','000000027','291','0','97','65','灌心饼干','                                ','images/2015-09-02/1441179047_166880549255e6a5a7a3227.jpg','0','0','1','0','0','1','1','2015-09-02 15:30:47','89','<p><img title=\"1441179010533594.jpg\" alt=\"灌心饼干_副本.jpg\" src=\"/ueditor/php/upload/image/20150902/1441179010533594.jpg\"/></p>','','0','58'),('510','00000029','291','0','97','65','澳崎熊灌心饼干','                                ','images/2015-09-02/1441179361_144035828255e6a6e194db6.jpg','0','0','1','0','0','1','1','2015-09-02 15:36:01','80','<p></p><p><img title=\"1441179325795055.jpg\" src=\"/ueditor/php/upload/image/20150902/1441179325795055.jpg\"/></p><p><img title=\"1441179325114055.jpg\" src=\"/ueditor/php/upload/image/20150902/1441179325114055.jpg\"/></p><p><img title=\"1441179325114171.jpg\" src=\"/ueditor/php/upload/image/20150902/1441179325114171.jpg\"/></p><p></p>','','0','58'),('511','00000007','296','17','99','64','海之澜 乳胶床垫 席梦思单双人弹簧床垫两面用','                        海之澜乳胶床垫 席梦思单双人弹簧床垫两面用','images/2015-09-02/1441179555_101629331155e6a7a339e8c.jpg','0','0','1','0','1','1','1','2015-09-05 14:34:32','93','<p><img src=\"/ueditor/php/upload/image/20150902/1441179496115962.jpg\" title=\"1441179496115962.jpg\" alt=\"3IN)C@B(BADI_ZQ(5NB(9)B.jpg\"/></p>','','0','58'),('512','00000030','291','0','97','65','卡通饼干','176克                                ','images/2015-09-02/1441179972_126482093355e6a94420825.jpg','0','0','1','0','0','1','1','2015-09-02 15:46:12','75','<p><img title=\"1441179918135025.jpg\" alt=\"6df0947c497e118b39bd1153c48227a9875e1ff6.jpg\" src=\"/ueditor/php/upload/image/20150902/1441179918135025.jpg\"/></p>','','0','58'),('513','00000008','296','17','99','64','海之澜 深睡1200加硬 双人弹簧床垫 席梦思','                                海之澜 深睡1200加硬 双人弹簧床垫 席梦思','images/2015-09-02/1441180177_168243080655e6aa115a5ef.jpg','0','0','1','0','1','1','1','2015-09-05 14:34:26','92','<p><img src=\"/ueditor/php/upload/image/20150902/1441180134112700.jpg\" title=\"1441180134112700.jpg\" alt=\"%3RB0`G(}U40VNO38{]FTKB.jpg\"/>海之澜 深睡1200加硬 双人弹簧床垫 席梦思</p>','','0','58'),('514','00000032','291','0','97','65','旺仔牛奶糖','                                ','images/2015-09-02/1441180255_65933720655e6aa5fcd0ea.jpg','0','0','1','0','0','1','1','2015-09-02 16:19:24','79','<p><img title=\"1441180204376528.jpg\" alt=\"旺仔牛奶糖.jpg\" src=\"/ueditor/php/upload/image/20150902/1441180204376528.jpg\"/></p>','','0','58'),('515','00000036','291','0','97','65','旺仔QQ糖','                                ','images/2015-09-02/1441180490_211963248455e6ab4a39043.jpg','0','0','1','0','0','1','1','2015-09-02 15:54:50','66','<p></p><p><img title=\"1441180440376097.jpg\" src=\"/ueditor/php/upload/image/20150902/1441180440376097.jpg\"/></p><p><img title=\"1441180440346147.jpg\" src=\"/ueditor/php/upload/image/20150902/1441180440346147.jpg\"/></p><p><img title=\"1441180440696856.jpg\" src=\"/ueditor/php/upload/image/20150902/1441180440696856.jpg\"/></p><p><img title=\"1441180440577400.jpg\" src=\"/ueditor/php/upload/image/20150902/1441180440577400.jpg\"/></p><p></p>','','0','58'),('516','00000038','291','0','97','65','烤牛馍','                                ','images/2015-09-02/1441180692_171892049755e6ac147e502.jpg','0','0','1','0','0','1','1','2015-09-02 15:58:12','69','<p><img title=\"1441180649137641.jpg\" alt=\"烤牛馍.jpg\" src=\"/ueditor/php/upload/image/20150902/1441180649137641.jpg\"/></p>','','0','58'),('517','00000041','291','0','97','65','台式烤肠','                                ','images/2015-09-02/1441180896_118772347355e6ace0ed940.jpg','0','0','1','0','0','1','1','2015-09-02 16:01:37','63','<p><img title=\"1441180843982243.jpg\" alt=\"台式烤肠.jpg\" src=\"/ueditor/php/upload/image/20150902/1441180843982243.jpg\"/></p>','','0','58');/* MySQLReback Separation */
 /* 插入数据 `lx_goods` */
 INSERT INTO `lx_goods` VALUES ('518','00000047','326','0','97','65','泸州老窖名酿上品52度浓香型白酒500ml ','老窖名酿 口碑好酒 粮食酒','images/2015-09-02/1441183978_125549104555e6b8eaaebab.jpg','0','0','1','0','0','1','1','2015-09-02 16:52:58','78','<p><img title=\"1441183928138777.jpg\" src=\"/ueditor/php/upload/image/20150902/1441183928138777.jpg\"/></p><p><img title=\"1441183928825736.jpg\" src=\"/ueditor/php/upload/image/20150902/1441183928825736.jpg\"/></p><p><img title=\"1441183928667164.jpg\" src=\"/ueditor/php/upload/image/20150902/1441183928667164.jpg\"/></p><p><img title=\"1441183928605672.jpg\" src=\"/ueditor/php/upload/image/20150902/1441183928605672.jpg\"/></p><p></p>','','0','58');/* MySQLReback Separation */
 /* 插入数据 `lx_goods` */
 INSERT INTO `lx_goods` VALUES ('519','00000050','326','0','97','65','泸州老窖九年陈窖红瓷瓶 白酒 婚宴送礼 52度浓香型 假一赔十 ','中国红瓷瓶，花开富贵的瓶身，酒质香浓，上口不上头，浓香经典，九年陈窖藏老酒，送礼，宴请，婚宴，自饮，收藏，都是最好不过的选择了，我们承诺保证正品，网点实体店连锁购物放心，假一赔十！！                                 ','images/2015-09-02/1441184781_118392936155e6bc0d6c92c.jpg','0','0','1','0','0','1','1','2015-09-02 17:06:21','301','<p><img title=\"1441184709502353.jpg\" src=\"/ueditor/php/upload/image/20150902/1441184709502353.jpg\"/></p><p><img title=\"1441184709813558.jpg\" src=\"/ueditor/php/upload/image/20150902/1441184709813558.jpg\"/></p><p><img title=\"1441184709149320.jpg\" src=\"/ueditor/php/upload/image/20150902/1441184709149320.jpg\"/></p><p><img title=\"1441184710121900.jpg\" src=\"/ueditor/php/upload/image/20150902/1441184710121900.jpg\"/></p><p></p>','','0','58'),('521','00000055','326','0','97','65','金六福绵柔红瓷500毫升 50度浓香型白酒国产','生产许可证编号：QS510015017675
 产品标准号：GB/T10781.1（优级）
 厂名：四川金六福酒业有限公司
 厂址：四川省邛崃市
 厂家联系方式：010-59071900
 配料表：水、高粱、大米、糯米、小麦、玉米
 储藏方法：干燥、通风、阴凉和清洁处保存，宜10-26摄氏度
 保质期：3650 天
 食品添加剂：无
 产品名称：金六福 红瓷 500ml 50度
 体积(ml): 500
 品牌: 金六福
 品名: 红瓷
 产地: 中国大陆地区
 省份: 四川
 香型: 浓香型
 酒精纯度','images/2015-09-02/1441185484_104268822255e6becca05ca.jpg','0','0','1','0','0','1','1','2015-09-02 17:18:04','300','<p><img title=\"1441185416991280.jpg\" src=\"/ueditor/php/upload/image/20150902/1441185416991280.jpg\"/></p><p><img title=\"1441185416562984.jpg\" src=\"/ueditor/php/upload/image/20150902/1441185416562984.jpg\"/></p><p><img title=\"1441185416133828.jpg\" src=\"/ueditor/php/upload/image/20150902/1441185416133828.jpg\"/></p><p></p>','','0','58'),('522','00000051','326','0','97','65','金六福绵柔孔雀蓝50度500ml浓香型白酒国产','生产许可证编号：510015017675
 厂名：四川金六福酒业有限公司
 厂址：四川省成都邛崃市金六福大道6号、邛崃市工业集中发展区土地坡食品园区
 厂家联系方式：010-56969000
 保质期：9999 天
 产品名称：金六福 孔雀蓝 500mL 50%...
 体积(ml): 500
 品牌: 金六福
 品名: 孔雀蓝
 产地: 中国大陆地区
 省份: 四川
 香型: 浓香型
 酒精纯度: 中度白酒（40%-50%）
 适用场景: 商务宴请区
 包装方式: 包装
 包装种类: 瓶装
 净含量: ','images/2015-09-02/1441186042_53973812555e6c0facfe1e.jpg','0','0','1','0','0','1','1','2015-09-02 17:27:22','303','<p><img title=\"1441186000386597.jpg\" src=\"/ueditor/php/upload/image/20150902/1441186000386597.jpg\"/></p><p><img title=\"1441186000259051.jpg\" src=\"/ueditor/php/upload/image/20150902/1441186000259051.jpg\"/></p><p></p>','','0','58'),('449','00000002','319','0','109','80','滚蛋吧肿瘤君','滚蛋吧！肿瘤君','images/2015-09-01/1441098360_106728965155e56a78698a3.jpg','0','0','1','0','1','1','1','2015-09-01 17:41:03','98','<p><img title=\"1441098334766740.jpg\" alt=\"20150316093327865[1].jpg\" src=\"/ueditor/php/upload/image/20150901/1441098334766740.jpg\"/></p>','','0','58'),('450','00000003','319','0','109','80','刺客聂隐娘','                                刺客聂隐娘','images/2015-09-01/1441098480_59130991055e56af097b11.jpg','0','0','1','0','1','1','1','2015-09-01 17:41:07','97','<p><img title=\"1441098454120587.jpg\" alt=\"ec47114f-e305-48cf-a32f-c94d61f00892[1].jpg\" src=\"/ueditor/php/upload/image/20150901/1441098454120587.jpg\"/></p>','','0','58'),('451','00000004','319','0','109','80','百团大战','                                百团大战','images/2015-09-01/1441098577_212621175255e56b517d4aa.jpg','0','0','1','0','1','1','1','2015-09-01 17:41:12','96','<p><img title=\"1441098557454415.jpg\" alt=\"2015080608453265413[1].jpg\" src=\"/ueditor/php/upload/image/20150901/1441098557454415.jpg\"/></p>','','0','58'),('452','00000004','299','0','112','59','京润珍珠活体靓采美容护肤5件补水套装化妆品套装女正品','                                ','images/2015-09-01/1441099007_166235889755e56cff6b8fc.jpg','0','0','1','0','1','1','1','2015-09-01 17:41:17','100','<p><img src=\"/ueditor/php/upload/image/20150901/1441098679119348.jpg\" title=\"1441098679119348.jpg\" alt=\"TB2VqUmbFXXXXXCXpXXXXXXXXXX_!!901506476.jpg\"/></p>','','0','58'),('453','00000005','319','0','109','80','终结者 创世纪','                                终结者 创世纪','images/2015-09-01/1441098700_79706471955e56bccd199b.jpg','0','0','1','0','1','1','1','2015-09-01 17:41:22','95','<p><img title=\"1441098682201603.jpg\" alt=\"1430536686440[1].jpg\" src=\"/ueditor/php/upload/image/20150901/1441098682201603.jpg\"/></p>','','0','58');/* MySQLReback Separation */
 /* 插入数据 `lx_goods` */
 INSERT INTO `lx_goods` VALUES ('454','00000006','319','0','109','80','新娘大作战','                                新娘大作战','images/2015-09-01/1441098809_125650028055e56c39f0758.jpg','0','0','1','0','1','1','1','2015-09-01 17:41:27','94','<p><img title=\"1441098786839119.jpg\" alt=\"dGFveGlhb2ZlaTE0Mjc5Mzg1OTg=_1[1].jpg\" src=\"/ueditor/php/upload/image/20150901/1441098786839119.jpg\"/></p>','','0','58');/* MySQLReback Separation */
 /* 插入数据 `lx_goods` */
 INSERT INTO `lx_goods` VALUES ('455','00000007','319','0','109','80','捉妖记','                                捉妖记','images/2015-09-01/1441099082_97212183455e56d4ae9aec.jpg','0','0','1','0','1','1','1','2015-09-01 17:41:33','93','<p><img title=\"1441099064990247.jpg\" alt=\"20150623051023250[1].jpg\" src=\"/ueditor/php/upload/image/20150901/1441099064990247.jpg\"/></p>','','0','58'),('456','00000008','319','0','109','80','双生灵','                                双生灵','images/2015-09-01/1441099214_102832353655e56dce3a9de.jpg','0','0','1','0','1','1','1','2015-09-01 17:41:38','92','<p><img title=\"1441099191111529.jpg\" alt=\"TB2stwNXVXXXXaZXpXXXXXXXXXX_229823360[1].jpg\" src=\"/ueditor/php/upload/image/20150901/1441099191111529.jpg\"/></p>','','0','58'),('457','00000005','230','0','112','59','京润珍珠裸妆透白精品套装3件 化妆品套装女夏 洁面乳液','                                京润珍珠裸妆透白精品套装3件 化妆品套装女夏 洁面乳液','images/2015-09-01/1441099300_190717513155e56e2461087.jpg','0','0','1','0','1','1','1','2015-09-01 17:41:43','100','<p><img src=\"/ueditor/php/upload/image/20150901/1441099245645390.jpg\" title=\"1441099245645390.jpg\" alt=\"TB2ZoTKbFXXXXcdXpXXXXXXXXXX_!!901506476.jpg\"/></p>','','0','58'),('458','00000006','300','0','102','59','瑞倪维儿天然亮颜洗面奶120g ','            瑞倪维儿天然亮颜洗面奶120g                     ','images/2015-09-01/1441099832_43799584555e57038e465a.jpg','0','0','1','0','0','1','1','2015-09-01 17:30:33','100','<p><img src=\"/ueditor/php/upload/image/20150901/1441099688778358.jpg\" title=\"1441099688778358.jpg\" alt=\"TB1Peo_FVXXXXcTXVXXXXXXXXXX_!!0-item_pic.jpg\"/></p>','','0','58'),('459','00000008','299','0','103','59','韩国代购正品兰芝LANEIGE限量版气垫BB霜playnomore大眼睛气垫','                               韩国代购正品 兰芝LANEIGE 限量版气垫BB霜 playnomore大眼睛气垫','images/2015-09-01/1441100047_69740841355e5710f7670f.jpg','0','0','1','1','1','1','1','2015-09-01 17:41:48','100','<p><img src=\"/ueditor/php/upload/image/20150901/1441099982367921.jpg\" title=\"1441099982367921.jpg\" alt=\"TB2t_hheXXXXXaoXpXXXXXXXXXX-1851321889.jpg\"/></p>','','0','58'),('460','00000009','300','0','103','59','韩国兰芝laneige水凝透润保湿水乳两件套','                            韩国兰芝laneige水凝透润保湿水乳两件套   ','images/2015-09-01/1441100231_193537663155e571c7d291f.jpg','0','0','1','0','1','1','1','2015-09-01 17:41:55','100','<p><img src=\"/ueditor/php/upload/image/20150901/1441100191957629.jpg\" title=\"1441100191957629.jpg\" alt=\"TB1q40xIXXXXXXqXXXXXXXXXXXX_!!0-item_pic.jpg_400x400.jpg_.webp.jpg\"/></p>','','0','58'),('461','00000001','321','0','108','78','东北5日游','                                东北5日游','images/2015-09-01/1441100284_192359548355e571fc641ba.jpg','0','0','1','0','1','1','1','2015-09-01 17:43:27','99','<p><img title=\"1441100264116891.jpg\" alt=\"东北.jpg\" src=\"/ueditor/php/upload/image/20150901/1441100264116891.jpg\"/></p>','','0','58'),('462','00000009','299','0','102','59','韩国innisfree悦诗风吟绿茶精萃保湿水乳套盒','                              韩国innisfree悦诗风吟绿茶精萃保湿水乳套盒','images/2015-09-01/1441100739_35349242555e573c38bad6.png','0','0','1','0','1','1','1','2015-09-01 18:28:04','100','<p><img src=\"/ueditor/php/upload/image/20150901/1441100314898288.png\" title=\"1441100314898288.png\" alt=\"TB1tBLtFFXXXXXrXpXXXXXXXXXX_!!2-item_pic.png\"/></p>','','0','58'),('463','00000002','321','0','108','78','安徽5日游','                              安徽5日游','images/2015-09-01/1441100354_137636004155e57242368cc.jpg','0','0','1','0','1','1','1','2015-09-01 17:43:38','98','<p><img title=\"1441100328960211.jpg\" alt=\"安徽3日游.jpg\" src=\"/ueditor/php/upload/image/20150901/1441100328960211.jpg\"/></p>','','0','58'),('464','00000003','321','0','108','78','北京5日游','                                北京5日游','images/2015-09-01/1441100411_107230954055e5727bb49d5.jpg','0','0','1','0','1','1','1','2015-09-01 17:43:46','97','<p><img title=\"1441100396476835.jpg\" alt=\"北京3日游.jpg\" src=\"/ueditor/php/upload/image/20150901/1441100396476835.jpg\"/></p>','','0','58'),('465','00000004','321','0','108','78','广东5日游','                                广东5日游','images/2015-09-01/1441100492_60648458355e572cc87174.jpg','0','0','1','0','1','1','1','2015-09-01 17:43:53','96','<p><img title=\"1441100472127752.jpg\" alt=\"广东3日游.jpg\" src=\"/ueditor/php/upload/image/20150901/1441100472127752.jpg\"/></p>','','0','58'),('466','00000005','321','0','108','78','广西北5日游','                            广西北5日游','images/2015-09-01/1441100560_177577014055e5731068c90.jpg','0','0','1','0','1','1','1','2015-09-01 17:43:57','95','<p><img title=\"1441100536226175.jpg\" alt=\"广西.jpg\" src=\"/ueditor/php/upload/image/20150901/1441100536226175.jpg\"/></p>','','0','58');/* MySQLReback Separation */
 /* 插入数据 `lx_goods` */
 INSERT INTO `lx_goods` VALUES ('467','00000006','321','0','108','78','辉县5日游','                                                                辉县5日游','images/2015-09-01/1441100642_86882211655e5736218ee9.jpg','0','0','1','0','1','1','1','2015-09-01 17:44:02','94','<p><img title=\"1441100624110806.jpg\" alt=\"辉县3日游.jpg\" src=\"/ueditor/php/upload/image/20150901/1441100624110806.jpg\"/></p>','','0','58');/* MySQLReback Separation */
 /* 插入数据 `lx_goods` */
 INSERT INTO `lx_goods` VALUES ('468','00000007','321','0','108','78','山东5日游','                                山东5日游','images/2015-09-01/1441100694_82446093955e5739696fb2.jpg','0','0','1','0','1','1','1','2015-09-01 18:18:23','93','<p><img title=\"1441100678294337.jpg\" alt=\"山东3日游.jpg\" src=\"/ueditor/php/upload/image/20150901/1441100678294337.jpg\"/></p>','','0','58'),('469','00000008','321','0','108','78','河北5日游','                                河北5日游','images/2015-09-01/1441100751_139209250055e573cfeb156.jpg','0','0','1','0','1','1','1','2015-09-01 18:13:53','92','<p><img title=\"1441100731296876.jpg\" alt=\"河北3日游.jpg\" src=\"/ueditor/php/upload/image/20150901/1441100731296876.jpg\"/></p>','','0','58'),('470','00000010','322','0','114','59','复古甜美透视花朵蕾丝','                            复古甜美透视花朵蕾丝    ','images/2015-09-01/1441101141_109519688855e57555ec4d6.jpg','0','0','1','0','1','1','1','2015-09-01 18:13:58','100','<p><img src=\"/ueditor/php/upload/image/20150901/1441101104905087.jpg\" style=\"\" title=\"1441101104905087.jpg\"/></p><p><img src=\"/ueditor/php/upload/image/20150901/1441101104906335.jpg\" style=\"\" title=\"1441101104906335.jpg\"/></p><p><br/></p>','','0','58'),('471','00000011','322','0','114','59','半身短裙A字蓬蓬裙','                 半身短裙A字蓬蓬裙               ','images/2015-09-01/1441101321_2612976155e576096b29d.jpg','0','0','1','0','1','1','1','2015-09-01 18:14:03','100','<p><img src=\"/ueditor/php/upload/image/20150901/1441101288127761.jpg\" title=\"1441101288127761.jpg\" alt=\"TB1nj_xGXXXXXcHaXXXXXXXXXXX_!!0-item_pic.jpg\"/></p>','','0','58'),('472','000000012','322','0','114','59','新款女衣服小香风白色中袖','                       新款女衣服小香风白色中袖','images/2015-09-01/1441103385_175222416655e57e1943d62.jpg','0','0','1','0','1','1','1','2015-09-01 18:29:45','100','<p><img src=\"/ueditor/php/upload/image/20150901/1441101464271659.jpg\" title=\"1441101464271659.jpg\" alt=\"TB1YS.PGXXXXXXnXpXXXXXXXXXX_!!0-item_pic.jpg\"/></p>','','0','58'),('473','000020013','322','0','114','59','字母气质淑女拼接短袖连衣裙','                       欧美大码显瘦a字裙         ','images/2015-09-01/1441103501_127535433055e57e8d981f9.jpg','0','0','1','0','1','1','1','2015-09-01 18:31:41','0','<p><img src=\"/ueditor/php/upload/image/20150901/1441101691124589.jpg\" title=\"1441101691124589.jpg\" alt=\"TB15MdHIXXXXXXXaXXXXXXXXXXX_!!0-item_pic.jpg\"/></p>','','0','58'),('474','00000013','322','0','114','59','欧洲站秋装新款女装秋季','                        欧洲站秋装新款女装秋季        ','images/2015-09-01/1441103565_163490096255e57ecd1e406.jpg','0','0','1','0','1','1','1','2015-09-01 18:32:45','100','<p><img src=\"/ueditor/php/upload/image/20150901/1441101879123144.jpg\" title=\"1441101879123144.jpg\" alt=\"TB1zDXcIVXXXXcTXXXXXXXXXXXX_!!0-item_pic.jpg\"/></p>','','0','58'),('475','00000014','322','0','114','59','秋装迪 baby同款 斜拼 褶皱A字摆','                                ','images/2015-09-01/1441103523_96883590455e57ea329908.jpg','0','0','1','0','1','1','1','2015-09-01 18:32:03','0','<p><img src=\"/ueditor/php/upload/image/20150901/1441102012177979.jpg\" title=\"1441102012177979.jpg\" alt=\"TB1lTj1JXXXXXbxXFXXXXXXXXXX_!!0-item_pic.jpg\"/></p>','','0','58'),('476','00000015','322','0','114','59','明星同款夏装裙子2015女式显瘦蝴蝶结小清新范冰冰夏季格子连衣裙','                              明星同款夏装裙子2015女式显瘦蝴蝶结小清新范冰冰夏季格子连衣裙  ','images/2015-09-01/1441102192_200222070555e57970f366c.jpg','0','0','1','0','1','1','1','2015-09-01 18:14:30','100','<h3 class=\"tb-main-title\" data-title=\"明星同款夏装裙子2015女式显瘦蝴蝶结小清新范冰冰夏季格子连衣裙\" style=\"margin: 0px; padding: 0px; font-size: 16px; min-height: 21px; line-height: 21px; color: rgb(60, 60, 60); font-family: tahoma, arial, &#39;Hiragino Sans GB&#39;, 宋体, sans-serif; white-space: normal; background-color: rgb(255, 255, 255);\">明星同款夏装裙子2015女式显瘦蝴蝶结小清新范冰冰夏季格子连衣裙</h3><p><img src=\"/ueditor/php/upload/image/20150901/1441102150964686.jpg\" title=\"1441102150964686.jpg\" alt=\"T18HChFbBgXXXXXXXX_!!0-item_pic.jpg\"/></p>','','0','58');/* MySQLReback Separation */
 /* 插入数据 `lx_goods` */
 INSERT INTO `lx_goods` VALUES ('477','00000016','322','0','114','59','2015春夏季女装新款范冰冰明星同款翻领格子修身橘色复古连衣裙','                                ','images/2015-09-01/1441103448_26544304155e57e582583f.jpg','0','0','1','0','1','1','1','2015-09-01 18:30:48','100','<h3 class=\"tb-main-title\" data-title=\"2015春夏季女装新款范冰冰明星同款翻领格子修身橘色复古连衣裙\" style=\"margin: 0px; padding: 0px; font-size: 16px; min-height: 21px; line-height: 21px; color: rgb(60, 60, 60); font-family: tahoma, arial, &#39;Hiragino Sans GB&#39;, 宋体, sans-serif; white-space: normal; background-color: rgb(255, 255, 255);\">2015春夏季女装新款范冰冰明星同款翻领格子修身橘色复古连衣裙</h3><p><img src=\"/ueditor/php/upload/image/20150901/1441102332940502.jpg\" title=\"1441102332940502.jpg\" alt=\"TB1wF6IHpXXXXarXXXXXXXXXXXX_!!0-item_pic.jpg\"/></p>','','0','58');/* MySQLReback Separation */
 /* 插入数据 `lx_goods` */
 INSERT INTO `lx_goods` VALUES ('478','00000040','272','0','97','65','康师傅方便面 箱','                                康师傅方便面 箱','images/2015-09-02/1441153456_19935956755e641b0d4dd3.jpg','0','0','1','0','0','1','1','2015-09-02 08:24:16','60','<p><img title=\"1441153184229187.jpg\" alt=\"箱.jpg\" src=\"/ueditor/php/upload/image/20150902/1441153184229187.jpg\"/></p>','','0','58'),('479','00000041','272','0','97','65','康师傅方便面  袋','                                康师傅方便面 袋','images/2015-09-02/1441153561_169194680355e6421994577.png','0','0','1','0','0','1','1','2015-09-02 08:26:01','59','<p><img title=\"1441153520461343.png\" alt=\"3321645281[1].png\" src=\"/ueditor/php/upload/image/20150902/1441153520461343.png\"/></p>','','0','58'),('480','00000042','291','0','97','65','妙恋   奶茶','妙恋   奶茶','images/2015-09-02/1441154598_116866298855e646261210e.jpg','0','0','1','0','0','1','1','2015-09-02 08:43:18','0','<p><img title=\"1441154561109416.jpg\" alt=\"d868c666-a475-4493-b06c-64c05a82ee55[1].jpg\" src=\"/ueditor/php/upload/image/20150902/1441154561109416.jpg\"/></p>','','0','58'),('481','0000009','321','0','108','78','三亚5日4晚跟团游 穹顶之下',' D2分界洲岛南湾猴岛D3大小洞天天涯海角三亚千古情景区D4呀诺达雨林文化旅游区亚龙湾国际玫瑰谷          
 产品经理推荐
★ 承诺全程0自费，尊享1晚180度海景房和3晚精品酒店海景房；
★ 独家经典“白+黑”，吃、住、行、游、购、娱，一价全包高端旅游金牌产品；
★ 【错峰限量特价 透明0利润】免费赠送宋城千古情门票、猴岛跨海索道票；                                              ','images/2015-09-02/1441155739_7693625355e64a9bbd7b0.jpg','0','0','1','0','0','1','1','2015-09-02 09:05:16','91','<p><img title=\"1441155037462935.jpg\" src=\"/ueditor/php/upload/image/20150902/1441155037462935.jpg\"/></p><p><img title=\"1441155037581531.jpg\" src=\"/ueditor/php/upload/image/20150902/1441155037581531.jpg\"/></p><p><img title=\"1441155037719835.jpg\" src=\"/ueditor/php/upload/image/20150902/1441155037719835.jpg\"/></p><p><img title=\"1441155037122227.jpg\" src=\"/ueditor/php/upload/image/20150902/1441155037122227.jpg\"/></p><p><img title=\"1441155037120372.jpg\" src=\"/ueditor/php/upload/image/20150902/1441155037120372.jpg\"/></p><p><img title=\"1441155037920794.jpg\" src=\"/ueditor/php/upload/image/20150902/1441155037920794.jpg\"/></p><p><img title=\"1441155037106383.jpg\" src=\"/ueditor/php/upload/image/20150902/1441155037106383.jpg\"/></p><p><img title=\"1441155037116542.jpg\" src=\"/ueditor/php/upload/image/20150902/1441155037116542.jpg\"/></p><p><img title=\"1441155037702278.jpg\" src=\"/ueditor/php/upload/image/20150902/1441155037702278.jpg\"/></p><p><br/></p>','','0','58'),('448','00000001','319','0','109','80','烈日灼心','                                ','images/2015-09-01/1441098232_191165568055e569f824797.jpg','0','0','1','0','1','1','1','2015-09-01 17:40:57','99','<p><img title=\"1441098197224970.jpg\" alt=\"124274488[1].jpg\" src=\"/ueditor/php/upload/image/20150901/1441098197224970.jpg\"/></p>','','0','58');/* MySQLReback Separation */
 /* 插入数据 `lx_goods` */
 INSERT INTO `lx_goods` VALUES ('447','00020','298','27','100','69','vivo X5M',' 精钢科技 ，极致之选                                                                  ','images/2015-09-01/1441097514_96729997455e5672a2dacc.jpg','0','0','1','0','1','1','1','2015-09-03 17:02:36','99','<p class=\"attr-list-hd tm-clear\" style=\"margin-top: 0px; margin-bottom: 0px; padding: 5px 20px; line-height: 22px; color: rgb(153, 153, 153); font-family: tahoma, arial, 微软雅黑, sans-serif; font-size: 12px; white-space: normal; background-color: rgb(255, 255, 255);\"><span style=\"margin: 0px; padding: 0px; font-weight: 700; float: left;\">产品参数：</span></p><ul id=\"J_AttrUL\" style=\"list-style-type: none;\" class=\" list-paddingleft-2\"><li><p><br/></p></li><li><p><span style=\"font-size: 12px;\">&nbsp;产品名称：vivo X5M</span></p></li><li><p><span style=\"font-size: 12px;\">&nbsp;型号:&nbsp;X5M</span></p></li><li><p><span style=\"font-size: 12px;\">&nbsp;机身颜色:&nbsp;香槟金&nbsp;极光白</span></p></li><li><p><span style=\"font-size: 12px;\">&nbsp;运行内存RAM:&nbsp;2GB</span></p></li><li><p><span style=\"font-size: 12px;\">&nbsp;机身内存:&nbsp;16GB</span></p></li><li><p><span style=\"font-size: 12px;\">&nbsp;网络模式:&nbsp;双卡多模</span></p></li><li><p><span style=\"font-size: 12px;\">&nbsp;电池容量:&nbsp;2300mAh</span></p></li></ul><p style=\"text-align: center\"><img src=\"/ueditor/php/upload/image/20150901/1441097265352086.jpg\" style=\"width: 784px; height: 558px;\" title=\"1441097265352086.jpg\" width=\"784\" height=\"558\"/></p><p style=\"text-align: center\"><img src=\"/ueditor/php/upload/image/20150901/1441097265100242.jpg\" style=\"\" title=\"1441097265100242.jpg\"/></p><p style=\"text-align: center\"><img src=\"/ueditor/php/upload/image/20150901/1441097265991624.jpg\" style=\"\" title=\"1441097265991624.jpg\"/></p><p style=\"text-align: center\"><img src=\"/ueditor/php/upload/image/20150901/1441097265116917.jpg\" style=\"\" title=\"1441097265116917.jpg\"/></p><p style=\"text-align: center\"><img src=\"/ueditor/php/upload/image/20150901/1441097265511045.jpg\" style=\"\" title=\"1441097265511045.jpg\"/></p><p style=\"text-align: center\"><img src=\"/ueditor/php/upload/image/20150901/1441097266765707.jpg\" style=\"\" title=\"1441097266765707.jpg\"/></p><p style=\"text-align: center\"><img src=\"/ueditor/php/upload/image/20150901/1441097266871178.jpg\" style=\"\" title=\"1441097266871178.jpg\"/></p><p style=\"text-align: center\"><img src=\"/ueditor/php/upload/image/20150901/1441097266846176.jpg\" style=\"\" title=\"1441097266846176.jpg\"/></p><p style=\"text-align: center\"><img src=\"/ueditor/php/upload/image/20150901/1441097267203110.jpg\" style=\"\" title=\"1441097267203110.jpg\"/></p><p style=\"text-align: center\"><img src=\"/ueditor/php/upload/image/20150901/1441097267441807.jpg\" style=\"\" title=\"1441097267441807.jpg\"/></p><p style=\"text-align: center\"><img src=\"/ueditor/php/upload/image/20150901/1441097268708303.jpg\" style=\"\" title=\"1441097268708303.jpg\"/></p><p style=\"text-align: center\"><img src=\"/ueditor/php/upload/image/20150901/1441097268614752.jpg\" style=\"\" title=\"1441097268614752.jpg\"/></p><p style=\"text-align: center\"><img src=\"/ueditor/php/upload/image/20150901/1441097269788385.jpg\" style=\"\" title=\"1441097269788385.jpg\"/></p><p style=\"text-align: center\"><img src=\"/ueditor/php/upload/image/20150901/1441097269112347.jpg\" style=\"\" title=\"1441097269112347.jpg\"/></p><p style=\"text-align: center\"><img src=\"/ueditor/php/upload/image/20150901/1441097269473306.jpg\" style=\"\" title=\"1441097269473306.jpg\"/></p><p style=\"text-align: center\"><img src=\"/ueditor/php/upload/image/20150901/1441097270835031.jpg\" style=\"\" title=\"1441097270835031.jpg\"/></p><p style=\"text-align: center\"><img src=\"/ueditor/php/upload/image/20150901/1441097272111934.gif\" style=\"\" title=\"1441097272111934.gif\"/></p><p><br/></p>','','20','58');/* MySQLReback Separation */
 /* 插入数据 `lx_goods` */
 INSERT INTO `lx_goods` VALUES ('445','00000008','303','0','101','76','格兰仕  家用1匹半家庭挂式','                                格兰仕  家用1匹半家庭挂式','images/2015-09-01/1441095960_175818018055e56118dc1c9.png','0','0','1','0','1','1','1','2015-09-01 18:13:48','92','<p><img title=\"1441095937179055.png\" alt=\"(FLNV43R337IXZ14M_%J8IJ.png\" src=\"/ueditor/php/upload/image/20150901/1441095937179055.png\"/></p>','','0','58'),('483','00000001','296','0','99','64','海马轩琴 防水面料3E椰梦维床垫 乳胶床垫席梦思 9区独立袋装弹簧','                                海马轩琴 防水面料3E椰梦维床垫 乳胶床垫席梦思 9区独立袋装弹簧                                ','images/2015-09-02/1441157043_149007409755e64fb3477bd.jpg','0','0','1','0','0','1','1','2015-09-02 15:59:09','91','<p><img src=\"/ueditor/php/upload/image/20150902/1441156944119322.jpg\" title=\"1441156944119322.jpg\" alt=\"BQ{9HO398_A%JEK}RYM699D.jpg\"/></p>','','0','58'),('484','0000011','321','0','108','78','西双版纳5日自由行','★4晚连住英国威廉王子入住酒店——避寒皇冠酒店，尽享奢华。
★西双版纳——被誉为“理想而神奇的乐土”，《爸爸去哪儿》第三季第二站。
★携程全网独家优势：所有航班全接入，各星级酒店任选，更有免费接机
                                ','images/2015-09-02/1441157137_182523421255e65011a7256.png','0','0','1','0','0','1','1','2015-09-02 09:25:37','101','<p><img title=\"1441157064915070.png\" src=\"/ueditor/php/upload/image/20150902/1441157064915070.png\"/></p><p><img title=\"1441157065707442.png\" src=\"/ueditor/php/upload/image/20150902/1441157065707442.png\"/></p><p><img title=\"1441157065679859.png\" src=\"/ueditor/php/upload/image/20150902/1441157065679859.png\"/></p><p><img title=\"1441157066137206.png\" src=\"/ueditor/php/upload/image/20150902/1441157066137206.png\"/></p><p><img title=\"1441157066108470.png\" src=\"/ueditor/php/upload/image/20150902/1441157066108470.png\"/></p><p></p>','','0','58'),('175','98656236','193','17','36','30','宜家沙发','                                ','images/2015-08-21/1440123539_78760070555d68a9354c07.jpg','0','0','1','0','1','1','1','2015-08-21 10:23:12','5','<p><img alt=\"2W_F54$B`IG6$NZ%]JSN]B8.jpg\" src=\"/ueditor/php/upload/image/20150821/1440123493287538.jpg\" title=\"1440123493287538.jpg\"/><img alt=\"ZO(@7ZQP`@NOM%D2KL_J]C5.jpg\" src=\"/ueditor/php/upload/image/20150821/1440123494187403.jpg\" title=\"1440123494187403.jpg\"/><img alt=\"O}4JJ_JAKF(K][{$_%X]_26.jpg\" src=\"/ueditor/php/upload/image/20150821/1440123494518877.jpg\" title=\"1440123494518877.jpg\"/><img class=\"loadingclass\" id=\"loading_idl0hbm3\" src=\"http://wsq.cccuu.com/Public/ueditor/themes/default/images/spacer.gif\" title=\"正在上传...\"/></p>','','20','19'),('176','98786544665','193','17','36','30','宜家窗户','                                ','images/2015-08-21/1440123705_31258667855d68b397b6b0.jpg','0','0','1','0','1','1','1','2015-08-21 10:23:21','6','<p><img alt=\"ZO(@7ZQP`@NOM%D2KL_J]C5.jpg\" src=\"/ueditor/php/upload/image/20150821/1440123647133914.jpg\" title=\"1440123647133914.jpg\"/><img alt=\"O}4JJ_JAKF(K][{$_%X]_26.jpg\" src=\"/ueditor/php/upload/image/20150821/1440123648617850.jpg\" title=\"1440123648617850.jpg\"/><img class=\"loadingclass\" id=\"loading_idl0kmuz\" src=\"http://wsq.cccuu.com/Public/ueditor/themes/default/images/spacer.gif\" title=\"正在上传...\"/><img alt=\"2W_F54$B`IG6$NZ%]JSN]B8.jpg\" src=\"/ueditor/php/upload/image/20150821/1440123649155473.jpg\" title=\"1440123649155473.jpg\"/></p>','','3','19'),('180','95626622','193','17','36','30','宜家吸尘器','                                                                ','images/2015-08-21/1440126657_29601945455d696c1624f7.jpg','0','0','1','1','1','1','1','2015-08-21 11:18:19','3','<p><img class=\"loadingclass\" id=\"loading_idl2c8rg\" src=\"http://wsq.cccuu.com/Public/ueditor/themes/default/images/spacer.gif\" title=\"正在上传...\"/><img class=\"loadingclass\" id=\"loading_idl2c8rv\" src=\"http://wsq.cccuu.com/Public/ueditor/themes/default/images/spacer.gif\" title=\"正在上传...\"/><img alt=\"QFA}8`C`[DFR3M%J)D]4MXS.jpg\" src=\"/ueditor/php/upload/image/20150821/1440126616120209.jpg\" title=\"1440126616120209.jpg\"/><img class=\"loadingclass\" id=\"loading_idl2c8sh\" src=\"http://wsq.cccuu.com/Public/ueditor/themes/default/images/spacer.gif\" title=\"正在上传...\"/></p>','','65','19'),('541','00000015','327','0','97','65','利群   国色天香','                                     利群  国色天香','images/2015-09-03/1441260266_1342202455e7e2ea04f39.jpg','0','0','1','0','0','1','1','2015-09-03 14:04:26','85','<p><img title=\"1441260244852115.jpg\" alt=\"利群 国色天香.jpg\" src=\"/ueditor/php/upload/image/20150903/1441260244852115.jpg\"/></p>','','0','58');/* MySQLReback Separation */
 /* 插入数据 `lx_goods` */
 INSERT INTO `lx_goods` VALUES ('542','00000017','327','0','97','65','利群','                                利群','images/2015-09-03/1441260518_49692075455e7e3e62441c.png','0','0','1','0','0','1','1','2015-09-03 14:08:38','83','<p><img title=\"1441260487793979.png\" alt=\"DB2KHIAW6)4ZW_~HBW4FAIT.png\" src=\"/ueditor/php/upload/image/20150903/1441260487793979.png\"/></p>','','0','58');/* MySQLReback Separation */
 /* 插入数据 `lx_goods` */
 INSERT INTO `lx_goods` VALUES ('543','00000018','327','0','97','65','南京 九五之尊','                                南京  九五之尊','images/2015-09-03/1441260653_27295831255e7e46da6615.jpg','0','0','1','0','0','1','1','2015-09-03 14:10:53','82','<p><img title=\"1441260630243990.jpg\" alt=\"南京 九五之尊.jpg\" src=\"/ueditor/php/upload/image/20150903/1441260630243990.jpg\"/></p>','','0','58'),('341','00000007','282','0','97','65','黄豆','                                黄豆','images/2015-08-31/1440989849_35770745255e3c2992179a.jpg','0','0','1','0','0','1','1','2015-08-31 10:57:29','93','<p><img title=\"1440989819140098.jpg\" alt=\"黄豆.jpg\" src=\"/ueditor/php/upload/image/20150831/1440989819140098.jpg\"/></p>','','0','58'),('335','00000001','282','0','97','65','黑香米','                                黑香米','images/2015-08-31/1440989329_158181541855e3c0912f1bf.jpg','0','0','1','0','0','1','1','2015-08-31 10:48:49','99','<p><img title=\"1440989280109171.jpg\" alt=\"黑香米.jpg\" src=\"/ueditor/php/upload/image/20150831/1440989280109171.jpg\"/></p>','','0','58'),('336','00000002','276','0','97','65','香米','                                香米','images/2015-08-31/1440989401_26066574555e3c0d9ded00.jpg','0','0','1','0','0','1','1','2015-08-31 10:50:01','98','<p><img title=\"1440989369656535.jpg\" alt=\"香米.jpg\" src=\"/ueditor/php/upload/image/20150831/1440989369656535.jpg\"/></p>','','0','58'),('337','00000003','282','0','97','65','大米','                                大米','images/2015-08-31/1440989481_41490664555e3c12951eab.jpg','0','0','1','0','0','1','1','2015-08-31 10:51:21','97','<p><img title=\"1440989445361036.jpg\" alt=\"大米.jpg\" src=\"/ueditor/php/upload/image/20150831/1440989445361036.jpg\"/></p>','','0','58'),('338','00000004','282','0','97','65','精品小米','                                精品小米','images/2015-08-31/1440989555_185406054755e3c173df4b3.jpg','0','0','1','0','0','1','1','2015-08-31 10:52:35','96','<p><img title=\"1440989530227121.jpg\" alt=\"小米.jpg\" src=\"/ueditor/php/upload/image/20150831/1440989530227121.jpg\"/></p>','','0','58'),('208','2345789','214','0','51','22','电风扇','                                ','images/2015-08-23/1440322714_181582595855d9949aad1bf.jpg','0','0','1','0','1','1','1','2015-08-23 18:00:40','231','<p><img src=\"/ueditor/php/upload/image/20150823/1440322619137305.png\" style=\"\" title=\"1440322619137305.png\"/></p><p><img src=\"/ueditor/php/upload/image/20150823/1440322619107458.png\" style=\"\" title=\"1440322619107458.png\"/></p><p><br/></p>','','23','19'),('209','1232356789','215','0','52','22','洗衣机','                                ','images/2015-08-23/1440323025_3890914455d995d147154.jpg','0','0','1','1','1','1','1','2015-08-23 18:00:54','21','<p><img src=\"/ueditor/php/upload/image/20150823/1440322958103284.png\" style=\"\" title=\"1440322958103284.png\"/></p><p><img src=\"/ueditor/php/upload/image/20150823/1440322958792817.png\" style=\"\" title=\"1440322958792817.png\"/></p><p><br/></p>','','12','19'),('210','12344567','216','0','58','22','宝马汽车','                                ','images/2015-08-23/1440323640_1268703655d998384530b.jpg','0','0','1','0','1','1','1','2015-08-23 18:01:00','21','<p><img src=\"/ueditor/php/upload/image/20150823/1440323553222043.png\" title=\"1440323553222043.png\" alt=\"%QDSL8H8YVO~KP29%I`%1EY.png\"/></p>','','21','19'),('211','123356789','216','0','58','22','自行车','                                ','images/2015-08-23/1440323840_184441995855d999007f095.jpg','0','0','1','0','1','1','1','2015-08-23 18:01:04','231','<p><img src=\"/ueditor/php/upload/image/20150823/1440323760951992.png\" title=\"1440323760951992.png\" alt=\"KLH[FKR2VKVS`P9]4H45T~I.png\"/></p>','','21','19'),('212','123456789','216','0','58','22','电动车','                                ','images/2015-08-23/1440323976_189103389755d99988cf923.jpg','0','0','1','0','1','1','1','2015-08-23 18:01:09','21','<p><img src=\"/ueditor/php/upload/image/20150823/1440323897757617.png\" title=\"1440323897757617.png\" alt=\"KLH[FKR2VKVS`P9]4H45T~I.png\"/></p>','','21','19');/* MySQLReback Separation */
 /* 插入数据 `lx_goods` */
 INSERT INTO `lx_goods` VALUES ('220','12346578','225','19','90','53','跑鞋','                                ','images/2015-08-28/1440731503_57630349155dfd16f4cd51.jpg','0','0','1','0','0','1','1','2015-08-28 11:15:25','123','<p><img src=\"/ueditor/php/upload/image/20150828/1440731230151859.jpg\" style=\"\" title=\"1440731230151859.jpg\"/></p><p><img src=\"/ueditor/php/upload/image/20150828/1440731230439913.jpg\" style=\"\" title=\"1440731230439913.jpg\"/></p><p><img src=\"/ueditor/php/upload/image/20150828/1440731230129237.jpg\" style=\"\" title=\"1440731230129237.jpg\"/></p><p><img src=\"/ueditor/php/upload/image/20150828/1440731230677707.jpg\" style=\"\" title=\"1440731230677707.jpg\"/></p><p><img src=\"/ueditor/php/upload/image/20150828/1440731230121964.jpg\" style=\"\" title=\"1440731230121964.jpg\"/></p><p><img src=\"/ueditor/php/upload/image/20150828/1440731231237406.jpg\" style=\"\" title=\"1440731231237406.jpg\"/></p><p><img src=\"/ueditor/php/upload/image/20150828/1440731231925828.jpg\" style=\"\" title=\"1440731231925828.jpg\"/></p><p><br/></p>','','21','52');/* MySQLReback Separation */
 /* 插入数据 `lx_goods` */
 INSERT INTO `lx_goods` VALUES ('219','123456','215','0','40','22','食用盐',' 家用、餐馆用                               ','','0','1','1','0','0','1','1','2015-08-26 10:50:22','12','<p><img title=\"1440557154523008.png\" alt=\"QQ图片20150826104923.png\" src=\"/ueditor/php/upload/image/20150826/1440557154523008.png\"/>食用盐</p>','','21','19'),('221','1234566','182','0','33','22','43566','                                ','','0','0','1','0','0','1','1','2015-08-28 11:26:17','21','','','21','19'),('222','00000001','226','0','91','57','橘子','                                youuuu','images/2015-08-28/1440742316_130397196855dffbac9c666.jpg','0','0','1','1','1','1','1','2015-08-29 17:11:29','13','<p><img src=\"/ueditor/php/upload/image/20150828/1440742192103250.jpg\" style=\"\" title=\"1440742192103250.jpg\"/></p><p><img src=\"/ueditor/php/upload/image/20150828/1440742192970840.jpg\" style=\"\" title=\"1440742192970840.jpg\"/></p><p><img src=\"/ueditor/php/upload/image/20150828/1440742193127804.jpg\" style=\"\" title=\"1440742193127804.jpg\"/></p><p><br/></p>','','13','54'),('291','00000007','268','0','97','65','汇源果汁','                                汇源果汁                                                                ','images/2015-08-30/1440900425_35632341355e265495d89a.jpg','0','0','1','0','1','1','1','2015-09-01 10:47:56','93','<p><img title=\"1440900298219332.jpg\" src=\"/ueditor/php/upload/image/20150830/1440900298219332.jpg\"/></p><p><img title=\"1440900298721901.jpg\" src=\"/ueditor/php/upload/image/20150830/1440900298721901.jpg\"/></p><p><img title=\"1440900298730808.jpg\" src=\"/ueditor/php/upload/image/20150830/1440900298730808.jpg\"/></p><p><img title=\"1440900298117937.jpg\" src=\"/ueditor/php/upload/image/20150830/1440900298117937.jpg\"/></p><p>&nbsp;</p>','','20','58'),('292','00000008','285','0','97','65','特仑苏','                                特仑苏                                                                ','images/2015-08-30/1440900765_2725908555e2669dd8ac0.jpg','0','0','1','0','0','1','1','2015-08-31 14:52:47','92','<p><img title=\"1440900708621809.jpg\" src=\"/ueditor/php/upload/image/20150830/1440900708621809.jpg\"/></p><p><img title=\"1440900708785157.png\" src=\"/ueditor/php/upload/image/20150830/1440900708785157.png\"/></p><p><img title=\"1440900708478986.jpg\" src=\"/ueditor/php/upload/image/20150830/1440900708478986.jpg\"/></p><p><img title=\"1440900708453511.jpg\" src=\"/ueditor/php/upload/image/20150830/1440900708453511.jpg\"/></p><p>&nbsp;</p>','','0','58'),('523','00000056','326','0','97','65','金六福绵柔金六福青瓷浓香型白酒36度 500ml','生产许可证编号：510015017675
 厂名：四川金六福酒业有限公司
 厂址：四川省成都邛崃市金六福大道6号、邛崃市工业集中发展区土地坡食品园区
 厂家联系方式：4008608999
 配料表：水、高粱、大米、糯米、小麦
 储藏方法：密闭、阴凉、干燥、常温
 保质期：3670000 天
 食品添加剂：无
 产品名称：金六福 青瓷 500mL 36%Vo...
 体积(ml): 500
 品牌: 金六福
 品名: 青瓷
 产地: 中国大陆地区
 省份: 四川
 香型: 浓香型
 酒精纯度: 低度白酒（4','images/2015-09-02/1441186497_118112384555e6c2c1b699e.jpg','0','0','1','0','0','1','1','2015-09-02 17:34:57','306','<p><img title=\"1441186456446798.jpg\" src=\"/ueditor/php/upload/image/20150902/1441186456446798.jpg\"/></p><p><img title=\"1441186456125885.jpg\" src=\"/ueditor/php/upload/image/20150902/1441186456125885.jpg\"/></p><p><img title=\"1441186456137770.jpg\" src=\"/ueditor/php/upload/image/20150902/1441186456137770.jpg\"/></p><p></p>','','0','58'),('290','00000006','285','0','97','65','伊利QQ星','                                伊利QQ星                                                                                                ','images/2015-08-30/1440899723_101129573355e2628b7dad3.jpg','0','0','1','0','1','1','1','2015-08-31 14:51:50','94','<p><img title=\"1440899585986718.jpg\" src=\"/ueditor/php/upload/image/20150830/1440899585986718.jpg\"/></p><p><img title=\"1440899585865584.png\" src=\"/ueditor/php/upload/image/20150830/1440899585865584.png\"/></p><p><img title=\"1440899585126212.png\" src=\"/ueditor/php/upload/image/20150830/1440899585126212.png\"/></p><p><img title=\"1440899585407381.jpg\" src=\"/ueditor/php/upload/image/20150830/1440899585407381.jpg\"/></p><p>&nbsp;</p>','','0','58'),('289','00000005','285','0','97','65','蒙牛真果粒','                               蒙牛真果粒                                                                                                                                ','images/2015-08-30/1440899263_94923123255e260bf4aa5b.jpg','0','0','1','1','1','1','1','2015-08-31 14:51:24','95','<p><img title=\"1440899142139676.jpg\" alt=\"19-12-23-85-1[1].jpg\" src=\"/ueditor/php/upload/image/20150830/1440899142139676.jpg\"/></p>','','20','58');/* MySQLReback Separation */
 /* 插入数据 `lx_goods` */
 INSERT INTO `lx_goods` VALUES ('288','00000004','285','0','97','65','金典纯牛奶','                                金典纯牛奶                                                                                                ','images/2015-08-30/1440898833_117173475655e25f1100d2c.jpg','0','0','1','0','1','1','1','2015-09-01 10:47:49','96','<p><img title=\"1440898749132129.jpg\" alt=\"14cc9ced7524b7ccba853a5da1c21304.jpg.thumb8[1].jpg\" src=\"/ueditor/php/upload/image/20150830/1440898749132129.jpg\"/></p>','','20','58');/* MySQLReback Separation */
 /* 插入数据 `lx_goods` */
 INSERT INTO `lx_goods` VALUES ('287','00000003','285','0','97','65','莫斯利安','                                莫斯利安                                                                                                ','images/2015-08-30/1440898634_2660563255e25e4ad9a46.jpg','0','0','1','0','1','1','1','2015-09-01 10:47:37','97','<p><img title=\"1440898562114976.jpg\" alt=\"1100235059_1000[1].jpg\" src=\"/ueditor/php/upload/image/20150830/1440898562114976.jpg\"/></p>','','20','58'),('418','00000009','296','0','99','64','海之澜  太空保健1米5X2米','                             海之澜  太空保健1米5X2米','images/2015-09-01/1441078039_130445052155e51b17ca418.jpg','0','0','1','1','0','1','1','2015-09-01 11:29:13','91','<p><img title=\"1441078015360993.jpg\" alt=\"海之澜太空保健+副本.jpg\" src=\"/ueditor/php/upload/image/20150901/1441078015360993.jpg\"/></p>','','0','58'),('417','00000008','296','0','99','64','海之澜  太空保健1米8X2米','                                海之澜  太空保健1米8X2米','images/2015-09-01/1441077969_142982729755e51ad1630a0.jpg','0','0','1','0','1','1','1','2015-09-01 11:29:08','92','<p><img title=\"1441077944123023.jpg\" alt=\"海之澜太空保健+副本.jpg\" src=\"/ueditor/php/upload/image/20150901/1441077944123023.jpg\"/></p>','','0','58'),('419','00000010','296','0','99','64','海之澜  太空保健1米2X2米','                                海之澜  太空保健1米2X2米','images/2015-09-01/1441078101_109753421555e51b5507e5d.jpg','0','0','1','0','1','1','1','2015-09-01 11:28:57','90','<p><img title=\"1441078079321705.jpg\" alt=\"海之澜太空保健+副本.jpg\" src=\"/ueditor/php/upload/image/20150901/1441078079321705.jpg\"/></p>','','0','58');/* MySQLReback Separation */
 /* 插入数据 `lx_goods` */
 INSERT INTO `lx_goods` VALUES ('420','00010','302','27','100','69','Apple 苹果 IPONE6 Plus','                        正品行货，品质保障                                        ','images/2015-09-01/1441078325_179826358955e51c352aee3.jpg','0','0','1','0','1','1','1','2015-09-01 16:54:04','99','<p class=\"attr-list-hd tm-clear\" style=\"margin-top: 0px; margin-bottom: 0px; padding: 5px 20px; line-height: 22px; color: rgb(153, 153, 153); font-family: tahoma, arial, 微软雅黑, sans-serif; font-size: 12px; white-space: normal; background-color: rgb(255, 255, 255);\"><span style=\"margin: 0px; padding: 0px; font-weight: 700; float: left;\">产品参数：</span></p><ul id=\"J_AttrUL\" style=\"list-style-type: none;\" class=\" list-paddingleft-2\"><li><p><span style=\"font-size: 12px;\">产品名称：Apple/苹果 iPhone 6 Plu...</span></p></li><li><p><span style=\"font-size: 12px;\">Apple型号:&nbsp;iPhone 6 Plus</span></p></li><li><p><span style=\"font-size: 12px;\">机身颜色:&nbsp;金色&nbsp;银色</span></p></li><li><p><span style=\"font-size: 12px;\">运行内存RAM:&nbsp;1GB</span></p></li><li><p><span style=\"font-size: 12px;\">机身内存:&nbsp;16GB&nbsp;64GB</span></p></li><li><p><span style=\"font-size: 12px;\">网络模式:&nbsp;单卡多模</span></p></li><li><p><span style=\"font-size: 12px;\">电池容量:&nbsp;2915mAh</span></p></li></ul><p style=\"text-align: center\"><img src=\"/ueditor/php/upload/image/20150901/1441078231762695.jpg\" style=\"\" title=\"1441078231762695.jpg\"/></p><p style=\"text-align: center\"><img src=\"/ueditor/php/upload/image/20150901/1441078231102372.jpg\" style=\"\" title=\"1441078231102372.jpg\"/></p><p style=\"text-align: center\"><img src=\"/ueditor/php/upload/image/20150901/1441078232468616.jpg\" style=\"\" title=\"1441078232468616.jpg\"/></p><p style=\"text-align: center\"><img src=\"/ueditor/php/upload/image/20150901/1441078232221441.jpg\" style=\"\" title=\"1441078232221441.jpg\"/></p><p style=\"text-align: center\"><img src=\"/ueditor/php/upload/image/20150901/1441078233707485.jpg\" style=\"\" title=\"1441078233707485.jpg\"/></p><p style=\"text-align: center\"><img src=\"/ueditor/php/upload/image/20150901/1441078233122446.jpg\" style=\"\" title=\"1441078233122446.jpg\"/></p><p style=\"text-align: center\"><img src=\"/ueditor/php/upload/image/20150901/1441078233390943.jpg\" style=\"\" title=\"1441078233390943.jpg\"/></p><p style=\"text-align: center\"><img src=\"/ueditor/php/upload/image/20150901/1441078234615483.jpg\" style=\"\" title=\"1441078234615483.jpg\"/></p><p style=\"text-align: center\"><img src=\"/ueditor/php/upload/image/20150901/1441078234955778.jpg\" style=\"\" title=\"1441078234955778.jpg\"/></p><p style=\"text-align: center\"><img src=\"/ueditor/php/upload/image/20150901/1441078234134917.jpg\" style=\"\" title=\"1441078234134917.jpg\"/></p><p style=\"text-align: center\"><img src=\"/ueditor/php/upload/image/20150901/1441078234309785.jpg\" style=\"\" title=\"1441078234309785.jpg\"/></p><p style=\"text-align: center\"><img src=\"/ueditor/php/upload/image/20150901/1441078234133467.jpg\" style=\"\" title=\"1441078234133467.jpg\"/></p><p style=\"text-align: center\"><img src=\"/ueditor/php/upload/image/20150901/1441078235762394.jpg\" style=\"\" title=\"1441078235762394.jpg\"/></p><p style=\"text-align: center\"><img src=\"/ueditor/php/upload/image/20150901/1441078235429155.jpg\" style=\"\" title=\"1441078235429155.jpg\"/></p><p><br/></p>','','30','58');/* MySQLReback Separation */
 /* 插入数据 `lx_goods` */
 INSERT INTO `lx_goods` VALUES ('421','00008','297','27','100','69','华为 P8青春版',' 超薄机身 强劲配置                                                               ','images/2015-09-01/1441078739_149591251655e51dd374b45.jpg','0','0','1','0','1','1','1','2015-09-01 14:38:52','4','<p class=\"attr-list-hd tm-clear\" style=\"margin-top: 0px; margin-bottom: 0px; padding: 5px 20px; line-height: 22px; color: rgb(153, 153, 153); font-family: tahoma, arial, 微软雅黑, sans-serif; font-size: 12px; white-space: normal; background-color: rgb(255, 255, 255);\"><span style=\"margin: 0px; padding: 0px; font-weight: 700; float: left;\">产品参数：</span></p><ul id=\"J_AttrUL\" style=\"list-style-type: none;\" class=\" list-paddingleft-2\"><li><p><span style=\"font-size: 12px;\">产品名称：Huawei/华为 P8青春版</span></p></li><li><p><span style=\"font-size: 12px;\">华为型号:&nbsp;P8青春版</span></p></li><li><p><span style=\"font-size: 12px;\">机身颜色:&nbsp;金色&nbsp;白色&nbsp;黑色</span></p></li><li><p><span style=\"font-size: 12px;\">运行内存RAM:&nbsp;2GB</span></p></li><li><p><span style=\"font-size: 12px;\">机身内存:&nbsp;16GB</span></p></li><li><p><span style=\"font-size: 12px;\">网络模式:&nbsp;双卡多模</span></p></li><li><p><span style=\"font-size: 12px;\">电池容量:&nbsp;2200mAh</span></p></li></ul><p style=\"text-align: center\"><img src=\"/ueditor/php/upload/image/20150901/1441078645760930.jpg\" style=\"\" title=\"1441078645760930.jpg\"/></p><p style=\"text-align: center\"><img src=\"/ueditor/php/upload/image/20150901/1441078645551796.jpg\" style=\"\" title=\"1441078645551796.jpg\"/></p><p style=\"text-align: center\"><img src=\"/ueditor/php/upload/image/20150901/1441078645431221.jpg\" style=\"\" title=\"1441078645431221.jpg\"/></p><p style=\"text-align: center\"><img src=\"/ueditor/php/upload/image/20150901/1441078645983577.jpg\" style=\"\" title=\"1441078645983577.jpg\"/></p><p style=\"text-align: center\"><img src=\"/ueditor/php/upload/image/20150901/1441078645113100.jpg\" style=\"\" title=\"1441078645113100.jpg\"/></p><p style=\"text-align: center\"><img src=\"/ueditor/php/upload/image/20150901/1441078645183186.jpg\" style=\"\" title=\"1441078645183186.jpg\"/></p><p style=\"text-align: center\"><img src=\"/ueditor/php/upload/image/20150901/1441078645732874.jpg\" style=\"\" title=\"1441078645732874.jpg\"/></p><p style=\"text-align: center\"><img src=\"/ueditor/php/upload/image/20150901/1441078645346276.jpg\" style=\"\" title=\"1441078645346276.jpg\"/></p><p style=\"text-align: center\"><img src=\"/ueditor/php/upload/image/20150901/1441078645132111.jpg\" style=\"\" title=\"1441078645132111.jpg\"/></p><p style=\"text-align: center\"><img src=\"/ueditor/php/upload/image/20150901/1441078646240848.jpg\" style=\"\" title=\"1441078646240848.jpg\"/></p><p style=\"text-align: center\"><img src=\"/ueditor/php/upload/image/20150901/1441078647977122.jpg\" style=\"\" title=\"1441078647977122.jpg\"/></p><p style=\"text-align: center\"><img src=\"/ueditor/php/upload/image/20150901/1441078647150611.jpg\" style=\"\" title=\"1441078647150611.jpg\"/></p><p style=\"text-align: center\"><img src=\"/ueditor/php/upload/image/20150901/1441078648560144.jpg\" style=\"\" title=\"1441078648560144.jpg\"/></p><p style=\"text-align: center\"><img src=\"/ueditor/php/upload/image/20150901/1441078648716263.jpg\" style=\"\" title=\"1441078648716263.jpg\"/></p><p style=\"text-align: center\"><img src=\"/ueditor/php/upload/image/20150901/1441078648417623.jpg\" style=\"\" title=\"1441078648417623.jpg\"/></p><p style=\"text-align: center\"><img src=\"/ueditor/php/upload/image/20150901/1441078649136044.jpg\" style=\"\" title=\"1441078649136044.jpg\"/></p><p style=\"text-align: center\"><img src=\"/ueditor/php/upload/image/20150901/1441078649848887.jpg\" style=\"\" title=\"1441078649848887.jpg\"/></p><p style=\"text-align: center\"><img src=\"/ueditor/php/upload/image/20150901/1441078649744062.jpg\" style=\"\" title=\"1441078649744062.jpg\"/></p><p style=\"text-align: center\"><img src=\"/ueditor/php/upload/image/20150901/1441078650391976.jpg\" style=\"\" title=\"1441078650391976.jpg\"/></p><p><br/></p>','','30','58');/* MySQLReback Separation */
 /* 插入数据 `lx_goods` */
 INSERT INTO `lx_goods` VALUES ('416','00004','302','27','100','69','Apple 苹果 IPONE6','                                正品行货，优质保障                                ','images/2015-09-01/1441078023_113759956055e51b0772778.jpg','0','0','1','0','1','1','1','2015-09-01 16:53:39','99','<p class=\"attr-list-hd tm-clear\" style=\"margin-top: 0px; margin-bottom: 0px; padding: 5px 20px; line-height: 22px; color: rgb(153, 153, 153); font-family: tahoma, arial, 微软雅黑, sans-serif; font-size: 12px; white-space: normal; background-color: rgb(255, 255, 255);\"><span style=\"margin: 0px; padding: 0px; font-weight: 700; float: left;\">产品参数：</span></p><ul id=\"J_AttrUL\" style=\"list-style-type: none;\" class=\" list-paddingleft-2\"><li><p><span style=\"font-size: 12px;\">产品名称：Apple/苹果 iPhone 6 Plu...</span></p></li><li><p><span style=\"font-size: 12px;\">Apple型号:&nbsp;iPhone 6 Plus</span></p></li><li><p><span style=\"font-size: 12px;\">机身颜色:&nbsp;金色&nbsp;银色</span></p></li><li><p><span style=\"font-size: 12px;\">运行内存RAM:&nbsp;1GB</span></p></li><li><p><span style=\"font-size: 12px;\">机身内存:&nbsp;16GB&nbsp;64GB</span></p></li><li><p><span style=\"font-size: 12px;\">网络模式:&nbsp;单卡多模</span></p></li><li><p><span style=\"font-size: 12px;\">电池容量:&nbsp;2915mAh</span></p></li></ul><p style=\"text-align: center\"><img src=\"/ueditor/php/upload/image/20150901/1441077891532647.jpg\" style=\"\" title=\"1441077891532647.jpg\"/></p><p style=\"text-align: center\"><img src=\"/ueditor/php/upload/image/20150901/1441077891643196.jpg\" style=\"\" title=\"1441077891643196.jpg\"/></p><p style=\"text-align: center\"><img src=\"/ueditor/php/upload/image/20150901/1441077891109206.jpg\" style=\"\" title=\"1441077891109206.jpg\"/></p><p style=\"text-align: center\"><img src=\"/ueditor/php/upload/image/20150901/1441077891169717.jpg\" style=\"\" title=\"1441077891169717.jpg\"/></p><p style=\"text-align: center\"><img src=\"/ueditor/php/upload/image/20150901/1441077891132357.jpg\" style=\"\" title=\"1441077891132357.jpg\"/></p><p style=\"text-align: center\"><img src=\"/ueditor/php/upload/image/20150901/1441077891566642.jpg\" style=\"\" title=\"1441077891566642.jpg\"/></p><p style=\"text-align: center\"><img src=\"/ueditor/php/upload/image/20150901/1441077891254446.jpg\" style=\"\" title=\"1441077891254446.jpg\"/></p><p style=\"text-align: center\"><img src=\"/ueditor/php/upload/image/20150901/1441077891283622.jpg\" style=\"\" title=\"1441077891283622.jpg\"/></p><p style=\"text-align: center\"><img src=\"/ueditor/php/upload/image/20150901/1441077891169975.jpg\" style=\"\" title=\"1441077891169975.jpg\"/></p><p style=\"text-align: center\"><img src=\"/ueditor/php/upload/image/20150901/1441077891639796.jpg\" style=\"\" title=\"1441077891639796.jpg\"/></p><p style=\"text-align: center\"><img src=\"/ueditor/php/upload/image/20150901/1441077892124146.jpg\" style=\"\" title=\"1441077892124146.jpg\"/></p><p style=\"text-align: center\"><img src=\"/ueditor/php/upload/image/20150901/1441077892249067.jpg\" style=\"\" title=\"1441077892249067.jpg\"/></p><p style=\"text-align: center\"><img src=\"/ueditor/php/upload/image/20150901/1441077892109610.jpg\" style=\"\" title=\"1441077892109610.jpg\"/></p><p style=\"text-align: center\"><img src=\"/ueditor/php/upload/image/20150901/1441077892578088.jpg\" style=\"\" title=\"1441077892578088.jpg\"/></p><p style=\"text-align: center\"><img src=\"/ueditor/php/upload/image/20150901/1441077892112355.jpg\" style=\"\" title=\"1441077892112355.jpg\"/></p><p style=\"text-align: center\"><img src=\"/ueditor/php/upload/image/20150901/1441077893613288.jpg\" style=\"\" title=\"1441077893613288.jpg\"/></p><p style=\"text-align: center\"><img src=\"/ueditor/php/upload/image/20150901/1441077893585232.jpg\" style=\"\" title=\"1441077893585232.jpg\"/></p><p style=\"text-align: center\"><img src=\"/ueditor/php/upload/image/20150901/1441077893130343.jpg\" style=\"\" title=\"1441077893130343.jpg\"/></p><p style=\"text-align: center\"><img src=\"/ueditor/php/upload/image/20150901/1441077893110204.jpg\" style=\"\" title=\"1441077893110204.jpg\"/></p><p style=\"text-align: center\"><img src=\"/ueditor/php/upload/image/20150901/1441077893333496.jpg\" style=\"\" title=\"1441077893333496.jpg\"/></p><p><br/></p>','','30','58');/* MySQLReback Separation */
 /* 插入数据 `lx_goods` */
 INSERT INTO `lx_goods` VALUES ('415','00000007','296','0','99','64','海之澜  太空保健1米8X2米2','                                 海之澜  太空保健1米8X2米2','images/2015-09-01/1441077825_182654919055e51a411dec7.jpg','0','0','1','0','1','1','1','2015-09-01 11:28:52','93','<p><img title=\"1441077775874836.jpg\" alt=\"海之澜太空保健+副本.jpg\" src=\"/ueditor/php/upload/image/20150901/1441077775874836.jpg\"/></p>','','0','58'),('285','00000001','285','0','97','65','安慕希','                                安慕希                                                                                                ','images/2015-08-30/1440897963_154689969355e25babc478b.jpg','0','0','1','1','0','1','1','2015-08-31 14:48:37','99','<p><img title=\"1440897902125812.jpg\" alt=\"21056_G_1405812076520[1].jpg\" src=\"/ueditor/php/upload/image/20150830/1440897902125812.jpg\"/></p>','','20','58'),('286','00000002','285','0','97','65','旺仔牛奶','                旺仔牛奶                                                                                                                ','images/2015-08-30/1440898421_48288685355e25d75a7628.jpg','0','0','1','0','1','1','1','2015-09-01 10:47:30','98','<p><img title=\"1440898288930174.jpg\" alt=\"1100202432_1000[1].jpg\" src=\"/ueditor/php/upload/image/20150830/1440898288930174.jpg\"/></p>','','0','58'),('293','00000009','285','0','97','65','营养快线','                                营养快线                                                                ','images/2015-08-30/1440901088_152373626755e267e00baf6.jpg','0','0','1','0','0','1','1','2015-08-31 14:53:11','91','<p><img title=\"1440900996691649.jpg\" src=\"/ueditor/php/upload/image/20150830/1440900996691649.jpg\"/></p><p><img title=\"1440900996116706.jpg\" src=\"/ueditor/php/upload/image/20150830/1440900996116706.jpg\"/></p><p><img title=\"1440900996121401.jpg\" src=\"/ueditor/php/upload/image/20150830/1440900996121401.jpg\"/></p><p><img title=\"1440900996196310.jpg\" src=\"/ueditor/php/upload/image/20150830/1440900996196310.jpg\"/></p><p>&nbsp;</p>','','0','58'),('295','00000010','268','0','97','65','加多宝','                                加多宝                                ','images/2015-08-30/1440901529_143256986355e2699951ba8.jpg','0','0','1','1','1','1','1','2015-08-30 14:57:04','90','<p><img title=\"1440901444496027.jpg\" src=\"/ueditor/php/upload/image/20150830/1440901444496027.jpg\"/></p><p><img title=\"1440901444753099.jpg\" src=\"/ueditor/php/upload/image/20150830/1440901444753099.jpg\"/></p><p><img title=\"1440901444883829.jpg\" src=\"/ueditor/php/upload/image/20150830/1440901444883829.jpg\"/></p><p><img title=\"1440901444780252.jpg\" src=\"/ueditor/php/upload/image/20150830/1440901444780252.jpg\"/></p><p>&nbsp;</p>','','0','58'),('313','00000031','268','0','97','65','六个核桃','                                六个核桃','images/2015-08-30/1440917998_131045747555e2a9eeec314.jpg','0','0','1','0','0','1','1','2015-08-30 14:59:59','69','<p><img title=\"1440917956989085.jpg\" src=\"/ueditor/php/upload/image/20150830/1440917956989085.jpg\"/></p><p><img title=\"1440917956871350.jpg\" src=\"/ueditor/php/upload/image/20150830/1440917956871350.jpg\"/></p><p></p>','','0','58'),('297','000000012','265','0','97','65','崂山啤酒','                                崂山啤酒                                ','images/2015-08-30/1440903977_62191743355e27329a97d0.jpg','0','0','1','0','1','1','1','2015-09-01 10:48:03','88','<p><img title=\"1440903936137572.jpg\" src=\"/ueditor/php/upload/image/20150830/1440903936137572.jpg\"/></p><p><img title=\"1440903936687518.jpg\" src=\"/ueditor/php/upload/image/20150830/1440903936687518.jpg\"/></p><p>&nbsp;</p>','','0','58'),('299','00000013','265','0','97','65','金星小麦啤','                                金星小麦啤','images/2015-08-30/1440904533_42390143855e2755531276.jpg','0','0','1','0','0','1','1','2015-08-30 11:17:54','87','<p><img title=\"1440904474349418.jpg\" src=\"/ueditor/php/upload/image/20150830/1440904474349418.jpg\"/></p><p><img title=\"1440904474135128.jpg\" src=\"/ueditor/php/upload/image/20150830/1440904474135128.jpg\"/></p><p></p>','','0','58'),('300','00000014','268','0','97','65','康师傅冰红茶','                         康师傅冰红茶       ','images/2015-08-30/1440905456_178702173755e278f0d441f.jpg','0','0','1','0','0','1','1','2015-08-30 11:30:56','86','<p></p><p><img title=\"1440905384132357.jpg\" src=\"/ueditor/php/upload/image/20150830/1440905384132357.jpg\"/></p><p><img title=\"1440905384639796.jpg\" src=\"/ueditor/php/upload/image/20150830/1440905384639796.jpg\"/></p><p><img title=\"1440905384698190.jpg\" src=\"/ueditor/php/upload/image/20150830/1440905384698190.jpg\"/></p><p><img title=\"1440905384604123.jpg\" src=\"/ueditor/php/upload/image/20150830/1440905384604123.jpg\"/></p><p></p>','','0','58');/* MySQLReback Separation */
 /* 插入数据 `lx_goods` */
 INSERT INTO `lx_goods` VALUES ('301','00000015','268','0','97','65','康师傅绿茶','                                康师傅绿茶','images/2015-08-30/1440905777_131602809455e27a31d542c.jpg','0','0','1','0','0','1','1','2015-08-30 11:36:17','85','<p><img title=\"1440905728501148.jpg\" src=\"/ueditor/php/upload/image/20150830/1440905728501148.jpg\"/></p><p><img title=\"1440905728122576.jpg\" src=\"/ueditor/php/upload/image/20150830/1440905728122576.jpg\"/></p><p><img title=\"1440905728122584.jpg\" src=\"/ueditor/php/upload/image/20150830/1440905728122584.jpg\"/></p><p></p>','','0','58');/* MySQLReback Separation */
 /* 插入数据 `lx_goods` */
 INSERT INTO `lx_goods` VALUES ('302','00000016','268','0','97','65','茉莉蜜茶','                                茉莉蜜茶','images/2015-08-30/1440905970_132087737155e27af2ca6b6.jpg','0','0','1','0','0','1','1','2015-08-30 11:39:30','84','<p><img title=\"1440905919123070.jpg\" src=\"/ueditor/php/upload/image/20150830/1440905919123070.jpg\"/></p><p><img title=\"1440905919550204.jpg\" src=\"/ueditor/php/upload/image/20150830/1440905919550204.jpg\"/></p><p><img title=\"1440905919124056.jpg\" src=\"/ueditor/php/upload/image/20150830/1440905919124056.jpg\"/></p><p></p>','','0','58'),('303','00000016','268','0','97','65','茉莉清茶','                                茉莉清茶','images/2015-08-30/1440906261_145536796455e27c15a15de.jpg','0','0','1','0','0','1','1','2015-08-30 11:44:21','84','<p><img title=\"1440906232626671.jpg\" src=\"/ueditor/php/upload/image/20150830/1440906232626671.jpg\"/></p><p><img title=\"1440906232691821.jpg\" src=\"/ueditor/php/upload/image/20150830/1440906232691821.jpg\"/></p><p><img title=\"1440906232391503.jpg\" src=\"/ueditor/php/upload/image/20150830/1440906232391503.jpg\"/></p><p></p>','','0','58'),('436','00000001','309','0','105','79','宝马X6','                                宝马X6','images/2015-09-01/1441093956_112219227655e559441aed3.jpg','0','0','1','0','1','1','1','2015-09-01 16:10:45','99','<p><img title=\"1441093927827501.jpg\" alt=\"u_autohomecar__wKgH2lXkFYeABSAQAAjq-lTCqrk987[1].jpg\" src=\"/ueditor/php/upload/image/20150901/1441093927827501.jpg\"/></p>','','0','58'),('437','00000001','310','0','105','79','宝马   X5 ','                                宝马   X5 ','images/2015-09-01/1441094060_9272859255e559ac2a82b.jpg','0','0','1','0','1','1','1','2015-09-01 16:10:51','99','<p><img title=\"1441094035212060.jpg\" alt=\"u_autohomecar__wKjB0FXkF_SAVvPJAAWRokQOP1w934[1].jpg\" src=\"/ueditor/php/upload/image/20150901/1441094035212060.jpg\"/></p>','','0','58'),('438','00000001','311','0','106','79','大众  辉腾','                                大众  辉腾','images/2015-09-01/1441094194_96036708955e55a3300f86.jpg','0','0','1','0','1','1','1','2015-09-01 16:10:56','99','<p><img title=\"1441094162125360.jpg\" alt=\"u_autohomecar__wKgH4VXUVfyAaLZuAAZTCMyB5Lw465[1].jpg\" src=\"/ueditor/php/upload/image/20150901/1441094162125360.jpg\"/></p>','','0','58'),('439','00000001','312','0','106','79','大众  迈腾','                                大众  迈腾','images/2015-09-01/1441094280_181121767355e55a881bf06.jpg','0','0','1','0','1','1','1','2015-09-01 16:11:02','99','<p><img title=\"1441094261390212.jpg\" alt=\"u_201506290852504363686112[1].jpg\" src=\"/ueditor/php/upload/image/20150901/1441094261390212.jpg\"/></p>','','0','58'),('440','00000001','314','0','107','79','奥迪  A8','                                奥迪  A8','images/2015-09-01/1441094404_104718571355e55b043ea8c.jpg','0','0','1','0','1','1','1','2015-09-01 16:11:08','99','<p><img title=\"1441094381277727.jpg\" alt=\"u_20150226100747349529911[1].jpg\" src=\"/ueditor/php/upload/image/20150901/1441094381277727.jpg\"/></p>','','0','58'),('441','00000001','313','0','107','79','奥迪  Q7','                                奥迪  Q7','images/2015-09-01/1441094483_200369146955e55b532bd52.jpg','0','0','1','0','1','1','1','2015-09-01 16:11:20','99','<p><img title=\"1441094451354151.jpg\" alt=\"t_201507231147589313765110[1].jpg\" src=\"/ueditor/php/upload/image/20150901/1441094451354151.jpg\"/></p>','','0','58');/* MySQLReback Separation */
 /* 插入数据 `lx_goods` */
 INSERT INTO `lx_goods` VALUES ('442','00000003','230','14','103','59','爱美肌五件套盒img莹润修复5件活泉保湿精华玫瑰活肤纯露礼盒装','                        品牌授权 爱美肌img莹润5件套，高端大气上档次包B括产品：i.m.g水润净颜洁面乳、i.m.g活泉保湿精华、i.m.g玫瑰活肤纯露、i.m.g凝护日用水乳、以及i.m.g焕颜修复晚霜。适合所有女性 ，包括孕妇哦！        ','images/2015-09-01/1441094807_61482115655e55c97eb951.jpg','0','0','1','0','1','1','1','2015-09-01 16:11:26','100','<p style=\"margin-top: 1.12em; margin-bottom: 1.12em; padding: 0px; font-family: tahoma, arial, 宋体, sans-serif; font-size: 14px; line-height: 21px; white-space: normal; background-color: rgb(255, 255, 255); text-align: center;\"><span style=\"color: rgb(255, 0, 0);\"><span style=\"font-size: 24px;\"><span style=\"font-weight: bold; font-family: &#39;tahoma arial hiragino sans gb 宋体 sans-serif&#39;; line-height: 1.5;\">爱美肌莹润修复套装</span></span></span></p><p style=\"margin-top: 1.12em; margin-bottom: 1.12em; padding: 0px; font-family: tahoma, arial, 宋体, sans-serif; font-size: 14px; line-height: 21px; white-space: normal; background-color: rgb(255, 255, 255);\"><strong style=\"color: rgb(153, 0, 255); font-size: medium;\"><span style=\"color: rgb(0, 0, 0);\">该套盒由五款产品组成，分别是：i.m.g活泉保湿精华、i.m.g玫瑰活肤纯露、i.m.g氨基酸洁面膏、i.m.g乳液以及i.m.g全效修复面霜</span>。</strong></p><p style=\"margin-top: 1.12em; margin-bottom: 1.12em; padding: 0px; font-family: tahoma, arial, 宋体, sans-serif; font-size: 14px; line-height: 21px; white-space: normal; background-color: rgb(255, 255, 255);\">&nbsp;</p><p><span style=\"font-size: 24px;\"><span style=\"font-size:16px\"><strong>适合年龄20－50岁使用。</strong></span></span></p><p><span style=\"font-size: 24px;\"><span style=\"font-size:16px\"><strong>主要功效：</strong></span></span></p><p><span style=\"font-size: 24px;\"><span style=\"font-size:16px\"></span></span></p><p><span style=\"font-size: 24px;\"><span style=\"font-size:16px\"><span style=\"font-size: 18px;\"></span>&nbsp;</span></span><span style=\"font-size: 24px;\"><span style=\"font-size:16px\"><span style=\"font-size: 18px;\"><span style=\"font-size: 24px;\"><span style=\"font-size:16px\"><span style=\"font-size:16px\"><strong><span style=\"font-size: 24px;\"><span style=\"font-size:16px\"><strong><span style=\"font-size:16px\"><strong>i.m.g氨基酸洁面膏<span style=\"color: rgb(102, 0, 0);\">：</span></strong></span></strong></span></span></strong></span></span></span></span></span></span><span style=\"color: rgb(204, 0, 0);\"><span style=\"font-family: simhei;\"><span style=\"font-size: 18px;\">双重氨基酸洁肤因子，柔和细腻的泡沫，温和洁净面部污垢和多余油的油脂，并有助于调节肌肤的水油平衡。可清洗老化角质及粘腻的皮脂、灰尘、污垢。特别添加玻尿酸保湿成分，令清洗后的肌肤平衡、倍感洁净透白，舒适柔软，水嫩动人！</span></span></span></p><p><span style=\"font-size: 24px;\"><span style=\"font-size:16px\"><strong><span style=\"font-size:16px\"><strong>i.m.g活泉保湿精华：</strong><span style=\"color: rgb(204, 0, 0);\">能有效修复受损细胞，达到补充细胞水分和多种矿物质，从而恢复肌肤弹性，紧实肌肤，淡化皱纹增强皮肤防御能力。持续使用I.M.G活泉保湿精华，可使肌肤重新焕发光彩，提升自身锁水、保湿能力</span></span><span style=\"color: rgb(204, 0, 0);\">！</span></strong></span></span></p><p><span style=\"font-size:16px\"><strong><span style=\"font-size: 24px;\"><span style=\"font-size:16px\"><strong>i.m.g玫瑰活肤纯露：</strong><span style=\"color: rgb(204, 0, 0);\">具有综合性平衡效果，对于中性皮肤，可增强皮肤光泽，对油性皮肤，可平衡油脂分泌，对干燥皮肤，可迅速补充水分，对<span style=\"font-size:16px\">敏感性皮肤，可消除红血丝，降低敏感度，对灰黄暗淡皮肤，可增强皮肤活力。适用于所有肤质，体现出非凡的美容效果是复制从内二外的透出细腻白皙，水润光亮。</span></span></span></span></strong></span></p><p><span style=\"font-size:16px\"><strong><span style=\"font-size: 24px;\"><span style=\"font-size:16px\"></span><span style=\"font-size:16px\"><strong><span style=\"text-align: center;\"><span style=\"font-size: 24px;\"><span style=\"font-size:16px\"><strong>i.m.g乳液：</strong><span style=\"color: rgb(204, 0, 0);\">适用于所有肤质，超强补水保湿，爱美肌独有的莹润配方体现出非凡的美容效果使肤质从内而外的透出细腻白皙，水润光亮。</span></span></span></span></strong></span></span></strong></span></p><p><span style=\"font-size:16px\"><strong><span style=\"font-size: 24px;\"><span style=\"font-size:16px\"><strong><span style=\"text-align: center;\"><span style=\"font-size: 24px;\"></span></span></strong></span></span><span style=\"font-size: 24px;\"><span style=\"font-size:16px\"><strong>i.m.g全效修复面霜：</strong><span style=\"color: rgb(204, 0, 0);\">蕴含从蜗牛分泌粘液中提取的修复成分物质，具有强大的再生和修复功能；在保湿状态下其内含的芦荟提取物和海藻提取物能促使肌肤快速再生，促进纤维母细胞合成，防止肌肤老化，并迅速达到淡化疤痕、暗疮、斑点、祛除红血丝、缩小毛孔等功效。</span></span></span></strong></span></p><p><img src=\"/ueditor/php/upload/image/20150901/1441094607128695.jpg\" style=\"\" title=\"1441094607128695.jpg\"/></p><p><img src=\"/ueditor/php/upload/image/20150901/1441094608117803.jpg\" style=\"\" title=\"1441094608117803.jpg\"/></p><p><img src=\"/ueditor/php/upload/image/20150901/1441094608122317.jpg\" style=\"\" title=\"1441094608122317.jpg\"/></p><p><img src=\"/ueditor/php/upload/image/20150901/1441094608363575.jpg\" style=\"\" title=\"1441094608363575.jpg\"/></p><p><img src=\"/ueditor/php/upload/image/20150901/1441094608123199.jpg\" style=\"\" title=\"1441094608123199.jpg\"/></p><p><img src=\"/ueditor/php/upload/image/20150901/1441094608913564.jpg\" style=\"\" title=\"1441094608913564.jpg\"/></p><p><img src=\"/ueditor/php/upload/image/20150901/1441094608637860.jpg\" style=\"\" title=\"1441094608637860.jpg\"/></p><p><img src=\"/ueditor/php/upload/image/20150901/1441094608126431.jpg\" style=\"\" title=\"1441094608126431.jpg\"/></p><p><br/></p>','','0','58');/* MySQLReback Separation */
 /* 插入数据 `lx_goods` */
 INSERT INTO `lx_goods` VALUES ('444','00019','298','27','100','69','vivo y33','            流光炫影，非凡境界              ','images/2015-09-01/1441095798_13222585655e56076aa038.jpg','0','0','1','0','1','1','1','2015-09-01 16:23:18','8','<p class=\"attr-list-hd tm-clear\" style=\"margin-top: 0px; margin-bottom: 0px; padding: 5px 20px; line-height: 22px; color: rgb(153, 153, 153); font-family: tahoma, arial, 微软雅黑, sans-serif; font-size: 12px; white-space: normal; background-color: rgb(255, 255, 255);\"><span style=\"margin: 0px; padding: 0px; font-weight: 700; float: left;\">产品参数：</span></p><ul id=\"J_AttrUL\" style=\"list-style-type: none;\" class=\" list-paddingleft-2\"><li><p><span style=\"font-size: 12px;\">产品名称：vivo y33</span></p></li><li><p><span style=\"font-size: 12px;\">型号:&nbsp;y33</span></p></li><li><p><span style=\"font-size: 12px;\">机身颜色:&nbsp;炫影蓝&nbsp;流光白</span></p></li><li><p><span style=\"font-size: 12px;\">运行内存RAM:&nbsp;1GB</span></p></li><li><p><span style=\"font-size: 12px;\">机身内存:&nbsp;8GB</span></p></li><li><p><span style=\"font-size: 12px;\">网络模式:&nbsp;双卡多模</span></p></li><li><p><span style=\"font-size: 12px;\">电池容量:&nbsp;2200mAh</span></p></li></ul><p style=\"text-align: center\"><img src=\"/ueditor/php/upload/image/20150901/1441094789839851.jpg\" style=\"width: 703px; height: 588px;\" title=\"1441094789839851.jpg\" width=\"703\" height=\"588\"/></p><p style=\"text-align: center\"><img src=\"/ueditor/php/upload/image/20150901/1441094789130227.jpg\" style=\"width: 699px; height: 818px;\" title=\"1441094789130227.jpg\" width=\"699\" height=\"818\"/></p><p style=\"text-align: center\"><img src=\"/ueditor/php/upload/image/20150901/1441094789772334.jpg\" style=\"width: 707px; height: 1284px;\" title=\"1441094789772334.jpg\" width=\"707\" height=\"1284\"/></p><p style=\"text-align: center\"><img src=\"/ueditor/php/upload/image/20150901/1441094790148846.jpg\" style=\"width: 707px; height: 736px;\" title=\"1441094790148846.jpg\" width=\"707\" height=\"736\"/></p><p style=\"text-align: center\"><img src=\"/ueditor/php/upload/image/20150901/1441094790528516.jpg\" style=\"width: 708px; height: 635px;\" title=\"1441094790528516.jpg\" width=\"708\" height=\"635\"/></p><p style=\"text-align: center\"><img src=\"/ueditor/php/upload/image/20150901/1441094791452220.jpg\" style=\"width: 715px; height: 537px;\" title=\"1441094791452220.jpg\" width=\"715\" height=\"537\"/></p><p style=\"text-align: center\"><img src=\"/ueditor/php/upload/image/20150901/1441094791122524.jpg\" style=\"width: 716px; height: 1232px;\" title=\"1441094791122524.jpg\" width=\"716\" height=\"1232\"/></p><p style=\"text-align: center\"><img src=\"/ueditor/php/upload/image/20150901/1441094792440989.jpg\" style=\"width: 719px; height: 747px;\" title=\"1441094792440989.jpg\" width=\"719\" height=\"747\"/></p><p style=\"text-align: center\"><img src=\"/ueditor/php/upload/image/20150901/1441094792139762.jpg\" style=\"width: 711px; height: 532px;\" title=\"1441094792139762.jpg\" width=\"711\" height=\"532\"/></p><p style=\"text-align: center\"><img src=\"/ueditor/php/upload/image/20150901/1441094792692080.jpg\" style=\"width: 718px; height: 739px;\" title=\"1441094792692080.jpg\" width=\"718\" height=\"739\"/></p><p style=\"text-align: center\"><img src=\"/ueditor/php/upload/image/20150901/1441094793770656.jpg\" style=\"width: 715px; height: 628px;\" title=\"1441094793770656.jpg\" width=\"715\" height=\"628\"/></p><p style=\"text-align: center\"><img src=\"/ueditor/php/upload/image/20150901/1441094794804565.jpg\" style=\"width: 711px; height: 863px;\" title=\"1441094794804565.jpg\" width=\"711\" height=\"863\"/></p><p style=\"text-align: center\"><img src=\"/ueditor/php/upload/image/20150901/1441094794900827.jpg\" style=\"width: 716px; height: 855px;\" title=\"1441094794900827.jpg\" width=\"716\" height=\"855\"/></p><p style=\"text-align: center\"><img src=\"/ueditor/php/upload/image/20150901/1441094794462462.jpg\" style=\"width: 712px; height: 610px;\" title=\"1441094794462462.jpg\" width=\"712\" height=\"610\"/></p><p style=\"text-align: center\"><img src=\"/ueditor/php/upload/image/20150901/1441094794842088.jpg\" style=\"width: 714px; height: 834px;\" title=\"1441094794842088.jpg\" width=\"714\" height=\"834\"/></p><p style=\"text-align: center\"><img src=\"/ueditor/php/upload/image/20150901/1441094795117696.jpg\" style=\"width: 710px; height: 735px;\" title=\"1441094795117696.jpg\" width=\"710\" height=\"735\"/></p><p style=\"text-align: center\"><img src=\"/ueditor/php/upload/image/20150901/1441094795129091.jpg\" style=\"width: 718px; height: 452px;\" title=\"1441094795129091.jpg\" width=\"718\" height=\"452\"/></p><p style=\"text-align: center\"><img src=\"/ueditor/php/upload/image/20150901/1441094796690444.jpg\" style=\"width: 717px; height: 769px;\" title=\"1441094796690444.jpg\" width=\"717\" height=\"769\"/></p><p style=\"text-align: center\"><img src=\"/ueditor/php/upload/image/20150901/1441094796119821.jpg\" style=\"width: 718px; height: 564px;\" title=\"1441094796119821.jpg\" width=\"718\" height=\"564\"/></p><p style=\"text-align: center\"><img src=\"/ueditor/php/upload/image/20150901/1441094797102944.jpg\" style=\"width: 711px; height: 759px;\" title=\"1441094797102944.jpg\" width=\"711\" height=\"759\"/></p><p style=\"text-align: center\"><img src=\"/ueditor/php/upload/image/20150901/1441094797587082.jpg\" style=\"width: 713px; height: 499px;\" title=\"1441094797587082.jpg\" width=\"713\" height=\"499\"/></p><p style=\"text-align: center\"><img src=\"/ueditor/php/upload/image/20150901/1441094797271659.jpg\" style=\"width: 711px; height: 1244px;\" title=\"1441094797271659.jpg\" width=\"711\" height=\"1244\"/></p><p style=\"text-align: center\"><img src=\"/ueditor/php/upload/image/20150901/1441094798668713.gif\" style=\"width: 704px; height: 697px;\" title=\"1441094798668713.gif\" width=\"704\" height=\"697\"/></p><p><br/></p>','','30','58');/* MySQLReback Separation */
 /* 插入数据 `lx_goods` */
 INSERT INTO `lx_goods` VALUES ('305','00000017','268','0','97','65','果粒橙','                                果粒橙                                ','images/2015-08-30/1440906588_204730472555e27d5c33c2d.jpg','0','0','1','0','0','1','1','2015-08-30 11:55:54','83','<p><img title=\"1440906535152504.jpg\" src=\"/ueditor/php/upload/image/20150830/1440906535152504.jpg\"/></p><p><img title=\"1440906535102376.jpg\" src=\"/ueditor/php/upload/image/20150830/1440906535102376.jpg\"/></p><p><img title=\"1440906535257330.jpg\" src=\"/ueditor/php/upload/image/20150830/1440906535257330.jpg\"/></p><p>&nbsp;</p>','','0','58'),('306','00000018','268','0','97','65','海之言','                                海之言','images/2015-08-30/1440906905_77153533055e27e999bbff.jpg','0','0','1','0','0','1','1','2015-08-30 11:55:05','82','<p><img title=\"1440906866355442.jpg\" src=\"/ueditor/php/upload/image/20150830/1440906866355442.jpg\"/></p><p><img title=\"1440906866658687.jpg\" src=\"/ueditor/php/upload/image/20150830/1440906866658687.jpg\"/></p><p><img title=\"1440906866134969.jpg\" src=\"/ueditor/php/upload/image/20150830/1440906866134969.jpg\"/></p><p></p>','','0','58'),('579','00021','293','27','100','69','OPPO A31T','        流光镜面，智能四核，双卡多模，移动4G。                       ','images/2015-09-05/1441416989_22941441955ea471d5e299.jpg','0','0','1','0','0','1','1','2015-09-05 09:36:29','99','<p class=\"attr-list-hd tm-clear\" style=\"margin-top: 0px; margin-bottom: 0px; padding: 5px 20px; line-height: 22px; color: rgb(153, 153, 153); font-family: tahoma, arial, 微软雅黑, sans-serif; font-size: 13.333333969116211px; white-space: normal; background-color: rgb(255, 255, 255);\"><span style=\"margin: 0px; padding: 0px; font-weight: 700; float: left;\">产品参数：</span></p><ul id=\"J_AttrUL\" style=\"list-style-type: none;\" class=\" list-paddingleft-2\"><li><p><br/></p></li><li><p><span style=\"font-size: 12px;\">&nbsp;产品名称：OPPO A31T</span></p></li><li><p><span style=\"font-size: 12px;\">&nbsp;OPPO型号:&nbsp;A31T</span></p></li><li><p><span style=\"font-size: 12px;\">&nbsp;机身颜色:&nbsp;白色&nbsp;蓝色</span></p></li><li><p><span style=\"font-size: 12px;\">&nbsp;运行内存RAM:&nbsp;1GB</span></p></li><li><p><span style=\"font-size: 12px;\">&nbsp;机身内存:&nbsp;8GB</span></p></li><li><p><span style=\"font-size: 12px;\">&nbsp;网络模式:&nbsp;双卡多模</span></p></li><li><p><span style=\"font-size: 12px;\">&nbsp;电池容量:&nbsp;2000mAh</span></p></li></ul><p style=\"text-align: center\"><img src=\"/ueditor/php/upload/image/20150905/1441416732140967.jpg\" style=\"\" title=\"1441416732140967.jpg\"/></p><p style=\"text-align: center\"><img src=\"/ueditor/php/upload/image/20150905/1441416732888046.jpg\" style=\"\" title=\"1441416732888046.jpg\"/></p><p style=\"text-align: center\"><img src=\"/ueditor/php/upload/image/20150905/1441416732126199.jpg\" style=\"\" title=\"1441416732126199.jpg\"/></p><p style=\"text-align: center\"><img src=\"/ueditor/php/upload/image/20150905/1441416732274155.jpg\" style=\"\" title=\"1441416732274155.jpg\"/></p><p style=\"text-align: center\"><img src=\"/ueditor/php/upload/image/20150905/1441416732449466.jpg\" style=\"\" title=\"1441416732449466.jpg\"/></p><p style=\"text-align: center\"><img src=\"/ueditor/php/upload/image/20150905/1441416733987019.jpg\" style=\"\" title=\"1441416733987019.jpg\"/></p><p style=\"text-align: center\"><img src=\"/ueditor/php/upload/image/20150905/1441416733106026.jpg\" style=\"\" title=\"1441416733106026.jpg\"/></p><p style=\"text-align: center\"><img src=\"/ueditor/php/upload/image/20150905/1441416733130356.jpg\" style=\"\" title=\"1441416733130356.jpg\"/></p><p style=\"text-align: center\"><img src=\"/ueditor/php/upload/image/20150905/1441416733276995.jpg\" style=\"\" title=\"1441416733276995.jpg\"/></p><p style=\"text-align: center\"><img src=\"/ueditor/php/upload/image/20150905/1441416733402906.jpg\" style=\"\" title=\"1441416733402906.jpg\"/></p><p><br/></p>','','30','58'),('414','00000006','296','0','99','64','海之澜  太空保健2米X2米2','                                       海之澜  太空保健2米X2米2','images/2015-09-01/1441077702_76077560655e519c6252b3.jpg','0','0','1','0','1','1','1','2015-09-01 11:21:57','94','<p><img title=\"1441077678117889.jpg\" alt=\"海之澜太空保健+副本.jpg\" src=\"/ueditor/php/upload/image/20150901/1441077678117889.jpg\"/></p>','','0','58');/* MySQLReback Separation */
 /* 插入数据 `lx_goods` */
 INSERT INTO `lx_goods` VALUES ('413','00005','290','27','100','69','Samsung 三星 S6 G9200','         无线充电，双卡多模                                                   ','images/2015-09-01/1441076988_184175186755e516fc0fdd2.jpg','0','0','1','0','1','1','1','2015-09-01 16:53:11','99','<p class=\"attr-list-hd tm-clear\" style=\"margin-top: 0px; margin-bottom: 0px; padding: 5px 20px; line-height: 22px; color: rgb(153, 153, 153); font-family: tahoma, arial, 微软雅黑, sans-serif; font-size: 12px; white-space: normal; background-color: rgb(255, 255, 255);\"><span style=\"margin: 0px; padding: 0px; font-weight: 700; float: left;\">产品参数：</span></p><ul id=\"J_AttrUL\" style=\"list-style-type: none;\" class=\" list-paddingleft-2\"><li><p><span style=\"font-size: 12px;\">产品名称：Samsung/三星 GALAXY S6 ...</span></p></li><li><p><span style=\"font-size: 12px;\">三星型号:&nbsp;Galaxy S6 SM-G9200</span></p></li><li><p><span style=\"font-size: 12px;\">机身颜色:&nbsp;雪晶白&nbsp;星钻黑&nbsp;冰玉蓝&nbsp;铂光金</span></p></li><li><p><span style=\"font-size: 12px;\">运行内存RAM:&nbsp;3GB</span></p></li><li><p><span style=\"font-size: 12px;\">机身内存:&nbsp;32GB</span></p></li><li><p><span style=\"font-size: 12px;\">网络模式:&nbsp;双卡多模</span></p></li><li><p><span style=\"font-size: 12px;\">电池容量:&nbsp;2550mAh</span></p></li></ul><p style=\"text-align: center\"><img src=\"/ueditor/php/upload/image/20150901/1441076612426401.jpg\" style=\"\" title=\"1441076612426401.jpg\"/></p><p style=\"text-align: center\"><img src=\"/ueditor/php/upload/image/20150901/1441076612125050.jpg\" style=\"\" title=\"1441076612125050.jpg\"/></p><p style=\"text-align: center\"><img src=\"/ueditor/php/upload/image/20150901/1441076612977466.jpg\" style=\"\" title=\"1441076612977466.jpg\"/></p><p style=\"text-align: center\"><img src=\"/ueditor/php/upload/image/20150901/1441076612140051.jpg\" style=\"\" title=\"1441076612140051.jpg\"/></p><p style=\"text-align: center\"><img src=\"/ueditor/php/upload/image/20150901/1441076612522577.jpg\" style=\"\" title=\"1441076612522577.jpg\"/></p><p style=\"text-align: center\"><img src=\"/ueditor/php/upload/image/20150901/1441076613108405.jpg\" style=\"\" title=\"1441076613108405.jpg\"/></p><p style=\"text-align: center\"><img src=\"/ueditor/php/upload/image/20150901/1441076613133506.jpg\" style=\"\" title=\"1441076613133506.jpg\"/></p><p><br/></p>','','20','58');/* MySQLReback Separation */
 /* 插入数据 `lx_goods` */
 INSERT INTO `lx_goods` VALUES ('482','0000010','321','0','108','78','九寨沟 黄龙风景名胜区5日自由行 九寨深度游  ',' ★直飞往返九寨沟，九寨沟及黄龙景区一网打尽，二次进沟首选。
★九黄机场距离酒店80公里，推荐预订【特价换购】接送机拼车，方便实惠。
★【推荐酒店】天堂洲际、喜来登国际、星宇国际、保利新九寨宾馆、千鹤酒店。
                                                ','images/2015-09-02/1441156618_127392819255e64e0a3e86a.png','0','0','1','0','0','1','1','2015-09-02 09:18:02','100','<p><img title=\"1441156532241881.png\" src=\"/ueditor/php/upload/image/20150902/1441156532241881.png\"/></p><p><img title=\"1441156533385177.png\" src=\"/ueditor/php/upload/image/20150902/1441156533385177.png\"/></p><p><img title=\"1441156533114133.png\" src=\"/ueditor/php/upload/image/20150902/1441156533114133.png\"/></p><p>&nbsp;</p>','','0','58'),('307','00000025','268','0','97','65','伊利优酸乳','伊利优酸乳','images/2015-08-30/1440916164_132316573055e2a2c42f5a7.jpg','0','0','1','0','0','1','1','2015-08-30 14:29:24','75','<p><img title=\"1440916119381089.jpg\" src=\"/ueditor/php/upload/image/20150830/1440916119381089.jpg\"/></p><p><img title=\"1440916119133953.jpg\" src=\"/ueditor/php/upload/image/20150830/1440916119133953.jpg\"/></p><p><img title=\"1440916119573785.jpg\" src=\"/ueditor/php/upload/image/20150830/1440916119573785.jpg\"/></p><p></p>','','0','58'),('308','00000026','268','0','97','65','冰糖雪梨','                                冰糖雪梨','images/2015-08-30/1440916389_53993031155e2a3a570e83.jpg','0','0','1','0','0','1','1','2015-08-30 14:33:09','74','<p><img title=\"1440916312604080.jpg\" src=\"/ueditor/php/upload/image/20150830/1440916312604080.jpg\"/></p><p><img title=\"1440916312401271.jpg\" src=\"/ueditor/php/upload/image/20150830/1440916312401271.jpg\"/></p><p><img title=\"1440916312523438.jpg\" src=\"/ueditor/php/upload/image/20150830/1440916312523438.jpg\"/></p><p></p>','','0','58'),('311','00000029','268','0','97','65','芬达','                                芬达','images/2015-08-30/1440917473_171886573555e2a7e19a712.jpg','0','0','1','0','0','1','1','2015-08-30 14:51:13','71','<p><img title=\"1440917438935123.jpg\" src=\"/ueditor/php/upload/image/20150830/1440917438935123.jpg\"/></p><p><img title=\"1440917438734337.jpg\" src=\"/ueditor/php/upload/image/20150830/1440917438734337.jpg\"/></p><p></p>','','0','58'),('312','00000030','268','0','97','65','农夫山泉','农夫山泉','images/2015-08-30/1440917727_104758897955e2a8df976bc.jpg','0','0','1','1','1','1','1','2015-09-01 11:20:42','70','<p><img title=\"1440917586140339.jpg\" src=\"/ueditor/php/upload/image/20150830/1440917586140339.jpg\"/></p><p><img title=\"1440917586437461.jpg\" src=\"/ueditor/php/upload/image/20150830/1440917586437461.jpg\"/></p><p></p>','','0','58'),('310','00000027','268','0','97','65','脉动','脉动','images/2015-08-30/1440917035_116526589355e2a62b32134.jpg','0','0','1','0','0','1','1','2015-08-30 14:43:55','73','<p><img title=\"1440916923555066.jpg\" src=\"/ueditor/php/upload/image/20150830/1440916923555066.jpg\"/></p><p><img title=\"1440916923121685.jpg\" src=\"/ueditor/php/upload/image/20150830/1440916923121685.jpg\"/></p><p></p>','','0','58'),('314','00000032','268','0','97','65','露露','                                露露','images/2015-08-30/1440918237_190557413555e2aadd3d760.jpg','0','0','1','0','1','1','1','2015-08-30 15:20:13','68','<p><img title=\"1440918201110221.jpg\" src=\"/ueditor/php/upload/image/20150830/1440918201110221.jpg\"/></p><p><img title=\"1440918201129547.jpg\" src=\"/ueditor/php/upload/image/20150830/1440918201129547.jpg\"/></p><p></p>','','0','58'),('315','00000033','272','0','97','65','王中王火腿肠','                                王中王火腿肠','images/2015-08-30/1440919055_157331522555e2ae0fbde76.jpg','0','0','1','0','1','1','1','2015-08-30 15:20:08','77','<p><img title=\"1440919010134775.jpg\" alt=\"3045_P_1400047786462[1].jpg\" src=\"/ueditor/php/upload/image/20150830/1440919010134775.jpg\"/></p>','','0','58'),('316','00000035','272','0','97','65','金锣肉粒多60克','金锣肉粒多60克（箱）','images/2015-08-30/1440919634_139541510255e2b0529d616.jpg','0','0','1','0','0','1','1','2015-08-30 15:27:14','65','<p><img title=\"1440919455452350.jpg\" alt=\"201302022140401003[1].jpg\" src=\"/ueditor/php/upload/image/20150830/1440919455452350.jpg\"/></p>','','0','58'),('317','00000036','272','0','97','65','香辣肠','香辣肠（箱）','images/2015-08-30/1440919835_166605602555e2b11bcbc91.jpg','0','0','1','0','0','1','1','2015-08-30 15:30:35','64','<p><img title=\"1440919769107867.jpg\" alt=\"6d158dd009408115-a4dd32ce83645f19-e0754970801806f38ca84933d9050b8f[1].jpg\" src=\"/ueditor/php/upload/image/20150830/1440919769107867.jpg\"/></p>','','0','58');/* MySQLReback Separation */
 /* 插入数据 `lx_goods` */
 INSERT INTO `lx_goods` VALUES ('318','00000037','274','0','97','65','海天红烧酱油','                                海天红烧酱油','images/2015-08-30/1440920141_84576205455e2b24def131.jpg','0','0','1','0','0','1','1','2015-08-30 15:35:42','63','<p><img title=\"1440920064274499.jpg\" alt=\"4828-A[1].jpg\" src=\"/ueditor/php/upload/image/20150830/1440920064274499.jpg\"/></p>','','0','58');/* MySQLReback Separation */
 /* 插入数据 `lx_goods` */
 INSERT INTO `lx_goods` VALUES ('319','00000001','276','0','97','65','桂圆','                                桂圆','images/2015-08-31/1440981403_116221676855e3a19b71e4f.jpg','0','0','1','0','0','1','1','2015-08-31 08:36:43','99','<p><img title=\"1440981263798798.jpg\" alt=\"桂圆.jpg\" src=\"/ueditor/php/upload/image/20150831/1440981263798798.jpg\"/></p>','','0','58'),('320','00000002','276','0','97','65','柠檬','                                 柠檬','images/2015-08-31/1440981886_136863497555e3a37ef14a5.jpg','0','0','1','0','0','1','1','2015-08-31 08:44:47','98','<p><img title=\"1440981797109068.jpg\" alt=\"柠檬.jpg\" src=\"/ueditor/php/upload/image/20150831/1440981797109068.jpg\"/></p>','','0','58'),('321','00000003','276','0','97','65','红蛇果','                                红蛇果','images/2015-08-31/1440983921_127180478455e3ab71445b4.jpg','0','0','1','0','0','1','1','2015-08-31 09:18:41','97','<p><img title=\"1440981972136647.jpg\" alt=\"红蛇果.jpg\" src=\"/ueditor/php/upload/image/20150831/1440981972136647.jpg\"/></p>','','0','58'),('322','00000004','276','0','97','65','榴莲','                                榴莲','images/2015-08-31/1440982075_13491014655e3a43b2b83a.jpg','0','0','1','0','0','1','1','2015-08-31 08:47:55','96','<p><img title=\"1440982036624864.jpg\" alt=\"榴莲.jpg\" src=\"/ueditor/php/upload/image/20150831/1440982036624864.jpg\"/></p>','','0','58'),('323','00000005','276','0','97','65','火龙果','                                火龙果','images/2015-08-31/1440982205_26221160455e3a4bd6cc56.jpg','0','0','1','0','0','1','1','2015-08-31 08:50:05','95','<p><img title=\"1440982148876342.jpg\" alt=\"火龙果.jpg\" src=\"/ueditor/php/upload/image/20150831/1440982148876342.jpg\"/></p>','','0','58'),('324','00000006','276','0','97','65','西瓜','                                西瓜','images/2015-08-31/1440982339_174209200355e3a54333f7f.jpg','0','0','1','0','0','1','1','2015-08-31 08:52:19','94','<p><img title=\"1440982308102716.jpg\" alt=\"西瓜.jpg\" src=\"/ueditor/php/upload/image/20150831/1440982308102716.jpg\"/></p>','','0','58'),('325','00000007','276','0','97','65','石榴','                                石榴','images/2015-08-31/1440982449_73870907455e3a5b193ae5.jpg','0','0','1','0','0','1','1','2015-08-31 08:54:09','93','<p><img title=\"1440982394231381.jpg\" alt=\"石榴.jpg\" src=\"/ueditor/php/upload/image/20150831/1440982394231381.jpg\"/></p>','','0','58'),('326','00000008','276','0','97','65','香蕉','                                香蕉','images/2015-08-31/1440982584_137231588355e3a63847ced.jpg','0','0','1','0','0','1','1','2015-08-31 08:56:24','92','<p><img title=\"1440982526964299.jpg\" alt=\"香蕉.jpg\" src=\"/ueditor/php/upload/image/20150831/1440982526964299.jpg\"/></p>','','0','58'),('327','00000001','277','17','96','64','雅宝家具软床皮艺床现代简约皮床小户型双人床','                         雅宝家具软床皮艺床现代简约皮床小户型双人床1.8米软体床DSP4113
实木框架 柔软弹性环保 五金床脚 防潮 配送安装                                      ','images/2015-08-31/1440983457_87099002455e3a9a124638.jpg','0','0','1','0','0','1','1','2015-09-04 17:41:23','100','<p><img src=\"/ueditor/php/upload/image/20150831/1440982576111327.jpg\" style=\"\" title=\"1440982576111327.jpg\"/></p><p><img src=\"/ueditor/php/upload/image/20150831/1440982576222173.jpg\" style=\"\" title=\"1440982576222173.jpg\"/></p><p><img src=\"/ueditor/php/upload/image/20150831/1440982576400668.jpg\" style=\"\" title=\"1440982576400668.jpg\"/></p><p><img src=\"/ueditor/php/upload/image/20150831/1440982577640355.jpg\" style=\"\" title=\"1440982577640355.jpg\"/></p><p><img src=\"/ueditor/php/upload/image/20150831/1440982577172342.jpg\" style=\"\" title=\"1440982577172342.jpg\"/></p><p><img src=\"/ueditor/php/upload/image/20150831/1440982577793463.jpg\" style=\"\" title=\"1440982577793463.jpg\"/></p><p><img src=\"/ueditor/php/upload/image/20150831/1440982578739931.jpg\" style=\"\" title=\"1440982578739931.jpg\"/></p><p><img src=\"/ueditor/php/upload/image/20150831/1440982578434664.jpg\" style=\"\" title=\"1440982578434664.jpg\"/></p><p><img src=\"/ueditor/php/upload/image/20150831/1440982578962405.jpg\" style=\"\" title=\"1440982578962405.jpg\"/></p><p><img src=\"/ueditor/php/upload/image/20150831/1440982579434922.jpg\" style=\"\" title=\"1440982579434922.jpg\"/></p><p><img src=\"/ueditor/php/upload/image/20150831/1440982579124361.jpg\" style=\"\" title=\"1440982579124361.jpg\"/></p><p><img src=\"/ueditor/php/upload/image/20150831/1440982579103151.jpg\" style=\"\" title=\"1440982579103151.jpg\"/></p><p><br/></p>','','0','58'),('328','00000009','276','0','97','65','红梨','红梨','images/2015-08-31/1440982773_189275989355e3a6f5a3f3d.jpg','0','0','1','0','0','1','1','2015-08-31 08:59:33','91','<p><img title=\"1440982732325621.jpg\" alt=\"红梨.jpg\" src=\"/ueditor/php/upload/image/20150831/1440982732325621.jpg\"/></p>','','0','58');/* MySQLReback Separation */
 /* 插入数据 `lx_goods` */
 INSERT INTO `lx_goods` VALUES ('329','00000010','276','0','97','65','红提','                                红提','images/2015-08-31/1440982910_148628924855e3a77e7a6b2.jpg','0','0','1','0','0','1','1','2015-08-31 09:01:50','90','<p><img title=\"1440982871114219.jpg\" alt=\"红提.jpg\" src=\"/ueditor/php/upload/image/20150831/1440982871114219.jpg\"/></p>','','0','58');/* MySQLReback Separation */
 /* 插入数据 `lx_goods` */
 INSERT INTO `lx_goods` VALUES ('330','00000011','276','0','97','65','青提','                                青提','images/2015-08-31/1440983031_15832290055e3a7f71b6d8.jpg','0','0','1','0','0','1','1','2015-08-31 09:03:51','89','<p><img title=\"1440982976112708.jpg\" alt=\"青提.jpg\" src=\"/ueditor/php/upload/image/20150831/1440982976112708.jpg\"/></p>','','0','58'),('331','00000012','276','0','97','65','猕猴桃','                                猕猴桃','images/2015-08-31/1440983197_7951673755e3a89d08df7.jpg','0','0','1','0','0','1','1','2015-08-31 09:06:37','88','<p><img title=\"1440983158136023.jpg\" alt=\"猕猴桃.jpg\" src=\"/ueditor/php/upload/image/20150831/1440983158136023.jpg\"/></p>','','0','58'),('332','00000013','276','0','97','65','毛桃','                              毛桃','images/2015-08-31/1440983306_64431460755e3a90ae2a77.jpg','0','0','1','0','0','1','1','2015-08-31 09:08:27','77','<p><img title=\"1440983279662560.jpg\" alt=\"毛桃.jpg\" src=\"/ueditor/php/upload/image/20150831/1440983279662560.jpg\"/></p>','','0','58'),('333','00000014','276','0','97','65','哈密瓜','                                 哈密瓜','images/2015-08-31/1440983434_30663263355e3a98a87800.jpg','0','0','1','0','0','1','1','2015-08-31 09:10:34','86','<p><img title=\"1440983402756068.jpg\" alt=\"哈密瓜.jpg\" src=\"/ueditor/php/upload/image/20150831/1440983402756068.jpg\"/></p>','','0','58'),('339','00000005','282','0','97','65','精品小红豆','                                精品小红豆                                ','images/2015-08-31/1440989660_190353178255e3c1dc9ec56.jpg','0','0','1','0','0','1','1','2015-08-31 16:29:04','95','<p><img title=\"1440989627418139.jpg\" alt=\"红豆.jpg\" src=\"/ueditor/php/upload/image/20150831/1440989627418139.jpg\"/></p>','','0','58'),('340','00000006','282','0','97','65','绿豆','                                绿豆','images/2015-08-31/1440989745_176389255655e3c231d0a0e.jpg','0','0','1','0','0','1','1','2015-08-31 10:55:45','94','<p><img title=\"1440989699803919.jpg\" alt=\"绿豆.jpg\" src=\"/ueditor/php/upload/image/20150831/1440989699803919.jpg\"/></p>','','0','58'),('342','00000001','283','0','97','65','荷兰黄瓜','                                荷兰黄瓜','images/2015-08-31/1440990555_113431217355e3c55bb874e.jpg','0','0','1','0','0','1','1','2015-08-31 11:09:15','99','<p><img title=\"1440990492140021.jpg\" alt=\"荷兰黄瓜.jpg\" src=\"/ueditor/php/upload/image/20150831/1440990492140021.jpg\"/></p>','','0','58');/* MySQLReback Separation */
 /* 创建表结构 `lx_goods_attr` */
 DROP TABLE IF EXISTS `lx_goods_attr`;/* MySQLReback Separation */ CREATE TABLE `lx_goods_attr` (
  `id` int(11) unsigned NOT NULL AUTO_INCREMENT,
  `goods_id` int(11) unsigned NOT NULL DEFAULT '0',
  `attr_id` varchar(255) NOT NULL DEFAULT '0' COMMENT '所有属性的id',
  `attr_value` varchar(255) DEFAULT NULL COMMENT '所有属性的值',
  `type_id` int(11) unsigned NOT NULL,
  `goods_count` int(255) unsigned NOT NULL COMMENT '库存',
  `market_price` decimal(10,2) unsigned NOT NULL DEFAULT '0.00' COMMENT '售价',
  `shop_price` decimal(10,2) unsigned NOT NULL DEFAULT '0.00' COMMENT '进价',
  PRIMARY KEY (`id`),
  KEY `goods_id` (`goods_id`),
  KEY `attr_id` (`attr_id`)
) ENGINE=MyISAM AUTO_INCREMENT=780 DEFAULT CHARSET=utf8 COMMENT='商品属性表';/* MySQLReback Separation */
 /* 插入数据 `lx_goods_attr` */
 INSERT INTO `lx_goods_attr` VALUES ('214','135','56-57-69-','Vero Moda-S
-蚕丝
-','16','100','540.00','300.00'),('562','427','','','0','1000','3399.00','3299.00'),('518','379','88-87-89-90-','铂光金-移动4G/联通4G/电信4G-32G-三星 Galaxy S6 Edge G9250-','27','140','4530.00','4430.00'),('563','428','','','0','100','3899.00','3799.00'),('564','429','46-47-49-50-','中国-正常规格-护肤品
-任何肤质-','14','300','12.00','7.00'),('478','343','','','0','1000','1.98','1.68'),('479','344','','','0','1000','2.58','2.18'),('480','345','','','0','1000','1.98','1.58'),('481','346','','','0','1000','2.98','2.58'),('482','347','','','0','1000','4.95','4.55'),('483','348','','','0','1000','2.58','2.08'),('484','349','','','0','1000','3.28','2.88'),('485','350','','','0','1000','2.58','2.08'),('486','351','','','0','1000','4.98','4.48'),('487','352','','','0','1000','3.28','2.88'),('488','353','','','0','1000','3.98','3.58'),('489','354','','','0','1000','9.90','9.40'),('490','355','','','0','1000','8.98','8.48'),('491','356','','','0','1000','2.48','2.08'),('492','357','','','0','1000','3.98','3.58'),('493','358','','','0','1000','4.98','4.58'),('494','359','','','0','1000','3.98','3.48'),('495','360','','','0','1000','3.28','2.88'),('496','363','','','0','1000','3.00','2.50'),('497','364','','','0','1000','3.00','2.50'),('498','365','','','0','1000','3.00','2.50'),('499','366','','','0','1000','3.00','2.50'),('500','367','','','0','1000','3.00','2.50'),('501','368','','','0','1000','2.00','1.70'),('502','369','','','0','1000','3.00','2.60'),('568','433','','','0','10','930000.00','920000.00'),('569','434','','','0','10','1200000.00','1190000.00'),('570','435','88-87-89-90-','白色
-移动4G联通4G电信4G
-64G
-Huawei/华为 P8高配版-','27','148','3190.00','3100.00'),('504','371','','','0','1000','4.00','3.10'),('505','372','','','0','1000','6.00','5.50'),('506','373','','','0','1000','3.00','3.00'),('507','374','','','0','1000','9.00','5.60'),('508','375','','','0','1000','9.50','5.80'),('509','376','','','0','1000','5.50','4.50'),('510','377','','','0','1000','49.90','49.90'),('511','378','','','0','1000','49.90','49.90'),('512','380','','','0','1000','3.00','2.50'),('514','382','','','0','1000','2.00','1.60'),('515','383','','','0','1000','1.00','0.80'),('516','384','','','0','100','0.50','0.35'),('247','148','46-47-48-49-50-72-','中国广东-150ml-樱桃-护肤品
-油性
-温碧泉
-','14','120','250.00','200.00'),('248','148','46-47-48-49-50-72-','中国广东-150ml-樱桃-护肤品
-中性
-温碧泉
-','14','130','260.00','200.00'),('545','410','','','0','1000','14000.00','9800.00'),('546','411','','','0','1000','12000.00','8400.00'),('542','407','','','0','1000','18000.00','12600.00'),('543','408','','','0','1000','16000.00','11200.00'),('520','387','88-87-89-90-','白色-移动4G-16G-OPPO R7t-','27','240','2290.00','2190.00'),('630','493','58-61-','天生护脊—黑金刚-1.8X2.0-','17','1000','2598.96','2398.96'),('557','423','88-87-89-90-','白色
-移动4G
-32G
-vivo X5Pro-','27','158','2330.00','2230.00'),('571','436','','','0','10','1200000.00','1190000.00'),('572','437','','','0','10','1200000.00','1190000.00'),('573','438','','','0','10','900000.00','890000.00'),('574','439','','','0','10','220000.00','210000.00'),('575','440','','','0','10','1200000.00','1190000.00'),('576','441','','','0','10','1200000.00','1190000.00'),('577','442','46-47-49-50-','中国-正常规格-彩妆
-任何肤质-','14','10','750.00','450.00'),('614','479','','','0','1000','2.50','2.20'),('579','444','88-87-89-90-','白色
-移动4G联通4G电信4G
-8G
-vivo y33-','27','256','1230.00','1130.00'),('580','445','','','0','100','2000.00','1900.00'),('613','478','','','0','1000','55.00','48.00'),('582','447','88-87-89-90-','白色-移动4G联通4G电信4G-16G-vivo X5M-','27','278','1790.00','1690.00'),('583','448','','','0','1000','35.00','28.00'),('584','449','','','0','1000','35.00','28.00'),('585','450','','','0','1000','35.00','28.00'),('586','451','','','0','100','35.00','28.00'),('587','453','','','0','1000','35.00','28.00'),('588','452','','','0','100','470.00','370.00'),('589','454','','','0','1000','35.00','28.00'),('590','455','','','0','1000','35.00','28.00'),('591','456','','','0','100','35.00','28.00'),('592','457','','','0','100','355.00','340.00'),('541','406','','','0','1000','4200.00','2980.00'),('519','386','88-87-89-90-','白色-移动4G联通4G电信4G-32G-OPPO R7 Plus-','27','260','2690.00','2600.00'),('631','493','58-61-','天生护脊—黑金刚-1.8X1.9-','17','1000','2598.96','2398.96'),('549','414','','','0','1000','4800.00','3360.00'),('547','412','88-87-89-90-','白色-移动4G联通4G电信4G-8G-Huawei/华为 荣耀4A-','27','212','780.00','680.00'),('601','466','','','0','100','888.00','777.00'),('602','467','','','0','1000','888.00','777.00'),('603','468','','','0','100','888.00','777.00'),('604','469','','','0','100','888.00','777.00'),('605','470','','','0','100','75.00','69.00'),('606','471','','','0','10','79.00','69.00'),('607','472','','','0','10','199.00','150.00'),('608','473','','','0','20','229.00','190.00'),('609','474','','','0','10','399.00','350.00'),('610','475','','','0','10','99.00','10.00');/* MySQLReback Separation */
 /* 插入数据 `lx_goods_attr` */
 INSERT INTO `lx_goods_attr` VALUES ('611','476','','','0','10','100.00','80.00');/* MySQLReback Separation */
 /* 插入数据 `lx_goods_attr` */
 INSERT INTO `lx_goods_attr` VALUES ('612','477','','','0','129','219.00','200.00'),('615','480','','','0','1000','3.00','2.00'),('616','481','','','0','100','1050.00','950.00'),('617','482','','','0','100','2569.00','2450.00'),('618','483','','','0','100','1588.00','1388.00'),('619','484','','','0','100','2916.00','2800.00'),('620','486','','','0','100','1980.00','1850.00'),('621','485','','','0','100','1280.00','1080.00'),('622','487','','','0','100','1850.00','1750.00'),('623','488','','','0','100','5899.00','5600.00'),('624','447','88-87-89-90-','黑色-移动4G联通4G电信4G-16G-vivo X5M-','27','278','1790.00','1690.00'),('625','489','','','0','100','2529.00','2350.00'),('626','490','58-91-61-','乳白色--1.8X2.2-','17','1000','1999.00','1799.00'),('307','175','58-59-60-61-77-','2222222222-2门
-2222222222-22222222-安坐
-','17','2222','222222.00','8888.00'),('308','176','58-59-60-61-77-','清-2门
-组长-宽-雅琼	
-','17','985','795558.00','85555.00'),('632','494','','','0','100','7659.00','7300.00'),('633','493','58-61-','天生护脊—黑金刚-1.5X2.0-','17','1000','2598.96','2398.96'),('634','493','58-61-','天生护脊—黑金刚-1.5X1.9-','17','1000','2598.96','2398.96'),('312','180','58-59-60-61-77-','白色-3门
-99-999-雅琼	
-','17','985','98555.00','98550.00'),('635','493','58-61-','天生护脊—黑金刚-1.2X2.0-','17','1000','2598.96','2398.96'),('636','495','58-61-','新西兰竹炭针织面料 5分天然乳胶 9区弹簧-1.8X2.0-','17','1000','2688.00','2488.00'),('637','495','58-61-','新西兰竹炭针织面料 5分天然乳胶 9区弹簧-1.5X1.9-','17','1000','2588.00','2388.00'),('638','495','58-61-','新西兰竹炭针织面料 5分天然乳胶 9区弹簧-1.5X2.0-','17','1000','2588.00','2388.00'),('639','496','58-61-','海之澜床垫席梦思-1.8x2.2-','17','900','2366.00','2166.00'),('649','503','','','0','100','1.00','0.70'),('640','496','58-61-','海之澜床垫席梦思-1.8x2.0-','17','900','2141.00','1941.00'),('645','499','','','0','100','2.50','1.50'),('641','496','58-61-','海之澜床垫席梦思-1.5x2.0-','17','900','1996.00','1796.00'),('648','502','','','0','100','1.00','0.75'),('647','501','','','0','100','1.50','1.10'),('544','409','','','0','1000','16000.00','11200.00'),('470','335','','','0','1000','4.09','3.59'),('471','336','','','0','1000','4.50','4.00'),('472','337','','','0','1000','2.59','2.09'),('473','338','','','0','1000','4.98','4.58'),('474','339','','','0','1000','6.89','6.39'),('642','496','58-61-','海之澜床垫席梦思-1.2x2.0-','17','900','1992.00','1772.00'),('340','208','','','0','451','356.00','211.00'),('341','209','','','0','880','889.00','451.00'),('342','210','','','0','123','400000.00','230000.00'),('343','211','','','0','231','998.00','780.00'),('344','212','','','0','231','2350.00','2000.00'),('354','219','','','0','5000','2.00','1.50'),('355','220','63-64-66-70-71-','阿依莲-36-米白色-方头-中跟-','19','134','134.00','121.00'),('356','220','63-64-66-70-71-','阿依莲-37
-红色
-方头
-中跟
-','19','134','134.00','121.00'),('357','221','','','0','134','123.00','111.00'),('358','222','','','0','0','100.00','50.00'),('428','291','','','0','100','73.00','58.00'),('427','290','','','0','100','50.00','45.00'),('596','461','','','0','1000','888.00','777.00'),('429','292','','','0','100','62.00','54.00'),('629','492','','','0','100','1799.00','1650.00'),('553','418','','','0','1000','4400.00','3080.00'),('426','289','','','0','100','42.00','36.00'),('425','288','','','0','100','62.00','54.00'),('424','287','','','0','100','60.00','52.00'),('554','419','','','0','1000','4200.00','2980.00'),('628','491','','','0','100','1850.00','1750.00'),('627','490','58-91-61-','乳白色--2X2.2-','17','1000','2099.00','1899.00'),('600','465','','','0','1000','888.00','777.00'),('597','463','','','0','1000','888.00','777.00'),('598','462','','','0','10','220.00','170.00'),('599','464','','','0','100','888.00','777.00'),('593','458','','','0','100','150.00','80.00'),('594','459','','','0','10','160.00','150.00'),('595','460','','','0','10','350.00','330.00'),('556','421','88-87-89-90-','白色
-移动4G联通4G电信4G
-16G
-Huawei/华为  P8青春版-','27','179','1540.00','1440.00'),('555','420','88-87-89-90-','土豪金
-移动4G联通4G电信4G
-16G
-Apple/苹果 IPONE6 Plus-','27','178','5160.00','5060.00'),('552','416','88-87-89-90-','土豪金-移动4G联通4G电信4G-16G-Apple/苹果 IPONE6-','27','185','4570.00','4470.00'),('550','415','','','0','1000','4600.00','3220.00'),('548','413','88-87-89-90-','白色-移动4G联通4G电信4G-32G-Sumsung/三星 S6 G9200-','27','168','3900.00','3800.00'),('551','417','','','0','1000','4600.00','3220.00'),('561','426','','','0','1000','2600.00','2500.00'),('560','425','','','0','1000','13788.00','13688.00'),('559','424','','','0','1000','10220.00','10120.00'),('558','422','','','0','1000','13499.00','13399.00'),('422','285','','','0','100','60.00','52.00'),('423','286','','','0','100','70.00','64.00'),('430','293','','','0','100','55.00','49.00'),('431','295','','','0','100','59.00','52.00'),('565','430','','','0','1000','2999.00','2899.00');/* MySQLReback Separation */
 /* 插入数据 `lx_goods_attr` */
 INSERT INTO `lx_goods_attr` VALUES ('566','431','88-87-89-90-','白色
-移动4G联通4G电信4G
-16G
-小米手机4-','27','189','1610.00','1510.00');/* MySQLReback Separation */
 /* 插入数据 `lx_goods_attr` */
 INSERT INTO `lx_goods_attr` VALUES ('446','311','','','0','1000','3.00','2.20'),('434','297','','','0','100','60.00','50.00'),('435','299','','','0','0','55.00','50.00'),('436','300','','','0','1000','33.00','29.50'),('437','301','','','0','100','33.00','29.50'),('438','302','','','0','100','33.00','29.50'),('439','303','','','0','100','33.00','29.50'),('440','305','','','0','100','33.00','29.00'),('567','432','46-47-49-50-','中国-正常规格-护肤品
-任何肤质-','14','9','480.00','260.00'),('442','306','','','0','100','52.00','46.00'),('443','307','','','0','1000','37.00','33.00'),('444','308','','','0','100','33.00','29.50'),('445','310','','','0','1000','4.00','3.06'),('447','312','','','0','1000','2.00','1.08'),('448','313','','','0','1000','65.00','57.00'),('449','314','','','0','1000','75.00','68.00'),('450','315','','','0','100','65.00','56.00'),('451','316','','','0','1000','80.00','73.00'),('452','317','','','0','1000','55.00','50.00'),('453','318','','','0','1000','9.50','6.40'),('454','319','','','0','100','9.80','9.30'),('455','320','','','0','1000','9.80','9.30'),('456','321','','','0','1000','9.80','9.30'),('457','322','','','0','1000','10.80','10.30'),('458','323','','','0','1000','5.98','5.48'),('459','324','','','0','1000','0.98','0.78'),('460','325','','','0','1000','4.28','3.88'),('461','326','','','0','1000','1.98','1.68'),('462','328','','','0','1000','5.58','5.08'),('463','327','58-59-60-61-77-','超纤皮--是-1800mm*2000mm--','17','10','2850.00','2750.00'),('464','329','','','0','1000','5.98','5.58'),('465','330','','','0','1000','2.98','2.68'),('466','331','','','0','1000','3.98','3.58'),('467','332','','','0','1000','2.98','2.68'),('468','333','','','0','1000','2.98','2.68'),('475','340','','','0','1000','5.90','5.40'),('476','341','','','0','1000','3.58','3.08'),('477','342','','','0','1000','5.98','5.58'),('643','497','','','0','100','2.00','1.50'),('644','498','','','0','100','2.00','1.75'),('646','500','','','0','100','5.00','3.50'),('650','504','','','0','100','12.50','11.50'),('651','505','','','0','100','1.00','0.80'),('652','506','','','0','100','5.00','4.00'),('653','507','','','0','100','9.00','8.00'),('654','508','58-61-','海之澜进口天然乳胶床垫席梦思弹簧床垫-1.8X2.0-','17','1000','3780.00','3580.00'),('655','508','58-61-','海之澜进口天然乳胶床垫席梦思弹簧床垫-1.5X2.0-','17','1000','3520.00','3320.00'),('656','508','58-61-','海之澜进口天然乳胶床垫席梦思弹簧床垫-1.5X1.9-','17','1000','3520.00','3320.00'),('657','508','58-61-','海之澜进口天然乳胶床垫席梦思弹簧床垫-1.2X2.0-','17','1000','3222.00','3022.00'),('658','508','58-61-','海之澜进口天然乳胶床垫席梦思弹簧床垫-1.2X1.9-','17','1000','3222.00','3022.00'),('659','509','','','0','100','4.00','3.00'),('660','510','','','0','100','13.00','10.00'),('661','511','58-61-','海之澜乳胶床垫 席梦思单双人弹簧床垫两面用-1.5X2.0-','17','100','2699.00','2499.00'),('662','511','58-61-','海之澜乳胶床垫 席梦思单双人弹簧床垫两面用-1.8X2.0-','17','100','2699.00','2499.00'),('663','511','58-61-','海之澜乳胶床垫 席梦思单双人弹簧床垫两面用-1.5X1.9-','17','100','2699.00','2499.00'),('664','512','','','0','100','12.00','8.00'),('665','379','88-87-89-90-','松珀绿-移动4G/联通4G/电信4G-32G-三星 Galaxy S6 Edge G9250-','27','140','4530.00','4430.00'),('666','513','58-61-','海之澜 深睡1200加硬 双人弹簧床垫 席梦思-1.8X2.0-','17','100','3099.00','2899.00'),('667','513','58-61-','海之澜 深睡1200加硬 双人弹簧床垫 席梦思-1.5X2.0-','17','1000','3099.00','2899.00'),('668','513','58-61-','海之澜 深睡1200加硬 双人弹簧床垫 席梦思-1.5X1.9-','17','100','3099.00','2899.00'),('669','514','','','0','100','1.00','0.70'),('670','515','','','0','100','1.00','0.70'),('671','379','88-87-89-90-','星钻黑-移动4G/联通4G/电信4G-32G-三星 Galaxy S6 Edge G9250-','27','140','4530.00','4430.00'),('672','516','','','0','100','1.00','0.70'),('673','379','88-87-89-90-','雪晶白-移动4G/联通4G/电信4G-32G-三星 Galaxy S6 Edge G9250-','27','140','4530.00','4430.00'),('674','517','','','0','100','0.50','0.32'),('675','518','','','0','100','39.00','30.00'),('676','519','','','0','100','108.00','90.00'),('677','521','','','0','100','138.00','100.00'),('705','549','58-61-','象牙白-1.8X2.0-','17','1000','3470.00','3270.00'),('679','522','','','0','100','398.00','280.00'),('680','523','','','0','100','148.00','100.00'),('681','524','','','0','100','139.00','100.00'),('682','525','','','0','100','298.00','200.00'),('683','526','','','0','100','448.00','320.00'),('684','527','','','0','100','268.00','180.00'),('685','528','','','0','1000','11.00','9.40'),('686','529','','','0','1000','22.00','20.00'),('687','530','','','0','1000','21.00','190.00'),('688','531','','','0','1000','15.00','14.00'),('689','533','','','0','1000','15.00','13.50'),('690','534','','','0','1000','18.00','16.20'),('691','535','','','0','1000','35.00','31.50'),('692','536','','','0','1000','11.00','9.90'),('693','537','','','0','1000','60.00','54.00'),('694','538','','','0','1000','45.00','40.50');/* MySQLReback Separation */
 /* 插入数据 `lx_goods_attr` */
 INSERT INTO `lx_goods_attr` VALUES ('695','539','','','0','1000','45.00','40.50');/* MySQLReback Separation */
 /* 插入数据 `lx_goods_attr` */
 INSERT INTO `lx_goods_attr` VALUES ('696','540','','','0','1000','21.00','19.00'),('697','541','','','0','1000','25.00','22.00'),('698','542','','','0','1000','14.00','12.50'),('699','543','','','0','1000','100.00','90.00'),('700','544','','','0','1000','12.00','11.00'),('701','545','','','0','1000','50.00','40.00'),('702','546','','','0','1000','25.00','23.00'),('703','547','','','0','1000','25.00','23.00'),('704','548','','','0','1000','25.00','23.00'),('706','549','58-61-','象牙白-1.5X2.0-','17','1000','3300.00','3100.00'),('707','550','58-61-','单品床-1.5X2.0-','17','1000','1769.00','1569.00'),('708','551','58-61-','白亮光-1.8X2.0-','17','100','2038.00','1838.00'),('709','552','58-61-','白亮光-1.5X2.0-','17','100','1838.00','1638.00'),('710','552','58-61-','白亮光-1.2X2.0-','17','100','1639.00','1439.00'),('711','553','58-61-','真皮款-1.8X2.0-','17','100','3200.00','3000.00'),('712','554','58-61-','超纤皮-1.8X2.0-','17','100','2960.00','2760.00'),('713','555','58-61-','超纤珠光白-1.8X2.0-','17','100','2180.00','1980.00'),('714','556','58-61-','真皮软床-1.8X2.0-','17','100','2850.00','2650.00'),('715','557','88-87-89-90-','极光白-移动4G-32G-vivo X5Max  高配版-','27','280','2340.00','2240.00'),('716','558','92-','白亮-','28','100','1389.00','1189.00'),('717','559','58-61-','雅宝家具 现代简约梳妆台欧式化妆柜梳妆桌子象牙白烤漆化妆台-白色-','17','100','1529.00','1329.00'),('718','560','93-92-','组装-白蜡木色-','28','100','849.00','649.00'),('719','561','93-92-','组装 -白色-','28','100','1219.00','1019.00'),('720','563','','','0','100','288.00','200.00'),('721','562','58-61-','图片颜色-雅宝家具时尚餐桌椅组合亮胡系列 现代简约一桌四椅餐椅超值热卖-','17','100','1670.00','1470.00'),('722','564','58-61-','图片颜色-雅宝家具时尚餐桌椅组合一桌六椅现代简约桌椅组合活动款超值热卖 -','17','100','1375.00','1175.00'),('723','565','','','0','1000','38.00','30.00'),('724','566','','','0','100','25.00','23.00'),('725','567','','','0','10','5999.00','5900.00'),('726','568','','','0','100','1999.00','1899.00'),('727','569','','','0','10','3999.00','3900.00'),('728','570','','','0','100','1999.00','1899.00'),('729','571','','','0','100','1999.00','1899.00'),('730','572','','','0','10','3999.00','3900.00'),('731','573','','','0','0','1999.00','1899.00'),('732','574','58-61-','白色-无属性-','17','189','9999.00','9999.00'),('733','575','','','0','0','1999.00','1899.00'),('734','577','','','0','100','1999.00','1899.00'),('735','576','58-61-','白色-无属性-','17','123','1999.00','1999.00'),('736','578','58-61-','紫色-无属性-','17','189','199.00','199.00'),('737','579','88-87-89-90-','白色-移动4G-8GB-OPPO A31T-','27','189','950.00','860.00'),('738','579','88-87-89-90-','蓝色-移动4G-8GB-OPPO A31T-','27','189','950.00','860.00'),('739','580','58-61-','免漆版-1.2米X2.0米-','17','100','390.00','350.00'),('740','580','58-61-','免漆版-1.5米X2.0米-','17','100','390.00','350.00'),('741','580','58-61-','免漆版-1.8米X2.0米-','17','100','390.00','350.00'),('742','580','58-61-','免漆版-1.8米X2.2米-','17','100','390.00','350.00'),('743','580','58-61-','免漆版-2.0米X2.2米-','17','100','390.00','350.00'),('744','581','88-87-89-90-','白色-移动4G/联通2G-8GB-小米 红米note标准版-','27','178','820.00','810.00'),('745','582','58-61-','免漆版-1.2米X2.0米-','17','100','390.00','350.00'),('746','582','58-61-','免漆版-1.5米X2.0米-','17','100','390.00','350.00'),('747','582','58-61-','免漆版-1.8米X2.0米-','17','100','390.00','350.00'),('748','582','58-61-','免漆版-1.8米X2.2米-','17','100','390.00','350.00'),('749','582','58-61-','免漆版-2.0米X2.2米-','17','100','390.00','350.00'),('750','583','58-61-','免漆版-1.2米X2.0米-','17','100','390.00','350.00'),('751','584','88-87-89-90-','白色-移动4G-16GB-红米note增强版-','27','167','875.00','865.00'),('752','585','58-61-','免漆版-1.2米X2.0米-','17','100','390.00','350.00'),('753','585','58-61-','免漆版-1.5米X2.0米-','17','100','390.00','350.00'),('754','585','58-61-','免漆版-1.8米X2.0米-','17','100','390.00','350.00'),('755','585','58-61-','免漆版-1.8米X2.2米-','17','100','390.00','350.00'),('756','585','58-61-','免漆版-2.0米X2.2米-','17','100','390.00','350.00'),('757','586','','','0','100','1999.00','1799.00'),('758','587','','','0','100','1999.00','1799.00'),('759','588','','','0','100','1999.00','1799.00'),('760','589','','','0','100','1999.00','1799.00'),('761','590','','','0','100','1999.00','1799.00'),('762','591','','','0','100','500.00','400.00'),('763','592','','','0','100','500.00','400.00'),('764','593','','','0','100','500.00','400.00'),('765','594','','','0','100','500.00','400.00'),('766','595','','','0','100','500.00','400.00'),('767','596','','','0','100','500.00','400.00'),('768','597','','','0','100','500.00','400.00'),('769','598','','','0','100','500.00','400.00'),('770','599','','','0','100','500.00','400.00'),('771','600','','','0','100','500.00','400.00'),('772','601','','','0','100','500.00','400.00'),('773','602','','','0','100','500.00','400.00');/* MySQLReback Separation */
 /* 插入数据 `lx_goods_attr` */
 INSERT INTO `lx_goods_attr` VALUES ('774','603','','','0','100','500.00','400.00');/* MySQLReback Separation */
 /* 插入数据 `lx_goods_attr` */
 INSERT INTO `lx_goods_attr` VALUES ('775','604','','','0','100','500.00','400.00'),('776','605','','','0','100','500.00','400.00'),('777','606','88-87-89-90-','白金-移动4G/联通4G/电信4G-16GB-零零柒 VM 6plus-','27','189','586.00','560.00'),('778','606','88-87-89-90-','土豪金-移动4G/联通4G/电信4G-16GB-零零柒 VM 6plus-','27','189','586.00','560.00'),('779','606','88-87-89-90-','深空灰-移动4G/联通4G/电信4G-16GB-零零柒 VM 6plus-','27','189','586.00','560.00');/* MySQLReback Separation */
 /* 创建表结构 `lx_goods_attribute` */
 DROP TABLE IF EXISTS `lx_goods_attribute`;/* MySQLReback Separation */ CREATE TABLE `lx_goods_attribute` (
  `attr_id` int(11) unsigned NOT NULL AUTO_INCREMENT,
  `cat_id` int(11) unsigned NOT NULL,
  `attr_name` varchar(255) NOT NULL DEFAULT '',
  `attr_input_type` tinyint(2) NOT NULL DEFAULT '0',
  `attr_values` char(200) DEFAULT NULL,
  `sort_order` varchar(200) DEFAULT NULL,
  `provider_id` int(11) unsigned DEFAULT NULL,
  PRIMARY KEY (`attr_id`)
) ENGINE=MyISAM AUTO_INCREMENT=94 DEFAULT CHARSET=utf8;/* MySQLReback Separation */
 /* 插入数据 `lx_goods_attribute` */
 INSERT INTO `lx_goods_attribute` VALUES ('88','27','机身颜色','0','','2','15'),('93','28','安装方式','0','','','15'),('46','14','产地','0','','','17'),('47','14','产品规格/容量','0','','1','17'),('49','14','所属类别','1','彩妆
化妆工具
护肤品
香水
','3','17'),('50','14','适合肤质','0','','4','17'),('87','27','网络类型','0','','1','15'),('86','26','gaungg','1','	
tt






','1','15'),('54','15','像素','0','','','17'),('55','15','显示屏类型','0','','','17'),('57','16','尺码','1','S
M
L
XL','2','17'),('58','17','颜色分类','0','','','17'),('61','17','尺寸','0','','','17'),('62','18','颜色分类','1','	白色
黑色
','211','17'),('63','19','品牌','0','','','17'),('64','19','尺码','1','34
35
36
37
38
','1','17'),('65','21','颜色分类','1','	白色
红色
黄色
蓝色
','113','17'),('66','19','颜色分类','1','红色
白色
米白色
蓝色
','','17'),('67','21','尺码','1','	35
36
37
38
39
','223','17'),('70','19','鞋头款式','1','方头
尖头
圆头
','12','15'),('69','16','材质','1','棉
蚕丝
','','15'),('71','19','后跟高','1','中跟
高跟
超高跟
','','15'),('73','22','品牌','1','森马
与狼共舞
','1','15'),('74','22','尺码','1','XL
30
31
35	
','3','15'),('75','22','裤长','1','长裤
九分裤
短裤
','','15'),('76','22','主要材质','1','棉
涤纶
麻	
','1','15'),('78','23','品牌','0','','1','15'),('79','23','屏幕尺寸','0','','2','15'),('80','23','类型','0','','3','15'),('81','23','操作系统','0','','4','15'),('82','23','功率','0','','','15'),('83','24','品牌','1','蜘蛛王
公牛世家','1','15'),('84','24','鞋面材质','1','棉布
牛仔布
太空革
','2','15'),('85','24','尺码','1','39
38
40
41
','3','15'),('92','28','颜色','0','','','15'),('89','27','机身内存','0','','3','15'),('90','27','型号','0','','','15');/* MySQLReback Separation */
 /* 创建表结构 `lx_goods_comment` */
 DROP TABLE IF EXISTS `lx_goods_comment`;/* MySQLReback Separation */ CREATE TABLE `lx_goods_comment` (
  `comment_id` int(11) unsigned NOT NULL AUTO_INCREMENT,
  `goods_id` int(11) unsigned NOT NULL DEFAULT '0',
  `user_id` int(11) unsigned NOT NULL DEFAULT '0' COMMENT '评论者的id',
  `user_name` varchar(255) DEFAULT '匿名用户' COMMENT '用户名',
  `content` text NOT NULL COMMENT '评论内容',
  `comment_rank` tinyint(3) unsigned NOT NULL DEFAULT '1' COMMENT '1:一星2:3:三星4:四星5:五星',
  `com_ip` varchar(255) DEFAULT NULL COMMENT '评论者的ip',
  `com_time` timestamp NULL DEFAULT NULL COMMENT '评论时间',
  `parent_id` int(10) unsigned DEFAULT NULL COMMENT '父级id',
  `show_img` varchar(255) DEFAULT NULL,
  PRIMARY KEY (`comment_id`)
) ENGINE=MyISAM AUTO_INCREMENT=9 DEFAULT CHARSET=utf8;/* MySQLReback Separation */
 /* 插入数据 `lx_goods_comment` */
 INSERT INTO `lx_goods_comment` VALUES ('4','140','33','','宝贝不错，发货速度挺快的，支持','4','','','0',''),('5','140','33','','挺好的','4','','','4',''),('6','140','33','淘宝01','宝贝不错','4','','','5',''),('7','162','33','淘宝01','挺好喝的','4','','','0',''),('8','184','33','淘宝01','gbhnmc','4','','','0','');/* MySQLReback Separation */
 /* 创建表结构 `lx_goods_gallery` */
 DROP TABLE IF EXISTS `lx_goods_gallery`;/* MySQLReback Separation */ CREATE TABLE `lx_goods_gallery` (
  `gallery_id` int(11) unsigned NOT NULL AUTO_INCREMENT,
  `goods_id` int(11) NOT NULL,
  `img_url` varchar(255) NOT NULL DEFAULT '',
  `img_title` varchar(255) DEFAULT NULL COMMENT '图片标题',
  PRIMARY KEY (`gallery_id`)
) ENGINE=MyISAM AUTO_INCREMENT=1381 DEFAULT CHARSET=utf8 COMMENT='商品图集表';/* MySQLReback Separation */
 /* 插入数据 `lx_goods_gallery` */
 INSERT INTO `lx_goods_gallery` VALUES ('991','432','images/2015-09-01/1441093558_136813120955e557b6790d3.jpg',''),('990','431','images/2015-09-01/1441091814_193138558555e550e6edac6.jpg',''),('896','408','images/2015-09-01/1441075242_207661709155e5102a3fd06.jpg',''),('1293','561','images/2015-09-04/1441326865_82633059655e8e7119bda2.png',''),('704','348','images/2015-08-31/1441001896_57796507155e3f1a8dbe5a.jpg',''),('703','347','images/2015-08-31/1441001754_63335781455e3f11a8f289.jpg',''),('702','346','images/2015-08-31/1441001640_214623133855e3f0a83eb14.png',''),('699','343','images/2015-08-31/1441001288_135681172055e3ef4863bd7.jpg',''),('700','344','images/2015-08-31/1441001379_205928121355e3efa31b8b5.jpg',''),('701','345','images/2015-08-31/1441001539_185717828155e3f043961db.jpg',''),('709','353','images/2015-08-31/1441002705_7869665855e3f4d192216.jpg',''),('710','354','images/2015-08-31/1441002835_10225411455e3f5531876f.jpg',''),('711','355','images/2015-08-31/1441002976_134757815555e3f5e083b7e.jpg',''),('712','356','images/2015-08-31/1441003122_169511018455e3f6720dead.jpg',''),('125','135','images/2015-08-20/1440052523_189818187655d5752bd5c89.jpg',''),('126','135','images/2015-08-20/1440052524_32020458555d5752c00293.jpg',''),('127','135','images/2015-08-20/1440052524_154652581855d5752c227e5.jpg',''),('128','135','images/2015-08-20/1440052524_93850762455d5752c98c03.jpg',''),('739','372','images/2015-08-31/1441008866_87259549455e40ce2e63bf.jpg',''),('729','368','images/2015-08-31/1441007745_86706634855e40881c4368.jpg',''),('728','368','images/2015-08-31/1441007745_187698301355e408819a403.jpg',''),('713','357','images/2015-08-31/1441003222_56819342155e3f6d6b9e4b.jpg',''),('714','358','images/2015-08-31/1441003325_100174685555e3f73de42d7.jpg',''),('715','359','images/2015-08-31/1441003406_167102546855e3f78e71fd0.jpg',''),('716','360','images/2015-08-31/1441003512_20552495755e3f7f881941.jpg',''),('719','364','images/2015-08-31/1441007224_69688858655e40678abb24.jpg',''),('718','363','images/2015-08-31/1441006875_92036423555e4051b84755.jpg',''),('720','364','images/2015-08-31/1441007224_130932939255e40678e8bb8.jpg',''),('721','365','images/2015-08-31/1441007363_31448845055e40703175b1.jpg',''),('722','365','images/2015-08-31/1441007363_61473350855e4070354644.jpg',''),('723','366','images/2015-08-31/1441007485_208855414055e4077d50f54.jpg',''),('724','366','images/2015-08-31/1441007485_94266695055e4077d8a2de.jpg',''),('725','367','images/2015-08-31/1441007607_183957257255e407f76c0ae.jpg',''),('726','367','images/2015-08-31/1441007607_214575746155e407f7a9142.jpg',''),('735','371','images/2015-08-31/1441008098_35968362855e409e265f29.jpg',''),('893','408','images/2015-09-01/1441075242_101322927555e5102a02c73.jpg',''),('730','369','images/2015-08-31/1441007901_10906397055e4091d2fece.jpg',''),('895','408','images/2015-09-01/1441075242_34143385155e5102a2cbd8.jpg',''),('894','408','images/2015-09-01/1441075242_162705108755e5102a19aaa.jpg',''),('705','349','images/2015-08-31/1441002163_99433627155e3f2b357372.jpg',''),('706','350','images/2015-08-31/1441002267_25204238355e3f31ba0054.jpg',''),('707','351','images/2015-08-31/1441002470_178523245755e3f3e676b15.jpg',''),('708','352','images/2015-08-31/1441002617_72694741155e3f479a8be6.jpg',''),('165','148','images/2015-08-20/1440055707_103397796155d5819bdbeb3.jpg',''),('166','148','images/2015-08-20/1440055707_13303083655d5819beefe1.jpg',''),('167','148','images/2015-08-20/1440055708_63215209055d5819c0decf.jpg',''),('168','148','images/2015-08-20/1440055708_16313899955d5819c20ffd.jpg',''),('1101','489','images/2015-09-02/1441160326_197381441055e65c869a392.png',''),('1100','489','images/2015-09-02/1441160325_74434406855e65c85dee2b.png',''),('1099','488','images/2015-09-02/1441159503_134583031355e6594f69dfd.png',''),('746','380','images/2015-08-31/1441012323_12678350255e41a63994c5.jpg',''),('995','434','images/2015-09-01/1441093832_89487113755e558c8be92c.jpg',''),('994','434','images/2015-09-01/1441093832_87253037955e558c8986d0.jpg',''),('993','433','images/2015-09-01/1441093602_196713043655e557e2b2690.jpg',''),('992','433','images/2015-09-01/1441093602_195195911555e557e28c434.jpg',''),('751','382','images/2015-08-31/1441014274_39369594855e42202b2780.jpg',''),('752','382','images/2015-08-31/1441014274_149390203955e42202e03ee.jpg',''),('753','382','images/2015-08-31/1441014275_50624213355e4220316113.jpg',''),('754','383','images/2015-08-31/1441014447_60502859455e422afcdb66.jpg',''),('755','384','images/2015-08-31/1441014619_213834071355e4235bd5e12.jpg',''),('983','426','images/2015-09-01/1441090026_147457764555e549ea81167.jpg',''),('982','425','images/2015-09-01/1441089786_73012746855e548fa69730.png',''),('981','424','images/2015-09-01/1441089478_141779452355e547c63e864.png',''),('759','379','images/2015-08-31/1441015580_175406862855e4271c3108a.jpg',''),('1105','489','images/2015-09-02/1441160328_147372233555e65c8855906.png',''),('1104','489','images/2015-09-02/1441160328_43405274355e65c8805745.png',''),('1103','489','images/2015-09-02/1441160327_76673931355e65c8796696.png',''),('1102','489','images/2015-09-02/1441160326_150941146455e65c86c05ee.png','');/* MySQLReback Separation */
 /* 插入数据 `lx_goods_gallery` */
 INSERT INTO `lx_goods_gallery` VALUES ('768','386','images/2015-09-01/1441068590_176822390355e4f62e95d6e.jpg','');/* MySQLReback Separation */
 /* 插入数据 `lx_goods_gallery` */
 INSERT INTO `lx_goods_gallery` VALUES ('921','412','images/2015-09-01/1441075755_63056796155e5122bce901.jpg',''),('773','387','images/2015-09-01/1441069664_160625400155e4fa60679aa.jpg',''),('774','387','images/2015-09-01/1441069664_195094949955e4fa607aad8.jpg',''),('922','412','images/2015-09-01/1441075756_54215396155e5122c1b45d.jpg',''),('745','378','images/2015-08-31/1441009691_51759718355e4101b5baaa.jpg',''),('744','377','images/2015-08-31/1441009595_178548060355e40fbba0083.jpg',''),('743','376','images/2015-08-31/1441009396_29762117555e40ef40e732.jpg',''),('740','373','images/2015-08-31/1441009010_163826591855e40d7242a66.jpg',''),('741','374','images/2015-08-31/1441009167_85625088255e40e0fd0494.jpg',''),('742','375','images/2015-08-31/1441009297_185511755355e40e9193a81.jpg',''),('1098','488','images/2015-09-02/1441159503_158859963355e6594f43ba1.png',''),('1097','488','images/2015-09-02/1441159502_9397402455e6594ef333c.png',''),('1096','488','images/2015-09-02/1441159502_128633949455e6594e79215.png',''),('1093','488','images/2015-09-02/1441159501_128048175255e6594de7c13.png',''),('1094','488','images/2015-09-02/1441159502_136094597155e6594e19c2f.png',''),('1095','488','images/2015-09-02/1441159502_135599684355e6594e3fe8b.png',''),('1092','487','images/2015-09-02/1441158943_176161906655e6571fb46b5.png',''),('1088','486','images/2015-09-02/1441158094_87564862355e653cec8a79.png',''),('1089','487','images/2015-09-02/1441158943_64959584455e6571f3e298.png',''),('1090','487','images/2015-09-02/1441158943_10432086555e6571f681fd.png',''),('1091','487','images/2015-09-02/1441158943_135971802155e6571f8e459.png',''),('998','435','images/2015-09-01/1441093973_38958593655e5595544f12.jpg',''),('999','437','images/2015-09-01/1441094060_9272859255e559ac2a82b.jpg',''),('1000','437','images/2015-09-01/1441094060_162004532455e559ac50a87.jpg',''),('1001','438','images/2015-09-01/1441094194_96036708955e55a3300f86.jpg',''),('1002','438','images/2015-09-01/1441094195_138738634755e55a33234d9.jpg',''),('1003','439','images/2015-09-01/1441094280_181121767355e55a881bf06.jpg',''),('1004','439','images/2015-09-01/1441094280_41519141955e55a8842162.jpg',''),('1005','440','images/2015-09-01/1441094404_104718571355e55b043ea8c.jpg',''),('1006','440','images/2015-09-01/1441094404_134659127255e55b0464ce8.jpg',''),('1007','441','images/2015-09-01/1441094483_200369146955e55b532bd52.jpg',''),('1008','441','images/2015-09-01/1441094483_120135207455e55b533b176.jpg',''),('1009','441','images/2015-09-01/1441094483_199231579855e55b536caee.jpg',''),('973','421','images/2015-09-01/1441078739_70945804955e51dd3bd2f4.jpg',''),('970','420','images/2015-09-01/1441078325_121088429755e51c355c85a.jpg',''),('971','421','images/2015-09-01/1441078739_149591251655e51dd374b45.jpg',''),('972','421','images/2015-09-01/1441078739_110284160155e51dd397098.jpg',''),('996','436','images/2015-09-01/1441093956_112219227655e559441aed3.jpg',''),('974','421','images/2015-09-01/1441078739_44973044755e51dd3eec6b.jpg',''),('968','420','images/2015-09-01/1441078325_179826358955e51c352aee3.jpg',''),('969','420','images/2015-09-01/1441078325_108661397155e51c353e011.jpg',''),('967','419','images/2015-09-01/1441078101_40661280455e51b557a571.jpg',''),('966','419','images/2015-09-01/1441078101_203062680455e51b556ee55.jpg',''),('965','419','images/2015-09-01/1441078101_172877266655e51b555fa30.jpg',''),('964','419','images/2015-09-01/1441078101_172194064155e51b5554315.jpg',''),('955','418','images/2015-09-01/1441078040_201320753655e51b180b859.jpg',''),('956','418','images/2015-09-01/1441078040_214027110955e51b181ac7e.jpg',''),('957','418','images/2015-09-01/1441078040_70933699255e51b182639a.jpg',''),('958','418','images/2015-09-01/1441078040_128467699655e51b18357be.jpg',''),('959','418','images/2015-09-01/1441078040_165315657155e51b1844be3.jpg',''),('960','419','images/2015-09-01/1441078101_109753421555e51b5507e5d.jpg',''),('961','419','images/2015-09-01/1441078101_192536591155e51b552299d.jpg',''),('962','419','images/2015-09-01/1441078101_33041330655e51b5535acb.jpg',''),('963','419','images/2015-09-01/1441078101_86087141755e51b55411e7.jpg',''),('269','175','images/2015-08-21/1440123539_78760070555d68a9354c07.jpg',''),('270','175','images/2015-08-21/1440123551_183516995055d68a9f7aefd.jpg',''),('271','175','images/2015-08-21/1440123551_10790044555d68a9fac875.jpg',''),('272','175','images/2015-08-21/1440123551_154487989955d68a9fe5bff.jpg',''),('273','176','images/2015-08-21/1440123705_31258667855d68b397b6b0.jpg',''),('274','176','images/2015-08-21/1440123716_81240817955d68b44e2735.jpg',''),('275','176','images/2015-08-21/1440123717_11422133755d68b45a93b8.jpg',''),('276','176','images/2015-08-21/1440123718_99008452355d68b46ede6b.jpg',''),('1087','486','images/2015-09-02/1441158094_175087362755e653ce8f6ef.png',''),('1086','486','images/2015-09-02/1441158094_192703289955e653ce5dd78.png',''),('1084','486','images/2015-09-02/1441158093_9316488155e653cdd4188.png',''),('1085','486','images/2015-09-02/1441158094_112461284955e653ce0249b.png',''),('1083','486','images/2015-09-02/1441158093_30185089855e653cd70e99.png',''),('1082','486','images/2015-09-02/1441158093_35435275455e653cd4ac3d.png','');/* MySQLReback Separation */
 /* 插入数据 `lx_goods_gallery` */
 INSERT INTO `lx_goods_gallery` VALUES ('1081','486','images/2015-09-02/1441158093_138846521255e653cd249e1.png','');/* MySQLReback Separation */
 /* 插入数据 `lx_goods_gallery` */
 INSERT INTO `lx_goods_gallery` VALUES ('1080','486','images/2015-09-02/1441158092_203585425555e653cceecbc.png',''),('1079','485','images/2015-09-02/1441158085_23696968255e653c5eaf59.jpg',''),('1078','485','images/2015-09-02/1441158085_178313416055e653c5c4cfd.jpg',''),('289','180','images/2015-08-21/1440126657_29601945455d696c1624f7.jpg',''),('290','180','images/2015-08-21/1440126664_30511083955d696c82ced0.jpg',''),('291','180','images/2015-08-21/1440126664_152829897755d696c8b641b.jpg',''),('292','180','images/2015-08-21/1440126665_84121711655d696c919daf.jpg',''),('881','406','images/2015-09-01/1441073263_133077691655e5086fafe30.jpg',''),('880','406','images/2015-09-01/1441073263_177000955055e5086fa0a0b.jpg',''),('1077','485','images/2015-09-02/1441158085_55224043755e653c5b1bcf.jpg',''),('1076','485','images/2015-09-02/1441158085_95418792955e653c587c6a.jpg',''),('1075','484','images/2015-09-02/1441157138_87503986055e65012664c6.png',''),('1074','484','images/2015-09-02/1441157138_11746658755e650123c561.png',''),('1073','484','images/2015-09-02/1441157138_198214961955e650121a00e.png',''),('1072','484','images/2015-09-02/1441157137_82865004255e65011e7ff2.png',''),('1071','484','images/2015-09-02/1441157137_182523421255e65011a7256.png',''),('1070','483','images/2015-09-02/1441157044_5085165755e64fb49798b.jpg',''),('1069','483','images/2015-09-02/1441157044_75401454955e64fb475438.jpg',''),('1068','483','images/2015-09-02/1441157044_193202822755e64fb45a8f8.jpg',''),('1067','483','images/2015-09-02/1441157044_38241387355e64fb430992.jpg',''),('1066','483','images/2015-09-02/1441157043_149007409755e64fb3477bd.jpg',''),('1065','482','images/2015-09-02/1441156618_207373000455e64e0a9643e.png',''),('1064','482','images/2015-09-02/1441156618_204335063855e64e0a701e2.png',''),('1063','482','images/2015-09-02/1441156618_127392819255e64e0a3e86a.png',''),('1062','481','images/2015-09-02/1441155740_113364546855e64a9c4edb2.jpg',''),('1061','481','images/2015-09-02/1441155740_94676076155e64a9c30568.jpg',''),('1060','481','images/2015-09-02/1441155740_158068015155e64a9c15a28.jpg',''),('1059','481','images/2015-09-02/1441155739_114205466555e64a9be7715.jpg',''),('1058','481','images/2015-09-02/1441155739_7693625355e64a9bbd7b0.jpg',''),('1042','468','images/2015-09-01/1441100694_82446093955e5739696fb2.jpg',''),('1043','462','images/2015-09-01/1441100739_35349242555e573c38bad6.png',''),('1044','469','images/2015-09-01/1441100751_139209250055e573cfeb156.jpg',''),('1045','470','images/2015-09-01/1441101141_109519688855e57555ec4d6.jpg',''),('1046','470','images/2015-09-01/1441101142_145706684355e575561a7e9.jpg',''),('1047','471','images/2015-09-01/1441101321_2612976155e576096b29d.jpg',''),('1048','476','images/2015-09-01/1441102192_200222070555e57970f366c.jpg',''),('1049','472','images/2015-09-01/1441103385_175222416655e57e1943d62.jpg',''),('1050','477','images/2015-09-01/1441103448_26544304155e57e582583f.jpg',''),('1051','473','images/2015-09-01/1441103501_127535433055e57e8d981f9.jpg',''),('1052','475','images/2015-09-01/1441103523_96883590455e57ea329908.jpg',''),('1053','474','images/2015-09-01/1441103565_163490096255e57ecd1e406.jpg',''),('1054','478','images/2015-09-02/1441153456_19935956755e641b0d4dd3.jpg',''),('1055','479','images/2015-09-02/1441153561_169194680355e6421994577.png',''),('1056','480','images/2015-09-02/1441154598_116866298855e646261210e.jpg',''),('1039','465','images/2015-09-01/1441100492_60648458355e572cc87174.jpg',''),('1038','464','images/2015-09-01/1441100411_107230954055e5727bb49d5.jpg',''),('1037','463','images/2015-09-01/1441100354_137636004155e57242368cc.jpg',''),('1036','461','images/2015-09-01/1441100284_192359548355e571fc641ba.jpg',''),('1035','460','images/2015-09-01/1441100231_193537663155e571c7d291f.jpg',''),('1034','459','images/2015-09-01/1441100047_153393116355e5710f9c96b.jpg',''),('1033','459','images/2015-09-01/1441100047_69740841355e5710f7670f.jpg',''),('1032','458','images/2015-09-01/1441099832_43799584555e57038e465a.jpg',''),('1031','457','images/2015-09-01/1441099300_190717513155e56e2461087.jpg',''),('1030','456','images/2015-09-01/1441099214_102832353655e56dce3a9de.jpg',''),('1029','455','images/2015-09-01/1441099082_97212183455e56d4ae9aec.jpg',''),('1028','452','images/2015-09-01/1441099007_166235889755e56cff6b8fc.jpg',''),('1027','454','images/2015-09-01/1441098809_125650028055e56c39f0758.jpg',''),('1021','447','images/2015-09-01/1441097514_113323315755e5672a40bfa.jpg',''),('875','406','images/2015-09-01/1441073263_37985786755e5086f3d71c.jpg',''),('876','406','images/2015-09-01/1441073263_43035844255e5086f54553.jpg',''),('877','406','images/2015-09-01/1441073263_209563391855e5086f6b38a.jpg',''),('878','406','images/2015-09-01/1441073263_69394525855e5086f821c2.jpg',''),('879','406','images/2015-09-01/1441073263_44854494455e5086f915e6.jpg',''),('679','340','images/2015-08-31/1440989745_176389255655e3c231d0a0e.jpg',''),('678','339','images/2015-08-31/1440989660_190353178255e3c1dc9ec56.jpg',''),('677','338','images/2015-08-31/1440989555_185406054755e3c173df4b3.jpg',''),('891','407','images/2015-09-01/1441074886_30547631855e50ec64a255.jpg','');/* MySQLReback Separation */
 /* 插入数据 `lx_goods_gallery` */
 INSERT INTO `lx_goods_gallery` VALUES ('890','407','images/2015-09-01/1441074886_185372962955e50ec63ae30.jpg',''),('889','407','images/2015-09-01/1441074886_203981065255e50ec62ba0b.jpg',''),('888','407','images/2015-09-01/1441074886_184605983455e50ec6188dd.jpg',''),('887','407','images/2015-09-01/1441074886_85783896255e50ec6057af.jpg',''),('698','342','images/2015-08-31/1440990555_113431217355e3c55bb874e.jpg',''),('904','409','images/2015-09-01/1441075332_166821361955e5108438774.jpg',''),('903','409','images/2015-09-01/1441075332_106564938155e510842934f.jpg',''),('902','409','images/2015-09-01/1441075332_153311591355e5108416221.jpg',''),('901','409','images/2015-09-01/1441075331_14363614055e51083f362a.jpg',''),('900','409','images/2015-09-01/1441075331_195136957355e51083d4de0.jpg',''),('674','335','images/2015-08-31/1440989329_158181541855e3c0912f1bf.jpg',''),('675','336','images/2015-08-31/1440989401_26066574555e3c0d9ded00.jpg',''),('676','337','images/2015-08-31/1440989481_41490664555e3c12951eab.jpg',''),('886','407','images/2015-09-01/1441074885_93640321655e50ec5deeaf.jpg',''),('1041','467','images/2015-09-01/1441100642_86882211655e5736218ee9.jpg',''),('1040','466','images/2015-09-01/1441100560_177577014055e5731068c90.jpg',''),('434','208','images/2015-08-23/1440322714_181582595855d9949aad1bf.jpg',''),('435','208','images/2015-08-23/1440322714_105264796755d9949adeb37.jpg',''),('436','209','images/2015-08-23/1440323025_3890914455d995d147154.jpg',''),('437','209','images/2015-08-23/1440323025_17218013355d995d1710b9.jpg',''),('438','210','images/2015-08-23/1440323640_1268703655d998384530b.jpg',''),('439','210','images/2015-08-23/1440323640_98530959255d9983872f79.jpg',''),('440','211','images/2015-08-23/1440323840_184441995855d999007f095.jpg',''),('441','211','images/2015-08-23/1440323840_186399567355d99900acd03.jpg',''),('442','212','images/2015-08-23/1440323976_189103389755d99988cf923.jpg',''),('443','212','images/2015-08-23/1440323977_133545000555d999890d05a.jpg',''),('444','212','images/2015-08-23/1440323977_180282533455d999893e9d2.jpg',''),('449','220','images/2015-08-28/1440731840_99236060755dfd2c0a9707.jpg',''),('446','220','images/2015-08-28/1440731503_57630349155dfd16f4cd51.jpg',''),('447','220','images/2015-08-28/1440731503_44204454955dfd16f5c176.jpg',''),('448','220','images/2015-08-28/1440731503_45040353055dfd16f72fad.jpg',''),('450','222','images/2015-08-28/1440742316_130397196855dffbac9c666.jpg',''),('555','291','images/2015-08-30/1440900425_35632341355e265495d89a.jpg',''),('554','290','images/2015-08-30/1440899723_70929863555e2628ba3d2f.png',''),('997','436','images/2015-09-01/1441093956_152972950255e5594444e38.jpg',''),('556','291','images/2015-08-30/1440900425_141118580355e265497c0e3.jpg',''),('557','291','images/2015-08-30/1440900425_176671454155e2654996c24.jpg',''),('1020','447','images/2015-09-01/1441097514_96729997455e5672a2dacc.jpg',''),('1026','453','images/2015-09-01/1441098700_79706471955e56bccd199b.jpg',''),('1025','451','images/2015-09-01/1441098577_212621175255e56b517d4aa.jpg',''),('1024','450','images/2015-09-01/1441098480_59130991055e56af097b11.jpg',''),('1022','448','images/2015-09-01/1441098232_191165568055e569f824797.jpg',''),('1023','449','images/2015-09-01/1441098360_106728965155e56a78698a3.jpg',''),('937','415','images/2015-09-01/1441077825_122612551255e51a4166676.jpg',''),('936','415','images/2015-09-01/1441077825_64966119655e51a4157251.jpg',''),('933','415','images/2015-09-01/1441077825_182654919055e51a411dec7.jpg',''),('934','415','images/2015-09-01/1441077825_157468211555e51a4134cfe.jpg',''),('935','415','images/2015-09-01/1441077825_51826645855e51a4147e2c.jpg',''),('942','417','images/2015-09-01/1441077969_26527628155e51ad1761ce.jpg',''),('941','417','images/2015-09-01/1441077969_142982729755e51ad1630a0.jpg',''),('938','415','images/2015-09-01/1441077825_148338012455e51a41797a4.jpg',''),('939','415','images/2015-09-01/1441077825_41187113355e51a4188bc9.jpg',''),('940','415','images/2015-09-01/1441077825_142828768855e51a4197fee.jpg',''),('1013','444','images/2015-09-01/1441095798_65565743355e56076b945d.jpg',''),('1012','444','images/2015-09-01/1441095798_13222585655e56076aa038.jpg',''),('1011','442','images/2015-09-01/1441094808_142623647955e55c9812251.jpg',''),('1010','442','images/2015-09-01/1441094807_61482115655e55c97eb951.jpg',''),('553','290','images/2015-08-30/1440899723_101129573355e2628b7dad3.jpg',''),('552','289','images/2015-08-30/1440899263_60402723755e260bf9ac1c.jpg',''),('551','289','images/2015-08-30/1440899263_196494715655e260bf692a5.jpg',''),('550','289','images/2015-08-30/1440899263_94923123255e260bf4aa5b.jpg',''),('549','288','images/2015-08-30/1440898833_117173475655e25f1100d2c.jpg',''),('548','287','images/2015-08-30/1440898634_2660563255e25e4ad9a46.jpg',''),('1014','445','images/2015-09-01/1441095960_175818018055e56118dc1c9.png',''),('946','417','images/2015-09-01/1441077969_61414781055e51ad1b6f6a.jpg',''),('943','417','images/2015-09-01/1441077969_50808631855e51ad1855f3.jpg',''),('944','417','images/2015-09-01/1441077969_209760672655e51ad198721.jpg',''),('945','417','images/2015-09-01/1441077969_15498398355e51ad1a7b46.jpg',''),('954','418','images/2015-09-01/1441078039_156246307955e51b17ec96b.jpg','');/* MySQLReback Separation */
 /* 插入数据 `lx_goods_gallery` */
 INSERT INTO `lx_goods_gallery` VALUES ('953','418','images/2015-09-01/1441078039_135186582455e51b17d983d.jpg','');/* MySQLReback Separation */
 /* 插入数据 `lx_goods_gallery` */
 INSERT INTO `lx_goods_gallery` VALUES ('952','418','images/2015-09-01/1441078039_130445052155e51b17ca418.jpg',''),('948','417','images/2015-09-01/1441077969_173040484655e51ad1d57b4.jpg',''),('949','416','images/2015-09-01/1441078023_113759956055e51b0772778.jpg',''),('950','416','images/2015-09-01/1441078023_186361941155e51b07858a6.jpg',''),('951','416','images/2015-09-01/1441078023_31994871755e51b07a40f0.jpg',''),('947','417','images/2015-09-01/1441077969_51488502455e51ad1c638f.jpg',''),('932','414','images/2015-09-01/1441077702_193686766755e519c69b6d0.jpg',''),('931','414','images/2015-09-01/1441077702_120414816455e519c68c2ac.jpg',''),('930','414','images/2015-09-01/1441077702_142297714555e519c67ce87.jpg',''),('929','414','images/2015-09-01/1441077702_22672168455e519c66da62.jpg',''),('928','414','images/2015-09-01/1441077702_59278335055e519c65a934.jpg',''),('924','413','images/2015-09-01/1441076988_129044311755e516fc22f00.jpg',''),('923','413','images/2015-09-01/1441076988_184175186755e516fc0fdd2.jpg',''),('927','414','images/2015-09-01/1441077702_48541114155e519c64b50f.jpg',''),('925','414','images/2015-09-01/1441077702_76077560655e519c6252b3.jpg',''),('926','414','images/2015-09-01/1441077702_33236077155e519c63c0ea.jpg',''),('980','422','images/2015-09-01/1441079924_118015014555e5227483da0.jpg',''),('979','422','images/2015-09-01/1441079924_134320991655e522744aa16.jpg',''),('546','285','images/2015-08-30/1440897963_154689969355e25babc478b.jpg',''),('547','286','images/2015-08-30/1440898421_48288685355e25d75a7628.jpg',''),('558','291','images/2015-08-30/1440900425_154109370255e26549b546d.jpg',''),('559','292','images/2015-08-30/1440900765_2725908555e2669dd8ac0.jpg',''),('560','292','images/2015-08-30/1440900766_115631975455e2669e030ca.jpg',''),('561','292','images/2015-08-30/1440900766_21303701455e2669e29326.jpg',''),('562','293','images/2015-08-30/1440901088_152373626755e267e00baf6.jpg',''),('563','293','images/2015-08-30/1440901088_29086767755e267e035a5b.jpg',''),('564','293','images/2015-08-30/1440901088_145216615155e267e05bcb7.jpg',''),('565','293','images/2015-08-30/1440901088_75196199355e267e089925.jpg',''),('566','293','images/2015-08-30/1440901114_83964486955e267fa31e9e.jpg',''),('567','293','images/2015-08-30/1440901114_101530386655e267fa580fa.jpg',''),('568','293','images/2015-08-30/1440901114_12450613055e267fa89a72.jpg',''),('569','293','images/2015-08-30/1440901114_143671217055e267fab76e0.jpg',''),('570','295','images/2015-08-30/1440901529_143256986355e2699951ba8.jpg',''),('571','295','images/2015-08-30/1440901529_193642163655e2699977e04.jpg',''),('572','295','images/2015-08-30/1440901529_146486601355e269998af32.jpg',''),('573','295','images/2015-08-30/1440901529_144542798555e26999a977c.jpg',''),('624','312','images/2015-08-30/1440917727_132902917155e2a8dfc1622.jpg',''),('623','312','images/2015-08-30/1440917727_104758897955e2a8df976bc.jpg',''),('622','311','images/2015-08-30/1440917473_172394392555e2a7e1db4af.jpg',''),('621','311','images/2015-08-30/1440917473_171886573555e2a7e19a712.jpg',''),('984','427','images/2015-09-01/1441090447_184333628155e54b8f91a99.png',''),('978','423','images/2015-09-01/1441079734_205311923255e521b66c5e9.jpg',''),('977','423','images/2015-09-01/1441079734_139237919855e521b6594bb.jpg',''),('976','423','images/2015-09-01/1441079734_80818310755e521b63e97b.jpg',''),('975','423','images/2015-09-01/1441079734_97746046255e521b62f556.jpg',''),('583','297','images/2015-08-30/1440903977_62191743355e27329a97d0.jpg',''),('584','297','images/2015-08-30/1440903977_176099915955e27329d743e.jpg',''),('585','299','images/2015-08-30/1440904533_42390143855e2755531276.jpg',''),('586','299','images/2015-08-30/1440904533_155608931755e275555b1db.jpg',''),('587','300','images/2015-08-30/1440905456_178702173755e278f0d441f.jpg',''),('588','300','images/2015-08-30/1440905456_102467744155e278f0f2c68.jpg',''),('589','300','images/2015-08-30/1440905457_133359604655e278f119569.jpg',''),('590','300','images/2015-08-30/1440905457_191074847655e278f13f7c5.jpg',''),('591','301','images/2015-08-30/1440905777_131602809455e27a31d542c.jpg',''),('592','301','images/2015-08-30/1440905778_189315773255e27a3207448.jpg',''),('593','301','images/2015-08-30/1440905778_150624138255e27a321a576.jpg',''),('594','302','images/2015-08-30/1440905970_132087737155e27af2ca6b6.jpg',''),('595','302','images/2015-08-30/1440905971_45188460655e27af3040e5.jpg',''),('596','302','images/2015-08-30/1440905971_5994403655e27af31af1c.jpg',''),('597','303','images/2015-08-30/1440906261_145536796455e27c15a15de.jpg',''),('598','303','images/2015-08-30/1440906261_7544628355e27c15b8415.jpg',''),('599','303','images/2015-08-30/1440906262_120328861855e27c16368e9.jpg',''),('600','305','images/2015-08-30/1440906588_204730472555e27d5c33c2d.jpg',''),('601','305','images/2015-08-30/1440906588_124026426655e27d5c46d5b.jpg',''),('602','305','images/2015-08-30/1440906588_92321625755e27d5c8f50a.jpg',''),('603','305','images/2015-08-30/1440906588_186703280755e27d5cc0e81.jpg',''),('604','305','images/2015-08-30/1440906588_171527678155e27d5cd7cb8.jpg',''),('605','305','images/2015-08-30/1440906589_166264521755e27d5d05fcb.jpg','');/* MySQLReback Separation */
 /* 插入数据 `lx_goods_gallery` */
 INSERT INTO `lx_goods_gallery` VALUES ('988','429','images/2015-09-01/1441091595_63722501555e5500b35e19.jpeg','');/* MySQLReback Separation */
 /* 插入数据 `lx_goods_gallery` */
 INSERT INTO `lx_goods_gallery` VALUES ('987','429','images/2015-09-01/1441091378_196325916155e54f32f0202.jpg',''),('986','430','images/2015-09-01/1441091213_196190611455e54e8d43f24.jpg',''),('985','428','images/2015-09-01/1441090656_209425956655e54c60e26cd.png',''),('610','306','images/2015-08-30/1440906905_77153533055e27e999bbff.jpg',''),('611','306','images/2015-08-30/1440906905_51184566755e27e99ba448.jpg',''),('612','306','images/2015-08-30/1440906905_76617817855e27e99ebdc0.jpg',''),('613','307','images/2015-08-30/1440916164_132316573055e2a2c42f5a7.jpg',''),('614','307','images/2015-08-30/1440916164_63865142855e2a2c455803.jpg',''),('615','307','images/2015-08-30/1440916164_92302205355e2a2c47404c.jpg',''),('616','308','images/2015-08-30/1440916389_53993031155e2a3a570e83.jpg',''),('617','308','images/2015-08-30/1440916389_56317574755e2a3a58f6cd.jpg',''),('618','308','images/2015-08-30/1440916389_69944661055e2a3a5b1c20.jpg',''),('619','310','images/2015-08-30/1440917035_116526589355e2a62b32134.jpg',''),('620','310','images/2015-08-30/1440917035_26541977455e2a62b677b4.jpg',''),('625','313','images/2015-08-30/1440917998_131045747555e2a9eeec314.jpg',''),('626','313','images/2015-08-30/1440917999_35379244455e2a9ef8161f.jpg',''),('627','314','images/2015-08-30/1440918237_190557413555e2aadd3d760.jpg',''),('628','314','images/2015-08-30/1440918237_61682093455e2aadd89c18.jpg',''),('629','315','images/2015-08-30/1440919055_157331522555e2ae0fbde76.jpg',''),('630','316','images/2015-08-30/1440919634_139541510255e2b0529d616.jpg',''),('631','317','images/2015-08-30/1440919835_166605602555e2b11bcbc91.jpg',''),('632','318','images/2015-08-30/1440920141_84576205455e2b24def131.jpg',''),('633','319','images/2015-08-31/1440981403_116221676855e3a19b71e4f.jpg',''),('634','320','images/2015-08-31/1440981886_136863497555e3a37ef14a5.jpg',''),('635','322','images/2015-08-31/1440982075_13491014655e3a43b2b83a.jpg',''),('636','323','images/2015-08-31/1440982205_26221160455e3a4bd6cc56.jpg',''),('637','324','images/2015-08-31/1440982339_174209200355e3a54333f7f.jpg',''),('638','325','images/2015-08-31/1440982449_73870907455e3a5b193ae5.jpg',''),('639','326','images/2015-08-31/1440982584_137231588355e3a63847ced.jpg',''),('640','328','images/2015-08-31/1440982773_189275989355e3a6f5a3f3d.jpg',''),('641','329','images/2015-08-31/1440982910_148628924855e3a77e7a6b2.jpg',''),('642','330','images/2015-08-31/1440983031_15832290055e3a7f71b6d8.jpg',''),('643','331','images/2015-08-31/1440983197_7951673755e3a89d08df7.jpg',''),('644','332','images/2015-08-31/1440983306_64431460755e3a90ae2a77.jpg',''),('645','333','images/2015-08-31/1440983434_30663263355e3a98a87800.jpg',''),('646','327','images/2015-08-31/1440983457_87099002455e3a9a124638.jpg',''),('647','327','images/2015-08-31/1440983457_108638347855e3a9a1c86c3.jpg',''),('648','321','images/2015-08-31/1440983921_127180478455e3ab71445b4.jpg',''),('680','341','images/2015-08-31/1440989849_35770745255e3c2992179a.jpg',''),('892','407','images/2015-09-01/1441074886_60365485855e50ec65d383.jpg',''),('897','408','images/2015-09-01/1441075242_177187090855e5102a4f12b.jpg',''),('898','408','images/2015-09-01/1441075242_37376519855e5102a5e550.jpg',''),('899','408','images/2015-09-01/1441075242_138433510355e5102a6d974.jpg',''),('905','409','images/2015-09-01/1441075332_135142643355e5108447b98.jpg',''),('906','409','images/2015-09-01/1441075332_153849818955e510845acc6.jpg',''),('907','410','images/2015-09-01/1441075535_181929373855e5114f8935b.jpg',''),('908','410','images/2015-09-01/1441075535_109052130755e5114f9c489.jpg',''),('909','410','images/2015-09-01/1441075535_114270926355e5114faf5b7.jpg',''),('910','410','images/2015-09-01/1441075535_101983300955e5114fbe9dc.jpg',''),('911','410','images/2015-09-01/1441075535_145752444155e5114fd1b0a.jpg',''),('912','410','images/2015-09-01/1441075535_142513839355e5114fe0f2f.jpg',''),('913','410','images/2015-09-01/1441075535_61055773055e5114ff405d.jpg',''),('914','411','images/2015-09-01/1441075638_127594656655e511b6359b7.jpg',''),('915','411','images/2015-09-01/1441075638_211215576255e511b644ddc.jpg',''),('916','411','images/2015-09-01/1441075638_84477313955e511b657f0a.jpg',''),('917','411','images/2015-09-01/1441075638_28122415755e511b66732f.jpg',''),('918','411','images/2015-09-01/1441075638_69810609455e511b676754.jpg',''),('919','411','images/2015-09-01/1441075638_113736165755e511b685b78.jpg',''),('920','411','images/2015-09-01/1441075638_71971942455e511b691294.jpg',''),('1106','489','images/2015-09-02/1441160328_200777931455e65c888af87.png',''),('1107','489','images/2015-09-02/1441160328_77357774155e65c88c0608.png',''),('1108','489','images/2015-09-02/1441160328_186328834655e65c88dee51.png',''),('1109','490','images/2015-09-02/1441160410_107266877555e65cda6143b.jpg',''),('1110','490','images/2015-09-02/1441160410_86805026355e65cda78272.jpg',''),('1111','490','images/2015-09-02/1441160410_189557696655e65cda92db3.jpg',''),('1112','490','images/2015-09-02/1441160410_49030874355e65cdaad8f3.jpg',''),('1113','491','images/2015-09-02/1441160998_69530661355e65f263923c.png',''),('1114','491','images/2015-09-02/1441160998_68217230555e65f265f498.png','');/* MySQLReback Separation */
 /* 插入数据 `lx_goods_gallery` */
 INSERT INTO `lx_goods_gallery` VALUES ('1115','491','images/2015-09-02/1441160999_158828609355e65f2739249.png','');/* MySQLReback Separation */
 /* 插入数据 `lx_goods_gallery` */
 INSERT INTO `lx_goods_gallery` VALUES ('1116','491','images/2015-09-02/1441160999_145006436055e65f2779fe6.png',''),('1117','491','images/2015-09-02/1441160999_22741122955e65f27a0242.png',''),('1118','491','images/2015-09-02/1441160999_39130818455e65f27c2794.png',''),('1119','491','images/2015-09-02/1441161000_201360445455e65f2853d96.png',''),('1120','491','images/2015-09-02/1441161000_105387136455e65f28762e9.png',''),('1121','491','images/2015-09-02/1441161001_146686951855e65f29078eb.png',''),('1122','492','images/2015-09-02/1441161851_214430235355e6627b6d65a.png',''),('1123','492','images/2015-09-02/1441161851_118225042555e6627b975c0.png',''),('1124','492','images/2015-09-02/1441161852_167549515755e6627c6995e.png',''),('1125','492','images/2015-09-02/1441161852_87016332855e6627c938c3.png',''),('1126','492','images/2015-09-02/1441161852_46426166155e6627cccc4d.png',''),('1127','492','images/2015-09-02/1441161853_47137355e6627d0e08e.png',''),('1128','492','images/2015-09-02/1441161853_40037354255e6627d342ea.png',''),('1129','492','images/2015-09-02/1441161853_57370483255e6627d5a546.png',''),('1130','493','images/2015-09-02/1441162718_145789775555e665deb0f50.jpg',''),('1131','493','images/2015-09-02/1441162718_169357947355e665decf79a.jpg',''),('1132','493','images/2015-09-02/1441162718_5194473455e665deea2da.jpg',''),('1133','493','images/2015-09-02/1441162719_81567071755e665df148e4.jpg',''),('1134','494','images/2015-09-02/1441162837_72705035255e66655b8f56.png',''),('1135','494','images/2015-09-02/1441162838_208334514455e66656c8388.png',''),('1136','494','images/2015-09-02/1441162838_134071174955e66656f22ed.png',''),('1137','494','images/2015-09-02/1441162839_165222688255e6665724309.png',''),('1138','494','images/2015-09-02/1441162839_206650106255e666574a565.png',''),('1139','494','images/2015-09-02/1441162839_101178301055e66657781d3.png',''),('1140','494','images/2015-09-02/1441162840_33961394755e66658650b2.png',''),('1141','494','images/2015-09-02/1441162840_196237806055e666589e43c.png',''),('1142','494','images/2015-09-02/1441162840_15552612855e66658c098f.png',''),('1143','494','images/2015-09-02/1441162840_155910952755e66658e6beb.png',''),('1144','495','images/2015-09-02/1441163657_159811690055e66989c6f72.jpg',''),('1145','495','images/2015-09-02/1441163657_144087319255e66989e1ab2.jpg',''),('1146','495','images/2015-09-02/1441163658_164682789555e6698a046a9.jpg',''),('1147','495','images/2015-09-02/1441163658_120399699255e6698a1b4e0.jpg',''),('1148','496','images/2015-09-02/1441164318_66731941855e66c1e939fe.jpg',''),('1149','496','images/2015-09-02/1441164318_10919974055e66c1eb2247.jpg',''),('1150','496','images/2015-09-02/1441164318_95912631255e66c1ec907e.jpg',''),('1151','496','images/2015-09-02/1441164318_101847499655e66c1edfeb6.jpg',''),('1152','497','images/2015-09-02/1441164562_200258157155e66d120b0e6.jpg',''),('1153','498','images/2015-09-02/1441165067_106656857455e66f0bcb5f2.jpg',''),('1154','498','images/2015-09-02/1441165068_4440239855e66f0c05020.jpg',''),('1155','499','images/2015-09-02/1441165388_27571132555e6704c430b3.jpg',''),('1156','500','images/2015-09-02/1441166009_73496990555e672b92a480.jpg',''),('1157','501','images/2015-09-02/1441174251_177262486055e692ebe0712.jpg',''),('1158','501','images/2015-09-02/1441174252_186161039655e692ec0ad1c.jpg',''),('1159','502','images/2015-09-02/1441175180_101940338555e6968c65756.jpg',''),('1160','503','images/2015-09-02/1441175462_107944481955e697a65ae54.jpg',''),('1161','504','images/2015-09-02/1441176527_58178878355e69bcf882f9.jpg',''),('1162','504','images/2015-09-02/1441176527_144460924355e69bcfb9c71.jpg',''),('1163','505','images/2015-09-02/1441176923_88805184855e69d5b0f5a0.jpg',''),('1164','506','images/2015-09-02/1441178287_129577982955e6a2afa863a.jpg',''),('1165','507','images/2015-09-02/1441178787_61775598855e6a4a39ab15.jpg',''),('1166','508','images/2015-09-02/1441178859_213176323255e6a4eb5de1b.jpg',''),('1167','508','images/2015-09-02/1441178859_169178335255e6a4eb74c52.jpg',''),('1168','508','images/2015-09-02/1441178859_199729584955e6a4eb8ba8a.jpg',''),('1169','508','images/2015-09-02/1441178859_152916529255e6a4eba28c1.jpg',''),('1170','509','images/2015-09-02/1441179047_166880549255e6a5a7a3227.jpg',''),('1171','510','images/2015-09-02/1441179361_144035828255e6a6e194db6.jpg',''),('1172','510','images/2015-09-02/1441179361_177097525055e6a6e1abbed.jpg',''),('1173','510','images/2015-09-02/1441179361_161996736255e6a6e1bed1b.jpg',''),('1174','511','images/2015-09-02/1441179555_101629331155e6a7a339e8c.jpg',''),('1175','511','images/2015-09-02/1441179555_187096193555e6a7a3586d6.jpg',''),('1176','511','images/2015-09-02/1441179555_198328228255e6a7a373216.jpg',''),('1177','511','images/2015-09-02/1441179555_203009500155e6a7a38dd56.jpg',''),('1178','512','images/2015-09-02/1441179972_126482093355e6a94420825.jpg',''),('1179','513','images/2015-09-02/1441180177_168243080655e6aa115a5ef.jpg',''),('1180','513','images/2015-09-02/1441180177_206665468055e6aa118825e.jpg',''),('1181','513','images/2015-09-02/1441180177_89988154255e6aa11ae4ba.jpg',''),('1182','513','images/2015-09-02/1441180177_154085563655e6aa11d0a0c.jpg','');/* MySQLReback Separation */
 /* 插入数据 `lx_goods_gallery` */
 INSERT INTO `lx_goods_gallery` VALUES ('1183','513','images/2015-09-02/1441180177_110752195255e6aa11ef256.jpg','');/* MySQLReback Separation */
 /* 插入数据 `lx_goods_gallery` */
 INSERT INTO `lx_goods_gallery` VALUES ('1184','514','images/2015-09-02/1441180255_65933720655e6aa5fcd0ea.jpg',''),('1185','515','images/2015-09-02/1441180490_211963248455e6ab4a39043.jpg',''),('1186','515','images/2015-09-02/1441180490_17437897555e6ab4a760d6.jpg',''),('1187','515','images/2015-09-02/1441180491_9654988255e6ab4b1e50f.jpg',''),('1188','515','images/2015-09-02/1441180491_178074375955e6ab4b57899.jpg',''),('1189','516','images/2015-09-02/1441180692_171892049755e6ac147e502.jpg',''),('1190','517','images/2015-09-02/1441180896_118772347355e6ace0ed940.jpg',''),('1191','518','images/2015-09-02/1441183978_125549104555e6b8eaaebab.jpg',''),('1192','518','images/2015-09-02/1441183978_112307823155e6b8eac96eb.jpg',''),('1193','518','images/2015-09-02/1441183978_6164885855e6b8eaebc3e.jpg',''),('1194','518','images/2015-09-02/1441183979_85476745155e6b8eb16248.jpg',''),('1195','519','images/2015-09-02/1441184781_118392936155e6bc0d6c92c.jpg',''),('1196','519','images/2015-09-02/1441184781_95300738355e6bc0d96891.jpg',''),('1197','519','images/2015-09-02/1441184781_91813488355e6bc0dcbf12.jpg',''),('1198','519','images/2015-09-02/1441184782_16046477855e6bc0e05940.jpg',''),('1199','521','images/2015-09-02/1441185484_104268822255e6becca05ca.jpg',''),('1200','521','images/2015-09-02/1441185484_180385222755e6beccbee13.jpg',''),('1201','521','images/2015-09-02/1441185485_195055633055e6becd13382.jpg',''),('1202','522','images/2015-09-02/1441186042_53973812555e6c0facfe1e.jpg',''),('1203','522','images/2015-09-02/1441186042_77943332755e6c0fb01e3a.jpg',''),('1204','523','images/2015-09-02/1441186497_118112384555e6c2c1b699e.jpg',''),('1205','523','images/2015-09-02/1441186497_127276625355e6c2c1d8ef1.jpg',''),('1206','523','images/2015-09-02/1441186497_43281176255e6c2c1efd28.jpg',''),('1207','524','images/2015-09-02/1441186815_187552224055e6c3ff4cc83.jpg',''),('1208','524','images/2015-09-02/1441186815_113241266255e6c3ff6b4cc.jpg',''),('1209','524','images/2015-09-02/1441186815_63128606455e6c3ff7e5fa.jpg',''),('1210','525','images/2015-09-02/1441187094_21494986755e6c516a1940.jpg',''),('1211','525','images/2015-09-02/1441187094_74456496955e6c516c3e93.jpg',''),('1212','525','images/2015-09-02/1441187094_133123784855e6c516eddf8.jpg',''),('1213','525','images/2015-09-02/1441187095_145385742455e6c51723b1e.jpg',''),('1214','526','images/2015-09-02/1441187364_163132049955e6c6242859a.jpg',''),('1215','526','images/2015-09-02/1441187364_126122292555e6c62446de4.jpg',''),('1216','526','images/2015-09-02/1441187364_44862876755e6c6246562d.jpg',''),('1217','527','images/2015-09-02/1441187663_79144247055e6c74f43fce.jpg',''),('1218','527','images/2015-09-02/1441187663_19295000055e6c74f71c3c.jpg',''),('1219','528','images/2015-09-03/1441238436_103246001455e78da460f3b.jpg',''),('1220','529','images/2015-09-03/1441239198_25545551055e7909e98bd6.jpg',''),('1221','530','images/2015-09-03/1441239422_170690083255e7917e087ab.jpg',''),('1222','531','images/2015-09-03/1441239569_10361958055e79211553bd.jpg',''),('1223','533','images/2015-09-03/1441240281_51107779855e794d90efa8.jpg',''),('1224','534','images/2015-09-03/1441240592_9231389855e796105c3ec.jpg',''),('1225','535','images/2015-09-03/1441240777_78450937955e796c951611.jpg',''),('1226','536','images/2015-09-03/1441240890_164860808655e7973ae2b15.jpg',''),('1227','537','images/2015-09-03/1441241573_169620375655e799e5badd6.jpg',''),('1228','538','images/2015-09-03/1441243730_211466461255e7a2529f45d.jpg',''),('1229','539','images/2015-09-03/1441259903_49792267355e7e17fec844.jpg',''),('1230','540','images/2015-09-03/1441260026_47183535455e7e1fa1ee79.jpg',''),('1231','541','images/2015-09-03/1441260266_1342202455e7e2ea04f39.jpg',''),('1232','542','images/2015-09-03/1441260518_49692075455e7e3e62441c.png',''),('1233','543','images/2015-09-03/1441260653_27295831255e7e46da6615.jpg',''),('1234','544','images/2015-09-03/1441260710_47360774755e7e4a6c142f.jpg',''),('1235','545','images/2015-09-03/1441260996_99642166355e7e5c462c96.jpg',''),('1236','546','images/2015-09-03/1441261066_94274263655e7e60a53bf1.jpg',''),('1237','547','images/2015-09-03/1441261169_105856314255e7e6712debb.jpg',''),('1238','548','images/2015-09-03/1441261220_59200669855e7e6a4674d2.png',''),('1239','549','images/2015-09-03/1441263213_181407653355e7ee6d69b6f.png',''),('1240','549','images/2015-09-03/1441263213_117842739955e7ee6d8fdcb.png',''),('1241','549','images/2015-09-03/1441263214_103209269455e7ee6e250d6.png',''),('1242','549','images/2015-09-03/1441263214_71811509255e7ee6e5a757.png',''),('1243','549','images/2015-09-03/1441263214_176312763455e7ee6eae622.png',''),('1244','550','images/2015-09-03/1441264132_95354714555e7f204cfc52.png',''),('1245','550','images/2015-09-03/1441264132_208150334955e7f20501c6e.png',''),('1246','550','images/2015-09-03/1441264133_178053203055e7f20527eca.png',''),('1247','551','images/2015-09-03/1441265637_53675959055e7f7e5067a1.png',''),('1248','551','images/2015-09-03/1441265637_69018086455e7f7e52c9fd.png',''),('1249','551','images/2015-09-03/1441265637_163589310155e7f7e556962.png',''),('1250','551','images/2015-09-03/1441265637_149793642055e7f7e5808c7.png','');/* MySQLReback Separation */
 /* 插入数据 `lx_goods_gallery` */
 INSERT INTO `lx_goods_gallery` VALUES ('1251','552','images/2015-09-03/1441266930_13330575855e7fcf2eb966.png','');/* MySQLReback Separation */
 /* 插入数据 `lx_goods_gallery` */
 INSERT INTO `lx_goods_gallery` VALUES ('1252','552','images/2015-09-03/1441266931_175804486555e7fcf3384c2.png',''),('1253','552','images/2015-09-03/1441266931_48217763855e7fcf35e71e.png',''),('1254','552','images/2015-09-03/1441266931_49636591655e7fcf393d9f.png',''),('1255','552','images/2015-09-03/1441266931_210982957555e7fcf3b25e9.png',''),('1256','553','images/2015-09-03/1441267383_52517653355e7feb748f81.png',''),('1257','553','images/2015-09-03/1441267383_145918870555e7feb7677ca.png',''),('1258','553','images/2015-09-03/1441267383_193782644355e7feb791730.png',''),('1259','553','images/2015-09-03/1441267383_15165221355e7feb7bb695.png',''),('1260','553','images/2015-09-03/1441267384_212420721655e7feb80befa.png',''),('1261','554','images/2015-09-03/1441267694_23195247655e7ffee09171.png',''),('1262','554','images/2015-09-03/1441267694_185889191155e7ffee23cb2.png',''),('1263','554','images/2015-09-03/1441267694_127959268055e7ffee46204.png',''),('1264','554','images/2015-09-03/1441267694_61618810855e7ffee73e73.png',''),('1265','554','images/2015-09-03/1441267694_180270075455e7ffeeb8918.png',''),('1266','555','images/2015-09-03/1441268117_28467476755e80195ccf6d.png',''),('1267','555','images/2015-09-03/1441268118_168378107655e801969b602.png',''),('1268','555','images/2015-09-03/1441268118_157366676955e80196ccf7a.png',''),('1269','555','images/2015-09-03/1441268119_9265310355e8019702c9f.png',''),('1270','555','images/2015-09-03/1441268119_39005247455e801972cc04.png',''),('1271','556','images/2015-09-03/1441268718_109576117755e803eeac827.png',''),('1272','556','images/2015-09-03/1441268718_211382627055e803eeda495.png',''),('1273','556','images/2015-09-03/1441268719_98125977555e803ef26ff2.png',''),('1274','556','images/2015-09-03/1441268719_178878452255e803ef50f57.png',''),('1275','557','images/2015-09-03/1441269501_182168215855e806fd21cf9.jpg',''),('1292','561','images/2015-09-04/1441326865_32446954755e8e71162a18.png',''),('1278','558','images/2015-09-03/1441273894_211760951755e8182701c3e.png',''),('1279','558','images/2015-09-03/1441273895_95761740655e8182724190.png',''),('1280','558','images/2015-09-03/1441273895_14075036155e818274a3ec.png',''),('1281','559','images/2015-09-04/1441325787_84882010155e8e2dbf4098.png',''),('1282','559','images/2015-09-04/1441325788_52053858655e8e2dc260b4.png',''),('1283','559','images/2015-09-04/1441325788_34638268755e8e2dc53d23.png',''),('1284','559','images/2015-09-04/1441325788_59439068555e8e2dc79f7f.png',''),('1285','559','images/2015-09-04/1441325788_90048677755e8e2dca7bed.png',''),('1286','560','images/2015-09-04/1441326294_186741217155e8e4d673eb9.png',''),('1287','560','images/2015-09-04/1441326294_148074062855e8e4d69de1e.png',''),('1288','560','images/2015-09-04/1441326294_162433263055e8e4d6c407a.png',''),('1289','560','images/2015-09-04/1441326294_57511489255e8e4d6e28c4.png',''),('1290','560','images/2015-09-04/1441326295_69925970255e8e4d7091c4.png',''),('1294','561','images/2015-09-04/1441326865_135937187655e8e711c1ffe.png',''),('1295','562','images/2015-09-04/1441328244_55102390255e8ec74d5916.jpg',''),('1296','562','images/2015-09-04/1441328245_213643637555e8ec75bade2.jpg',''),('1297','562','images/2015-09-04/1441328245_164778542755e8ec75f0463.png',''),('1298','562','images/2015-09-04/1441328246_12498445355e8ec763cfc0.jpg',''),('1303','565','images/2015-09-04/1441330373_131179717155e8f4c5e3d9c.jpg',''),('1300','564','images/2015-09-04/1441329429_72837971955e8f1150f16e.png',''),('1301','564','images/2015-09-04/1441329429_165773023455e8f11579e70.png',''),('1302','564','images/2015-09-04/1441329440_163915192055e8f12035457.jpg',''),('1304','565','images/2015-09-04/1441330374_172152984155e8f4c60a69c.jpg',''),('1305','565','images/2015-09-04/1441330374_164283802055e8f4c634601.jpg',''),('1306','566','images/2015-09-04/1441330848_144799238955e8f6a0e1852.jpg',''),('1307','566','images/2015-09-04/1441330849_206299761155e8f6a10fb65.jpg',''),('1308','567','images/2015-09-04/1441357844_164022345355e960141f680.jpg',''),('1309','568','images/2015-09-04/1441358029_52871146355e960cd3ab00.jpg',''),('1310','570','images/2015-09-04/1441358128_146978356355e961301c7aa.jpg',''),('1311','571','images/2015-09-04/1441358255_127323023655e961af8b80e.jpg',''),('1312','571','images/2015-09-04/1441358255_13930782155e961afc88a1.jpg',''),('1313','571','images/2015-09-04/1441358256_137078135555e961b0116f4.jpg',''),('1314','573','images/2015-09-04/1441358393_135483522055e962399f022.jpg',''),('1315','573','images/2015-09-04/1441358393_211199570455e96239dc0b6.jpg',''),('1316','572','images/2015-09-04/1441358432_134760727055e9626062182.jpg',''),('1317','574','images/2015-09-04/1441358449_168178143355e9627115da4.jpg',''),('1318','575','images/2015-09-04/1441358502_195487153555e962a6bdddf.jpg',''),('1319','577','images/2015-09-04/1441358593_112246175355e96301d50a3.jpg',''),('1320','576','images/2015-09-04/1441358611_128655912055e963135ed6c.jpg',''),('1321','569','images/2015-09-04/1441358785_47026809155e963c116e71.jpg',''),('1322','578','images/2015-09-04/1441358798_35370807455e963ce2a045.jpg',''),('1323','579','images/2015-09-05/1441416989_22941441955ea471d5e299.jpg','');/* MySQLReback Separation */
 /* 插入数据 `lx_goods_gallery` */
 INSERT INTO `lx_goods_gallery` VALUES ('1324','579','images/2015-09-05/1441416989_32329669855ea471d7cae3.jpg','');/* MySQLReback Separation */
 /* 插入数据 `lx_goods_gallery` */
 INSERT INTO `lx_goods_gallery` VALUES ('1325','579','images/2015-09-05/1441416989_83194698955ea471d9b32c.png',''),('1326','580','images/2015-09-05/1441417806_181387245755ea4a4e1fdd6.jpg',''),('1327','580','images/2015-09-05/1441417806_214126844255ea4a4e5ce6a.jpg',''),('1328','580','images/2015-09-05/1441417806_108602944655ea4a4e99efd.jpg',''),('1329','580','images/2015-09-05/1441417806_155600196355ea4a4ed6f90.jpg',''),('1330','580','images/2015-09-05/1441417807_154705397255ea4a4f5175b.jpg',''),('1331','580','images/2015-09-05/1441417807_18458716155ea4a4f8e7ee.jpg',''),('1332','580','images/2015-09-05/1441417807_39119784155ea4a4fcb881.jpg',''),('1333','580','images/2015-09-05/1441417808_103013132455ea4a50146d4.jpg',''),('1334','580','images/2015-09-05/1441417808_18014973055ea4a5051768.jpg',''),('1335','582','images/2015-09-05/1441418435_29387210455ea4cc3ba6ba.jpg',''),('1336','582','images/2015-09-05/1441418436_112851285955ea4cc40350d.jpg',''),('1337','582','images/2015-09-05/1441418436_159261099455ea4cc4405a0.jpg',''),('1338','582','images/2015-09-05/1441418436_46868133655ea4cc49fb86.jpg',''),('1339','582','images/2015-09-05/1441418436_69188958055ea4cc4dcc19.jpg',''),('1340','582','images/2015-09-05/1441418437_102528863655ea4cc525a6c.jpg',''),('1341','581','images/2015-09-05/1441418476_170929587455ea4cec72118.jpg',''),('1342','583','images/2015-09-05/1441418759_78336608755ea4e07509eb.jpg',''),('1343','583','images/2015-09-05/1441418759_9640723555ea4e078da7e.jpg',''),('1344','583','images/2015-09-05/1441418759_43234401955ea4e07cab12.jpg',''),('1345','583','images/2015-09-05/1441418760_49321783555ea4e081766e.jpg',''),('1346','583','images/2015-09-05/1441418760_98376077855ea4e0854701.jpg',''),('1347','584','images/2015-09-05/1441419123_176724003455ea4f7301a5d.jpg',''),('1348','585','images/2015-09-05/1441419483_72464193755ea50db9b5cd.jpg',''),('1349','585','images/2015-09-05/1441419483_209432138555ea50dbd8660.jpg',''),('1350','585','images/2015-09-05/1441419484_4212258055ea50dc8c1b5.jpg',''),('1351','585','images/2015-09-05/1441419484_73057400955ea50dcc9248.jpg',''),('1352','585','images/2015-09-05/1441419485_138944235855ea50dd1209c.jpg',''),('1353','585','images/2015-09-05/1441419485_195639949455ea50dd4f12f.jpg',''),('1354','585','images/2015-09-05/1441419485_186990140155ea50dd8fecb.jpg',''),('1355','585','images/2015-09-05/1441419485_14108007355ea50ddccf5e.jpg',''),('1356','585','images/2015-09-05/1441419486_20198652855ea50de15db2.jpg',''),('1357','586','images/2015-09-05/1441421441_175264681555ea588132da9.jpg',''),('1358','587','images/2015-09-05/1441421562_196730674155ea58fa23f91.jpg',''),('1359','588','images/2015-09-05/1441421656_32753691855ea59588b43c.jpg',''),('1360','589','images/2015-09-05/1441421727_213930661155ea599f2c1e3.jpg',''),('1361','590','images/2015-09-05/1441422867_175954368355ea5e13a9c0a.jpg',''),('1362','591','images/2015-09-05/1441423428_147107844155ea6044d9485.jpg',''),('1363','592','images/2015-09-05/1441423521_193554601955ea60a15bafc.jpg',''),('1364','593','images/2015-09-05/1441423639_88889348655ea6117bb6c8.jpg',''),('1365','594','images/2015-09-05/1441423717_128674326255ea61650c307.jpg',''),('1366','595','images/2015-09-05/1441423841_13868763355ea61e11bd5f.jpg',''),('1367','596','images/2015-09-05/1441423959_32226036855ea6257687fe.jpg',''),('1368','597','images/2015-09-05/1441424034_116481216055ea62a2e69ed.jpg',''),('1369','598','images/2015-09-05/1441424119_32436143155ea62f7a2388.jpg',''),('1370','599','images/2015-09-05/1441424208_214356277455ea6350933d6.jpg',''),('1371','600','images/2015-09-05/1441424315_63462129255ea63bb699ca.jpg',''),('1372','601','images/2015-09-05/1441424388_55658551655ea64043c102.jpg',''),('1373','602','images/2015-09-05/1441424474_180179634255ea645ac97a4.jpg',''),('1374','603','images/2015-09-05/1441424548_46417789455ea64a46e27a.jpg',''),('1375','604','images/2015-09-05/1441424633_72460685155ea64f9891fa.jpg',''),('1376','604','images/2015-09-05/1441424633_112251676055ea64f9c2584.jpg',''),('1377','604','images/2015-09-05/1441424634_47268669955ea64fa0b3d8.jpg',''),('1378','605','images/2015-09-05/1441424730_73708316855ea655a48938.jpg',''),('1379','605','images/2015-09-05/1441424730_122746109955ea655a81cc2.jpg',''),('1380','606','images/2015-09-05/1441436348_126704525055ea92bcc49f2.JPG','');/* MySQLReback Separation */
 /* 创建表结构 `lx_goods_group` */
 DROP TABLE IF EXISTS `lx_goods_group`;/* MySQLReback Separation */ CREATE TABLE `lx_goods_group` (
  `id` int(10) unsigned NOT NULL AUTO_INCREMENT COMMENT '导航分组ID',
  `navtype` varchar(255) NOT NULL,
  PRIMARY KEY (`id`)
) ENGINE=MyISAM AUTO_INCREMENT=10 DEFAULT CHARSET=utf8;/* MySQLReback Separation */
 /* 插入数据 `lx_goods_group` */
 INSERT INTO `lx_goods_group` VALUES ('1','家居'),('2','食品'),('3','服装'),('4','旅游'),('5','娱乐'),('6','美妆'),('7','家电'),('8','数码'),('9','交通工具');/* MySQLReback Separation */
 /* 创建表结构 `lx_goods_type` */
 DROP TABLE IF EXISTS `lx_goods_type`;/* MySQLReback Separation */ CREATE TABLE `lx_goods_type` (
  `type_id` int(11) unsigned NOT NULL AUTO_INCREMENT,
  `type_name` varchar(255) NOT NULL DEFAULT '' COMMENT '类型名称',
  PRIMARY KEY (`type_id`)
) ENGINE=MyISAM AUTO_INCREMENT=29 DEFAULT CHARSET=utf8 COMMENT='商品类型表';/* MySQLReback Separation */
 /* 插入数据 `lx_goods_type` */
 INSERT INTO `lx_goods_type` VALUES ('14','化妆品'),('13','手机'),('15','数码产品'),('16','女装'),('17','家居'),('18','笔记本'),('19','鞋'),('21','女鞋'),('22','男装'),('23','家电'),('24','男鞋'),('25','食品'),('26','包包'),('27','手机'),('28','梳妆台');/* MySQLReback Separation */
 /* 创建表结构 `lx_link_goods` */
 DROP TABLE IF EXISTS `lx_link_goods`;/* MySQLReback Separation */ CREATE TABLE `lx_link_goods` (
  `id` int(10) unsigned NOT NULL AUTO_INCREMENT,
  `goods_id` int(10) unsigned NOT NULL,
  `link_goods_id` int(10) unsigned NOT NULL,
  `admin_id` int(10) unsigned NOT NULL,
  PRIMARY KEY (`id`)
) ENGINE=MyISAM AUTO_INCREMENT=523 DEFAULT CHARSET=utf8;/* MySQLReback Separation */
 /* 插入数据 `lx_link_goods` */
 INSERT INTO `lx_link_goods` VALUES ('64','138','137','0'),('65','139','139','0'),('66','140','140','0'),('67','140','137','0'),('68','142','139','0'),('69','145','145','0'),('70','144','142','0'),('71','144','139','0'),('72','146','146','0'),('73','146','144','0'),('74','152','150','0'),('75','151','148','0'),('76','155','136','0'),('77','156','143','0'),('78','157','143','0'),('79','159','147','0'),('80','161','136','0'),('81','163','157','0'),('82','163','152','0'),('83','165','163','0'),('84','166','164','0'),('85','167','157','0'),('86','167','155','0'),('87','169','166','0'),('88','168','151','0'),('89','168','148','0'),('90','170','162','0'),('91','171','170','0'),('92','172','171','0'),('93','173','151','0'),('94','175','174','0'),('95','176','175','0'),('96','176','174','0'),('97','177','176','0'),('98','177','175','0'),('99','177','174','0'),('100','178','177','0'),('101','178','176','0'),('102','178','175','0'),('103','178','174','0'),('104','179','178','0'),('105','179','177','0'),('106','179','176','0'),('107','179','175','0'),('108','179','174','0'),('109','180','179','0'),('110','180','178','0'),('111','180','177','0'),('112','180','176','0'),('113','180','175','0'),('114','180','174','0'),('115','181','180','0'),('116','181','179','0'),('117','181','177','0'),('118','181','176','0'),('119','181','175','0'),('120','181','174','0'),('121','190','189','0'),('122','193','0','0'),('123','197','196','0'),('124','198','197','0'),('125','198','196','0'),('126','199','198','0'),('127','199','197','0'),('128','199','196','0'),('129','200','199','0'),('130','200','198','0'),('131','200','197','0'),('132','200','196','0'),('133','201','200','0'),('134','201','199','0'),('135','201','198','0'),('136','201','197','0'),('137','201','196','0'),('138','202','201','0'),('139','202','200','0'),('140','202','198','0'),('141','203','202','0'),('142','203','201','0'),('143','204','203','0'),('144','204','202','0'),('145','204','201','0'),('146','205','204','0'),('147','205','203','0'),('148','206','205','0'),('149','206','204','0'),('150','207','206','0'),('151','207','205','0'),('152','207','204','0'),('153','208','207','0'),('154','208','206','0'),('155','208','204','0'),('156','209','208','0'),('157','209','207','0'),('158','210','209','0'),('159','210','208','0'),('160','210','206','0'),('170','211','209','22'),('169','211','210','22'),('168','211','208','22'),('190','221','219','22'),('189','212','204','22'),('188','212','210','22'),('187','212','211','22'),('171','211','207','22'),('172','213','213','22'),('173','213','138','22'),('174','213','137','22'),('175','214','213','22'),('176','214','140','22'),('177','214','138','22'),('178','214','137','22'),('179','216','140','22'),('180','216','138','22'),('181','216','137','22'),('191','221','211','22'),('186','220','209','53'),('185','220','212','53'),('192','222','222','57'),('193','222','220','57'),('194','222','212','57'),('195','222','210','57'),('196','222','209','57'),('197','223','222','57'),('198','223','223','57'),('199','223','222','57'),('200','224','0','59'),('201','225','0','60'),('202','228','225','62'),('203','229','0','62'),('204','230','0','62'),('205','231','0','62'),('206','232','0','61'),('207','233','0','61'),('208','234','0','61'),('210','235','235','61'),('211','235','234','61'),('212','235','233','61'),('213','235','232','61'),('214','235','0','61'),('215','236','236','64'),('216','236','224','64'),('217','241','0','65'),('218','242','0','65'),('219','243','0','65'),('220','244','0','65'),('221','245','244','65'),('222','245','243','65'),('223','245','242','65'),('224','245','241','65'),('225','245','240','65'),('226','245','239','65'),('227','245','237','65'),('228','246','0','65'),('229','248','0','65'),('230','249','0','65'),('231','250','0','65'),('232','251','0','65'),('233','252','0','65'),('234','253','0','65'),('235','254','0','65'),('236','255','0','65'),('237','257','0','65'),('238','258','0','65'),('239','256','0','60'),('240','259','0','65'),('241','260','0','65'),('242','261','0','65'),('243','262','0','65'),('244','263','0','65'),('245','264','0','65'),('246','265','0','65'),('247','266','0','65'),('248','267','0','65'),('249','268','0','65'),('250','269','0','65'),('251','270','0','65'),('252','271','0','65'),('253','272','0','65'),('254','273','0','65'),('255','274','0','65'),('256','275','0','65'),('257','276','0','65'),('258','277','0','65'),('259','278','0','65'),('260','279','0','65'),('261','280','0','65'),('262','281','0','65'),('263','282','0','68'),('267','283','279','68'),('266','283','281','68'),('268','285','0','65'),('269','286','0','65'),('270','287','0','65'),('271','288','0','65'),('272','289','0','65'),('273','290','0','65'),('274','291','0','65'),('275','292','0','65'),('276','293','0','65'),('277','295','0','65'),('278','296','0','65'),('279','294','294','59'),('280','297','0','65'),('281','299','0','65'),('282','300','0','65'),('283','301','0','65'),('284','302','0','65'),('285','303','0','65'),('286','305','0','65'),('287','304','304','59'),('288','306','0','65'),('289','307','0','65'),('290','310','0','65'),('291','311','0','65'),('292','312','0','65'),('293','313','0','65'),('294','314','0','65'),('295','315','0','65'),('296','316','0','65'),('297','317','0','65'),('298','318','0','65'),('299','319','0','65'),('300','320','0','65'),('301','322','0','65');/* MySQLReback Separation */
 /* 插入数据 `lx_link_goods` */
 INSERT INTO `lx_link_goods` VALUES ('302','323','0','65');/* MySQLReback Separation */
 /* 插入数据 `lx_link_goods` */
 INSERT INTO `lx_link_goods` VALUES ('303','324','0','65'),('304','325','0','65'),('305','326','0','65'),('306','328','0','65'),('307','329','0','65'),('308','330','0','65'),('309','331','0','65'),('310','332','0','65'),('313','327','327','64'),('312','333','0','65'),('314','327','327','64'),('315','334','0','69'),('316','335','0','65'),('317','336','0','65'),('318','337','0','65'),('319','338','0','65'),('320','339','0','65'),('321','340','0','65'),('322','341','0','65'),('323','342','0','65'),('324','343','0','65'),('325','344','0','65'),('326','345','0','65'),('327','346','0','65'),('328','347','0','65'),('329','348','0','65'),('330','349','0','65'),('331','350','0','65'),('332','351','0','65'),('333','352','0','65'),('334','353','0','65'),('335','354','0','65'),('336','355','0','65'),('337','356','0','65'),('338','357','0','65'),('339','358','0','65'),('340','359','0','65'),('341','360','0','65'),('342','363','0','65'),('343','364','0','65'),('344','365','0','65'),('345','366','0','65'),('346','367','0','65'),('347','368','0','65'),('348','369','0','65'),('349','371','0','65'),('350','372','0','65'),('351','373','0','65'),('352','374','0','65'),('353','375','0','65'),('354','376','0','65'),('355','377','0','65'),('356','378','0','65'),('357','380','0','65'),('358','381','381','59'),('359','381','370','59'),('360','381','304','59'),('361','381','294','59'),('362','382','0','65'),('363','383','0','65'),('364','384','0','65'),('365','385','385','59'),('366','385','381','59'),('367','385','370','59'),('368','385','304','59'),('369','385','294','59'),('370','388','0','64'),('371','389','389','59'),('372','390','0','64'),('373','391','0','69'),('374','392','0','64'),('375','393','0','64'),('376','394','0','64'),('377','396','0','64'),('378','397','0','64'),('379','398','0','64'),('380','399','0','64'),('381','400','0','64'),('382','402','0','64'),('383','403','0','64'),('384','404','0','64'),('385','405','0','64'),('386','406','0','64'),('387','407','0','64'),('388','408','0','64'),('389','409','0','64'),('390','410','0','64'),('391','411','0','64'),('392','414','0','64'),('393','415','0','64'),('394','417','0','64'),('395','418','0','64'),('396','419','0','64'),('397','422','0','76'),('398','424','0','76'),('399','425','0','76'),('400','426','0','76'),('401','427','0','76'),('402','428','0','76'),('403','430','0','76'),('404','433','0','79'),('405','434','0','79'),('406','436','0','79'),('407','437','0','79'),('408','438','0','79'),('409','439','0','79'),('410','440','0','79'),('411','441','0','79'),('412','442','442','59'),('413','442','432','59'),('414','442','429','59'),('415','443','443','70'),('416','445','0','76'),('417','446','443','70'),('418','448','0','80'),('419','449','0','80'),('420','450','0','80'),('421','451','0','80'),('422','453','0','80'),('423','454','0','80'),('424','452','0','59'),('425','455','0','80'),('426','456','0','80'),('427','457','0','59'),('428','461','0','78'),('429','463','0','78'),('430','464','0','78'),('431','465','0','78'),('432','466','0','78'),('433','467','0','78'),('434','468','0','78'),('435','469','0','78'),('436','478','0','65'),('437','479','0','65'),('438','480','0','65'),('439','481','0','78'),('440','483','0','64'),('441','490','0','64'),('442','493','0','64'),('443','495','0','64'),('444','496','0','64'),('445','508','0','64'),('446','511','0','64'),('447','513','0','64'),('448','528','0','65'),('449','529','0','65'),('450','530','0','65'),('451','531','0','65'),('452','533','0','65'),('453','534','0','65'),('454','535','0','65'),('455','536','0','65'),('456','537','0','65'),('457','538','0','65'),('458','539','0','65'),('459','540','0','65'),('460','541','0','65'),('461','542','0','65'),('462','543','0','65'),('463','544','0','65'),('464','545','0','65'),('465','546','0','65'),('466','547','0','65'),('467','548','0','65'),('468','549','0','64'),('469','550','0','64'),('470','551','0','64'),('471','552','0','64'),('472','553','0','64'),('473','554','0','64'),('474','555','0','64'),('475','556','0','64'),('476','558','0','64'),('477','559','556','64'),('478','559','555','64'),('479','559','554','64'),('480','559','553','64'),('481','559','552','64'),('482','559','551','64'),('483','559','550','64'),('484','559','549','64'),('485','560','0','64'),('486','561','0','64'),('487','562','0','64'),('488','564','0','64'),('489','565','0','65'),('490','566','0','65'),('491','567','0','83'),('492','568','0','83'),('493','570','0','83'),('494','571','0','83'),('495','572','0','83'),('496','572','0','83'),('497','573','0','83'),('498','575','0','83'),('499','577','0','83'),('500','580','0','83'),('501','582','0','83'),('502','583','0','83'),('503','585','0','83'),('504','587','0','83'),('505','588','0','83'),('506','589','0','83'),('507','590','0','83'),('508','591','0','83'),('509','592','0','83'),('510','593','0','83'),('511','594','0','83'),('512','595','0','83'),('513','596','0','83'),('514','597','0','83'),('515','598','0','83'),('516','599','0','83'),('517','600','0','83'),('518','601','0','83'),('519','602','0','83'),('520','603','0','83'),('521','604','0','83'),('522','605','0','83');/* MySQLReback Separation */
 /* 创建表结构 `lx_navigation` */
 DROP TABLE IF EXISTS `lx_navigation`;/* MySQLReback Separation */ CREATE TABLE `lx_navigation` (
  `id` int(11) unsigned NOT NULL AUTO_INCREMENT COMMENT '导航id',
  `nav_name` varchar(255) NOT NULL COMMENT '导航名称',
  `nav_url` varchar(255) NOT NULL,
  `sort` varchar(255) NOT NULL COMMENT '导航排序',
  `type` varchar(255) NOT NULL COMMENT '导航类别',
  PRIMARY KEY (`id`)
) ENGINE=MyISAM AUTO_INCREMENT=4 DEFAULT CHARSET=utf8;/* MySQLReback Separation */
 /* 创建表结构 `lx_order_goods` */
 DROP TABLE IF EXISTS `lx_order_goods`;/* MySQLReback Separation */ CREATE TABLE `lx_order_goods` (
  `rec_id` int(11) unsigned NOT NULL AUTO_INCREMENT COMMENT '自增id',
  `order_id` int(11) unsigned NOT NULL DEFAULT '0' COMMENT '订单id',
  `goods_id` int(11) unsigned NOT NULL DEFAULT '0' COMMENT '商品id',
  `goods_name` varchar(255) NOT NULL DEFAULT '' COMMENT '商品名称',
  `goods_sn` varchar(60) NOT NULL DEFAULT '' COMMENT '商品编号',
  `goods_number` smallint(5) unsigned NOT NULL DEFAULT '1' COMMENT '商品数量',
  `market_price` decimal(10,2) NOT NULL DEFAULT '0.00' COMMENT '售价',
  `goods_price` decimal(10,2) NOT NULL DEFAULT '0.00' COMMENT '进价',
  `goods_attr` text NOT NULL COMMENT '商品属性',
  `is_real` tinyint(1) unsigned NOT NULL DEFAULT '0' COMMENT '是否为虚拟商品',
  `goods_attr_id` int(8) unsigned NOT NULL COMMENT '''商品属性id''',
  PRIMARY KEY (`rec_id`),
  KEY `order_id` (`order_id`),
  KEY `goods_id` (`goods_id`)
) ENGINE=MyISAM AUTO_INCREMENT=89 DEFAULT CHARSET=utf8;/* MySQLReback Separation */
 /* 插入数据 `lx_order_goods` */
 INSERT INTO `lx_order_goods` VALUES ('47','46','144','小米 note','08200103','1','2999.00','0.00','','0','241'),('48','46','144','小米 note','08200103','1','2999.00','0.00','','0','239'),('49','47','153','秋季新款男式骷髅印花短袖T恤 纯棉街头潮流','CA200156974 ','2','99.00','0.00','','0','263'),('50','48','184','卡姿兰大眼睛睫毛膏','9745252122','1','986.00','0.00','','0','316'),('51','49','170','统一 微食刻衡百分百果蔬汁','96586522','1','44.00','0.00','','0','300'),('52','50','140','热卖女式落肩翻边袖百搭短款T恤','CAECD114010888','1','34.00','0.00','','0','225'),('53','51','169','小当家干吃面美味持久好吃不贵','89556225665','1','6.00','0.00','','0','301'),('54','51','162','小茗同学','58963252','4','5.00','0.00','','0','287'),('55','52','171','海之言250mL夏日特惠','9852345566','1','63.00','0.00','','0','299'),('56','52','162','小茗同学','58963252','1','5.00','0.00','','0','287'),('57','53','140','热卖女式落肩翻边袖百搭短款T恤','CAECD114010888','1','34.00','0.00','','0','225'),('58','54','171','海之言250mL夏日特惠','9852345566','1','63.00','0.00','','0','299'),('59','54','162','小茗同学','58963252','1','5.00','0.00','','0','287'),('60','55','142','红米 Note','08200102','1','799.00','0.00','','0','230'),('61','56','140','热卖女式落肩翻边袖百搭短款T恤','CAECD114010888','1','36.00','0.00','','0','226'),('62','57','162','小茗同学','58963252','2','5.00','0.00','','0','287'),('63','57','171','海之言250mL夏日特惠','9852345566','2','63.00','0.00','','0','299'),('64','58','140','热卖女式落肩翻边袖百搭短款T恤','CAECD114010888','1','36.00','0.00','','0','226'),('65','59','162','小茗同学','58963252','2','5.00','0.00','','0','287'),('66','59','171','海之言250mL夏日特惠','9852345566','2','63.00','0.00','','0','299'),('67','60','142','红米 Note','08200102','1','799.00','0.00','','0','229'),('68','61','209','洗衣机','1232356789','1','889.00','0.00','','0','341'),('69','62','209','洗衣机','1232356789','1','889.00','0.00','','0','341'),('70','63','209','洗衣机','1232356789','1','889.00','0.00','','0','341'),('71','64','209','洗衣机','1232356789','1','889.00','0.00','','0','341'),('72','65','209','洗衣机','1232356789','1','889.00','0.00','','0','341'),('73','66','184','卡姿兰大眼睛睫毛膏','9745252122','1','986.00','0.00','','0','316'),('74','67','171','海之言250mL夏日特惠','9852345566','1','63.00','0.00','','0','299'),('75','67','164','统一 小浣熊干脆面香辣蟹味46g 捏碎面点心面','9658235896','1','62.00','0.00','','0','303'),('76','68','144','小米 note','08200103','1','2999.00','0.00','','0','238'),('77','69','197','马尔代夫七日游','123456782','1','2345.00','0.00','','0','329'),('78','70','139','红米 Note2','08200101','2','799.00','0.00','','0','223'),('79','71','178','宜家大床','9856555565','1','985556.00','0.00','','0','310'),('80','72','138','CA2015女式可脱卸牛仔背带裤 纯棉猫须磨白毛边','CA200150692','1','199.00','0.00','','0','219'),('81','73','142','红米 Note','08200102','1','799.00','0.00','','0','230'),('82','74','178','宜家大床','9856555565','1','985556.00','0.00','','0','310'),('83','75','178','宜家大床','9856555565','1','985556.00','0.00','','0','310'),('84','76','142','红米 Note','08200102','2','799.00','0.00','','0','229'),('85','77','153','秋季新款男式骷髅印花短袖T恤 纯棉街头潮流','CA200156974 ','1','99.00','0.00','','0','263'),('86','78','137','2015秋装新款女式天丝披肩式风衣挽袖工装外套','CA200157963','1','499.00','0.00','','0','216'),('87','79','144','小米 note','08200103','2','2999.00','0.00','','0','238'),('88','80','285','安慕希','00000001','1','60.00','0.00','','0','422');/* MySQLReback Separation */
 /* 创建表结构 `lx_order_info` */
 DROP TABLE IF EXISTS `lx_order_info`;/* MySQLReback Separation */ CREATE TABLE `lx_order_info` (
  `order_id` int(11) unsigned NOT NULL AUTO_INCREMENT COMMENT '订单id',
  `order_sn` varchar(20) NOT NULL DEFAULT '' COMMENT '订单编号',
  `provider_id` int(11) unsigned NOT NULL COMMENT '供货商id',
  `user_id` int(11) unsigned NOT NULL DEFAULT '0' COMMENT '用户id',
  `fw_id` int(10) unsigned DEFAULT NULL COMMENT '转交的服务网点id',
  `agency_id` int(11) unsigned NOT NULL DEFAULT '0' COMMENT '推荐人id',
  `shipping_id` int(11) unsigned NOT NULL DEFAULT '0' COMMENT '送货人id',
  `order_status` tinyint(3) unsigned NOT NULL DEFAULT '0' COMMENT '0：提交未支付；1，配货中；2，已发货；3，已取消；4，退货中；5，已退货；6：已完成；',
  `shipping_status` tinyint(1) unsigned NOT NULL DEFAULT '0' COMMENT '物流状态',
  `pay_status` tinyint(1) unsigned NOT NULL DEFAULT '0' COMMENT '支付状态 0:未支付；1：支付；2：退款',
  `consignee` varchar(60) NOT NULL DEFAULT '' COMMENT '收货人',
  `country_p_c` varchar(255) NOT NULL DEFAULT '0' COMMENT '省市区',
  `address` varchar(255) NOT NULL DEFAULT '' COMMENT '收货地址',
  `tel` varchar(60) NOT NULL DEFAULT '' COMMENT '联系电话',
  `email` varchar(60) NOT NULL DEFAULT '' COMMENT '邮箱',
  `postscript` varchar(255) NOT NULL DEFAULT '' COMMENT '订单备注',
  `pay_id` int(11) unsigned NOT NULL DEFAULT '0' COMMENT '支付号',
  `pay_name` tinyint(2) unsigned NOT NULL DEFAULT '0' COMMENT '支付方式',
  `goods_amount` smallint(5) unsigned NOT NULL DEFAULT '0' COMMENT '商品数量',
  `order_amount` decimal(10,2) unsigned NOT NULL DEFAULT '0.00' COMMENT '订单总金额',
  `add_time` int(10) unsigned NOT NULL DEFAULT '0' COMMENT '添加时间',
  `confirm_time` int(10) unsigned NOT NULL DEFAULT '0' COMMENT '确认时间',
  `pay_time` int(10) unsigned NOT NULL DEFAULT '0' COMMENT '付款时间',
  `cost_fee` decimal(10,2) unsigned NOT NULL COMMENT '成本价',
  `profit` decimal(10,2) unsigned NOT NULL COMMENT '利润',
  `score` varchar(8) DEFAULT NULL COMMENT '积分支付比例',
  `pici_sn` varchar(255) DEFAULT NULL COMMENT '批次订单号',
  `is_comment` tinyint(1) unsigned DEFAULT '0',
  PRIMARY KEY (`order_id`),
  UNIQUE KEY `order_sn` (`order_sn`),
  KEY `user_id` (`user_id`),
  KEY `order_status` (`order_status`),
  KEY `shipping_status` (`shipping_status`),
  KEY `pay_status` (`pay_status`),
  KEY `shipping_id` (`shipping_id`),
  KEY `pay_id` (`pay_id`),
  KEY `agency_id` (`agency_id`)
) ENGINE=MyISAM AUTO_INCREMENT=81 DEFAULT CHARSET=utf8;/* MySQLReback Separation */
 /* 插入数据 `lx_order_info` */
 INSERT INTO `lx_order_info` VALUES ('46','SN55232020150822934','23','34','','24','0','3','0','0','ssss123456','山西省太原市万柏林区','fghjkk','15236817351','','告诉卖家您的特殊要求;告诉卖家您的特殊要求;','0','0','2','5998.00','1440080635','0','0','5000.00','998.00','','SN55232020150822734','0'),('47','SN31092120150817533','22','33','','26','0','3','0','0','念小七','河南省郑州市二七区','建业舞动大楼','15890052554','','告诉卖家您的特殊要求;','0','0','2','198.00','1440148171','0','0','180.00','18.00','','SN31092120150817233','0'),('48','SN31092120150817733','35','33','','26','0','3','0','0','念小七','河南省郑州市二七区','建业舞动大楼','15890052554','','告诉卖家您的特殊要求;','0','0','1','986.00','1440148171','0','0','980.00','6.00','','SN31092120150817233','0'),('49','SN36172120150817633','29','33','','26','0','4','0','1','念小七','河南省郑州市二七区','建业舞动大楼','15890052554','','不想买了','0','2','1','44.00','1440148656','0','1440148660','444.00','0.00','100','SN36172120150817433','0'),('50','SN27212120150817233','22','33','','26','0','3','0','0','念小七','河南省郑州市二七区','建业舞动大楼','15890052554','','告诉卖家您的特殊要求;','0','0','1','34.00','1440148887','0','0','30.00','4.00','','SN27212120150817733','0'),('51','SN27212120150817933','29','33','','26','0','1','0','1','念小七','河南省郑州市二七区','建业舞动大楼','15890052554','','告诉卖家您的特殊要求;告诉卖家您的特殊要求;','0','2','5','26.00','1440148887','0','1440150588','14.00','12.00','100','SN27212120150817733','0'),('52','SN30472120150817233','29','33','','26','0','1','0','1','念小七','河南省郑州市二七区','建业舞动大楼','15890052554','','告诉卖家您的特殊要求;告诉卖家您的特殊要求;','0','2','2','68.00','1440150450','0','1440150457','33.00','35.00','100','SN30472120150817233','0'),('53','SN18522120150817733','22','33','','26','0','1','0','1','念小七','河南省郑州市二七区','建业舞动大楼','15890052554','','告诉卖家您的特殊要求;','0','2','1','34.00','1440150738','0','1440151966','30.00','4.00','100','SN18522120150817933','0'),('54','SN18522120150817833','29','33','','26','0','1','0','1','念小七','河南省郑州市二七区','建业舞动大楼','15890052554','','告诉卖家您的特殊要求;告诉卖家您的特殊要求;','0','2','2','68.00','1440150738','0','1440151914','33.00','35.00','100','SN18522120150817933','0'),('55','SN53532120150817434','23','34','','24','0','1','0','1','ssss','江苏省南通市如东县','fghhjjjkkjfff','15236817351','','告诉卖家您的特殊要求;','0','2','1','799.00','1440150833','0','1440152846','500.00','299.00','100','SN53532120150817734','0'),('56','SN33222120150818933','22','33','','26','0','1','0','1','念小七','河南省郑州市二七区','建业舞动大楼','15890052554','','告诉卖家您的特殊要求;','0','2','1','36.00','1440152553','0','1440152559','30.00','6.00','100','SN33222120150818933','0'),('57','SN33222120150818833','29','33','','26','0','1','0','1','念小七','河南省郑州市二七区','建业舞动大楼','15890052554','','告诉卖家您的特殊要求;告诉卖家您的特殊要求;','0','2','4','136.00','1440152553','0','1440152559','66.00','70.00','100','SN33222120150818933','0'),('58','SN20482220150814933','22','33','','26','27','6','2','1','念小七','河南省郑州市二七区','建业舞动大楼','15890052554','','告诉卖家您的特殊要求;','0','2','1','36.00','1440226100','0','1440226106','30.00','6.00','100','SN20482220150814933','1'),('59','SN20482220150814733','29','33','','26','27','6','2','1','念小七','河南省郑州市二七区','建业舞动大楼','15890052554','','告诉卖家您的特殊要求;告诉卖家您的特殊要求;','0','2','4','136.00','1440226100','0','1440226106','66.00','70.00','100','SN20482220150814933','1'),('60','SN37302220150815733','23','33','','26','0','3','0','0','念小七','河南省郑州市二七区','建业舞动大楼','15890052554','','告诉卖家您的特殊要求;','0','0','1','799.00','1440228637','0','0','500.00','299.00','','SN37302220150815633','0'),('61','SN51342420150810941','22','41','','17','0','3','0','0','1223','河北省邢台市邢台县','1212232','15236817351','','告诉卖家您的特殊要求;','0','0','1','889.00','1440383691','0','0','451.00','438.00','','SN51342420150810341','0'),('62','SN46352420150814133','22','33','','26','0','1','0','1','念小七','河南省郑州市二七区','建业舞动大楼','15890052554','','告诉卖家您的特殊要求;','0','2','1','889.00','1440398146','0','1440398151','451.00','438.00','100','SN46352420150814233','0'),('63','SN55222420150816133','22','33','','26','0','1','0','1','念小七','河南省郑州市二七区','建业舞动大楼','15890052554','','告诉卖家您的特殊要求;','0','2','1','889.00','1440404575','0','1440404580','451.00','438.00','100','SN55222420150816933','0');/* MySQLReback Separation */
 /* 插入数据 `lx_order_info` */
 INSERT INTO `lx_order_info` VALUES ('64','SN55342420150816433','22','33','','26','0','1','0','1','念小七','河南省郑州市二七区','建业舞动大楼','15890052554','','告诉卖家您的特殊要求;','0','2','1','889.00','1440405295','0','1440405299','451.00','438.00','100','SN55342420150816733','0');/* MySQLReback Separation */
 /* 插入数据 `lx_order_info` */
 INSERT INTO `lx_order_info` VALUES ('65','SN59422420150816733','22','33','','26','0','3','0','0','念小七','河南省郑州市二七区','建业舞动大楼','15890052554','','告诉卖家您的特殊要求;','0','0','1','889.00','1440405779','0','0','451.00','438.00','','SN59422420150816133','0'),('66','SN45392420150817633','35','33','','26','27','6','2','1','念小七','河南省郑州市二七区','建业舞动大楼','15890052554','','告诉卖家您的特殊要求;','0','2','1','986.00','1440409185','1440733129','1440409191','980.00','6.00','100','SN45392420150817833','1'),('67','SN45392420150817933','29','33','','26','0','3','0','0','念小七','河南省郑州市二七区','建业舞动大楼','15890052554','','告诉卖家您的特殊要求;告诉卖家您的特殊要求;','0','0','2','125.00','1440409185','0','0','90.00','35.00','','SN45392420150817833','0'),('68','SN17092420150819334','23','34','','24','0','1','0','1','ssss','江苏省南通市如东县','fghhjjjkkjfff','15236817351','','告诉卖家您的特殊要求;','0','2','1','2999.00','1440414557','0','1440414563','2500.00','499.00','100','SN17092420150819034','0'),('69','SN39032420150821942','22','42','','34','0','3','0','0','1234567','天津市市辖区河西区','的发发发','13126589654','','沃尔沃惹我;','0','0','1','2345.00','1440421419','0','0','1231.00','1114.00','','SN39032420150821842','0'),('70','SN02222420150821042','23','42','','34','0','0','0','0','1234567','天津市市辖区河西区','的发发发','13126589654','','大大松;','0','0','2','1598.00','1440422522','0','0','1300.00','298.00','','SN02222420150821842','0'),('71','SN04212520150814146','30','46','','26','0','3','0','0','张啸辰','北京市市辖县延庆县','213123123123','18537161646','','告诉卖家您的特殊要求;','0','0','1','985556.00','1440483664','0','0','6522.00','979034.00','','SN04212520150814246','0'),('72','SN57582520150815533','22','33','','26','0','1','0','1','念小七','河南省郑州市二七区','建业舞动大楼','15890052554','','告诉卖家您的特殊要求;','0','2','1','199.00','1440489537','0','1440733114','190.00','9.00','10','SN57582520150815633','0'),('73','SN22182620150809841','23','41','','17','0','0','0','0','1223','河北省邢台市邢台县','1212232','15236817351','','告诉卖家您的特殊要求;','0','0','1','799.00','1440551902','0','0','500.00','299.00','','SN22182620150809141','0'),('74','SN08382620150810434','30','34','','24','0','3','0','0','ssss','江苏省南通市如东县','fghhjjjkkjfff','15236817351','','告诉卖家您的特殊要求;','0','0','1','985556.00','1440556688','0','0','6522.00','979034.00','','SN08382620150810534','0'),('75','SN23412620150816046','30','46','','26','0','0','0','0','张啸辰','北京市市辖县延庆县','213123123123','18537161646','','告诉卖家您的特殊要求;','0','0','1','985556.00','1440578483','0','0','6522.00','979034.00','','SN23412620150816746','0'),('76','SN17362820150811633','23','33','','26','0','1','0','1','念小七','河南省郑州市二七区','建业舞动大楼','15890052554','','告诉卖家您的特殊要求;','0','2','2','1598.00','1440732977','0','1440733030','1000.00','598.00','10','SN17362820150811533','0'),('77','SN52372820150811933','22','33','','26','0','1','0','1','念小七','河南省郑州市二七区','建业舞动大楼','15890052554','','告诉卖家您的特殊要求;','0','2','1','99.00','1440733072','0','1440733077','90.00','9.00','10','SN52372820150811933','0'),('78','SN12142820150812556','22','56','','55','0','0','0','0','张楠','河南省新乡市长垣县','UUUUU','13700736120','','告诉卖家您的特殊要求;','0','0','1','499.00','1440735252','0','0','490.00','9.00','','SN12142820150812656','0'),('79','SN28152920150814133','23','33','','26','0','0','0','0','1234','辽宁省沈阳市皇姑区','111','15890052554','','告诉卖家您的特殊要求;','0','0','2','5998.00','1440828928','0','0','5000.00','998.00','','SN28152920150814333','0'),('80','SN49540420150908782','65','82','','81','0','0','0','0','张超楠','河南省新乡市长垣县','蒲东区罗镇屯西头','13700731202','','告诉卖家您的特殊要求;','0','0','1','60.00','1441328089','0','0','52.00','8.00','','SN49540420150908782','0');/* MySQLReback Separation */
 /* 创建表结构 `lx_orderlist` */
 DROP TABLE IF EXISTS `lx_orderlist`;/* MySQLReback Separation */ CREATE TABLE `lx_orderlist` (
  `id` int(11) NOT NULL AUTO_INCREMENT,
  `ordid` varchar(255) DEFAULT NULL,
  `ordfee` float(10,2) DEFAULT '0.00',
  `ordstatus` int(11) DEFAULT '0',
  `payment_trade_no` varchar(255) DEFAULT NULL,
  `payment_trade_status` varchar(255) DEFAULT NULL,
  `payment_notify_id` varchar(255) DEFAULT NULL,
  `payment_notify_time` varchar(255) DEFAULT NULL,
  `payment_buyer_email` varchar(255) DEFAULT NULL,
  PRIMARY KEY (`id`)
) ENGINE=MyISAM AUTO_INCREMENT=5 DEFAULT CHARSET=utf8;/* MySQLReback Separation */
 /* 创建表结构 `lx_shop_config` */
 DROP TABLE IF EXISTS `lx_shop_config`;/* MySQLReback Separation */ CREATE TABLE `lx_shop_config` (
  `shop_id` int(11) NOT NULL AUTO_INCREMENT,
  `ghs_id` int(11) NOT NULL,
  `shop_name` varchar(100) COLLATE utf8_unicode_ci NOT NULL,
  `shop_title` varchar(100) COLLATE utf8_unicode_ci NOT NULL,
  `shop_desc` char(255) COLLATE utf8_unicode_ci NOT NULL,
  `shop_keywords` char(150) COLLATE utf8_unicode_ci NOT NULL,
  `shop_shx` char(50) COLLATE utf8_unicode_ci NOT NULL,
  `shop_detail` char(150) COLLATE utf8_unicode_ci NOT NULL,
  `shop_logo` varchar(255) COLLATE utf8_unicode_ci NOT NULL,
  `shop_qq` varchar(255) COLLATE utf8_unicode_ci DEFAULT NULL,
  PRIMARY KEY (`shop_id`)
) ENGINE=MyISAM AUTO_INCREMENT=55 DEFAULT CHARSET=utf8 COLLATE=utf8_unicode_ci;/* MySQLReback Separation */
 /* 插入数据 `lx_shop_config` */
 INSERT INTO `lx_shop_config` VALUES ('23','25','阿依莲','做美丽的女人','为爱美的你打造最美的你','阿依莲','江苏省南京市玄武区','泰康路90号','./link/2015-08-19/55d49652a534f.jpg','2350794144'),('24','24','美丽女装成女神','女神的选择','主卖商品各种女生衣服','女装','江苏省南京市下关区','江苏省南京市下关区33街','./link/2015-08-20/55d57d9fc1d7c.png','15377768882'),('25','22','C&amp;A官方旗舰店','C&amp;A官方旗舰店','C&amp;A官方旗舰店','C&amp;A官方旗舰店','省份地级市市、县级市','C&amp;A官方旗舰店','./link/2015-08-28/55dfd4131d5a6.jpg','98756546556'),('28','23','小米官方旗舰店','小米正品','绝对的正品，超低的价格，你值得拥有！','小米 红米 小米 Note','省份地级市市、县级市','上海市浦东新区第六大街55号','./link/2015-08-21/55d6f0d18fa83.jpg','2394657462'),('27','29','海之蓝1','','','','','','',''),('29','30','爱丽思家居店','爱丽思家居店爱丽思家居店爱丽思家居店','爱丽思家居店爱丽思家居店爱丽思家居店爱丽思家居店','爱丽思家居店爱丽思家居店爱丽思家居店爱丽思家居店','上海市上海市卢湾区','我是爱丽思家居店','./link/2015-08-21/55d6956401d9e.jpg',''),('35','31','方特欢乐园','方特欢乐园','方特欢乐园','方特欢乐园','上海市上海市黄浦区','方特欢乐园','./link/2015-08-21/55d699293e168.jpg','方特欢乐园'),('31','32','途牛旅游','途牛旅游','途牛旅游','途牛旅游','上海市上海市黄浦区','途牛旅游','./link/2015-08-21/55d69d47ed0b9.jpg',''),('32','35','海之蓝2','','','','','','',''),('33','36','gdgdgdg ','gsjsgs ','djhdd','gdjgbdjh','上海市上海市黄浦区','6666','./link/2015-08-21/55d6a59d29885.jpg','8756256354'),('34','37','HAUIHUFH','HSAUHDND','HSUAHN','HUDSHN','上海市上海市黄浦区','HYSDISHDJ','./link/2015-08-21/55d6a7b945ec5.jpg','9878654655'),('36','39','阿里旅游','阿里旅游','阿里旅游','阿里旅游','上海市上海市黄浦区','阿里旅游','./link/2015-08-22/55d84fb71032b.jpg','98792232322'),('37','50','','','','','','','',''),('54','57','诚信果业','诚信果业','dd','dd','河南省新乡市长垣县','风格很关键','./link/2015-08-28/55dffcc73dea6.jpg','5728274545'),('39','59','海之澜官方美妆',' 韩妆代购     个人护理   专业彩妆   男士护理       ','  全部正品    假一赔十','韩妆','河南省新乡市长垣县','海之澜官方美妆','./link/2015-08-30/55e265501143b.jpg','572827454'),('40','60','语微曼内衣','语微曼内衣专卖','语微曼调整型内衣一定让每个女人穿的舒适，性感，靓丽，让你更加具有女人味！穿起来更加稳固不跑位，调整不束缚，内置按摩设计，收副乳效果更胜一筹！','语微曼让每个女人更加性感，靓丽，更加具有女人味！','省份地级市市、县级市','河南省新乡市长垣县','./link/2015-08-30/55e2552808278.jpg','2752277418'),('41','62','和平里超市','所有商品，假一赔十，物美价廉，全县最低','、、、一个电话，免费到家、、、','超市','省份地级市市、县级市','软件开发与销售：电子数码产品批发、零售：国内广告制作与发布：五金、化妆品、日用百货批发、零售：工艺品、化工原料及产品（危险化学品除外）、通讯设备、仪器仪表、机电设备及配件、食品批发、零售','./link/2015-08-29/55e11c0e8ef66.jpg','1599699030'),('42','61','美特斯邦威 ','美特斯邦威 ','美特斯邦威','美特斯邦威 不走寻常路','河南省新乡市长垣县','美特斯邦威 不走寻常路','./link/2015-08-29/55e11d61478aa.jpg','36467351'),('44','64','雅宝经典家具','雅宝经典家居','雅宝家具是一家专业化的连锁家具企业。雅宝家具一直致力于发展中、高档板式、实木家具设计、生产、销售。下面我们一起来了解一下雅宝家具怎么样及雅宝家具价格情况。','雅宝家具是一家专业化的连锁家具企业。雅宝家具一直致力于发展中、高档板式、实木家具设计、生产、销售。下面我们一起来了解一下雅宝家具怎么样及雅宝家具价格情况。','河南省新乡市长垣县','雅宝家具是一家专业化的连锁家具企业。雅宝家具一直致力于发展中、高档板式、实木家具设计、生产、销售。下面我们一起来了解一下雅宝家具怎么样及雅宝家具价格情况。','./link/2015-08-29/55e16f1a6a66d.jpg','2934770075'),('43','63','drded','dddd','gffdff','ffff','河南省新乡市长垣县','ffffff','./link/2015-08-29/55e11981d9377.jpg','572827454'),('45','65','海之澜生活馆','海之澜生活馆','海之澜生活馆','海之澜生活馆','省份地级市市、县级市','海之澜生活馆','./link/2015-08-29/55e18b9bec048.jpg','36467351');/* MySQLReback Separation */
 /* 插入数据 `lx_shop_config` */
 INSERT INTO `lx_shop_config` VALUES ('46','69','海之澜手机专卖','手机之家，海量优质选择。—“机”不可失','主营苹果、三星、华为、小米、魅族、黑莓、OPPO等知名品牌。','海之澜手机专卖','省份地级市市、县级市','价格优惠、品质保障、优秀服务、您的购机首选。','./link/2015-08-30/55e2b55a95f61.jpg','1250707644');/* MySQLReback Separation */
 /* 插入数据 `lx_shop_config` */
 INSERT INTO `lx_shop_config` VALUES ('47','70','','','','','','','',''),('48','72','','','','','','','',''),('49','78','海之澜旅行社','海之澜旅行社','海之澜旅行社','海之澜旅行社','省份地级市市、县级市','海之澜旅行社','./link/2015-09-01/55e573ffd4585.jpg','36467351'),('50','76','','','','','','','',''),('51','79','','','','','','','',''),('52','80','','','','','','','',''),('53','83','佳乐佳','佳乐佳','佳乐佳','佳乐佳','河南省新乡市长垣县','佳乐佳','./link/2015-09-04/55e96524f173d.jpg','36467351');/* MySQLReback Separation */
 /* 创建表结构 `lx_sys_config` */
 DROP TABLE IF EXISTS `lx_sys_config`;/* MySQLReback Separation */ CREATE TABLE `lx_sys_config` (
  `id` int(11) unsigned NOT NULL AUTO_INCREMENT COMMENT '系统常量id',
  `config_name` varchar(255) NOT NULL,
  `config_value` varchar(255) NOT NULL,
  `u_id` int(11) NOT NULL,
  `type` enum('开启','关闭') DEFAULT '关闭',
  `h_type` enum('商品','代金卷') DEFAULT NULL,
  `h_title` varchar(200) DEFAULT NULL COMMENT '主要是活动的时候增加的标题',
  `ks` varchar(20) DEFAULT NULL,
  `js` varchar(20) DEFAULT NULL,
  PRIMARY KEY (`id`)
) ENGINE=MyISAM AUTO_INCREMENT=9 DEFAULT CHARSET=utf8;/* MySQLReback Separation */
 /* 插入数据 `lx_sys_config` */
 INSERT INTO `lx_sys_config` VALUES ('1','J_M','15','85','关闭','','','',''),('2','SC_H','20','85','关闭','代金卷','','',''),('3','SJ_H','1','85','开启','代金卷','','2015-09-09 21:53','2015-10-13 17:55'),('4','SC_H','/public/plugs/pe/001/15-09-09/1441794466897.jpg','85','关闭','商品','送妹子了','',''),('8','SJ_H','/public/plugs/pe/001/15-09-09/1441794712612.jpg','85','关闭','商品','妹子','2015-09-16 17:53','2015-09-16 22:55');/* MySQLReback Separation */
 /* 创建表结构 `lx_user` */
 DROP TABLE IF EXISTS `lx_user`;/* MySQLReback Separation */ CREATE TABLE `lx_user` (
  `id` int(10) unsigned NOT NULL AUTO_INCREMENT,
  `name` varchar(50) NOT NULL DEFAULT '',
  `c_name` varchar(50) DEFAULT NULL COMMENT '真实姓名',
  `password` varchar(33) DEFAULT NULL,
  `email` varchar(30) DEFAULT NULL,
  `phone` varchar(20) DEFAULT NULL,
  `address` varchar(255) NOT NULL DEFAULT '' COMMENT '省市区街道',
  `jf` varchar(10) DEFAULT '0',
  `dj_jf` varchar(10) DEFAULT '0',
  `yj` varchar(255) DEFAULT '0',
  `dj_yj` varchar(252) DEFAULT '0',
  `grand` varchar(3) DEFAULT NULL,
  `user_up` int(10) DEFAULT NULL,
  `up_id` int(10) DEFAULT NULL,
  `r_time` int(11) DEFAULT NULL,
  `l_time` int(11) DEFAULT NULL,
  `user_addr` varchar(200) DEFAULT NULL COMMENT '详细地址',
  `status` tinyint(2) unsigned DEFAULT NULL,
  `pic` varchar(255) DEFAULT NULL COMMENT '图像',
  `nic` varchar(255) DEFAULT NULL COMMENT '昵称',
  `sex` varchar(4) DEFAULT NULL,
  `sort` varchar(255) DEFAULT NULL,
  PRIMARY KEY (`id`)
) ENGINE=MyISAM AUTO_INCREMENT=86 DEFAULT CHARSET=utf8;/* MySQLReback Separation */
 /* 插入数据 `lx_user` */
 INSERT INTO `lx_user` VALUES ('15','hzl','小王','MDAwMDAwMDAwMICFptuv0H2y','','','','0','0','0','0','99','3','','1439945837','1441423120','','1','','','',''),('84','郑州测试','','MDAwMDAwMDAwMLOFdax+mrCx','','','2197-2198','0','0','0','0','3','','','1441608919','','郑州测试信息','1','','','',''),('85','全部','','MDAwMDAwMDAwMK6Mp6mwnH2u','','','','0','0','0','0','100','84','','1441608965','1441850259','','1','','','','');/* MySQLReback Separation */
 /* 创建表结构 `lx_user_addrs` */
 DROP TABLE IF EXISTS `lx_user_addrs`;/* MySQLReback Separation */ CREATE TABLE `lx_user_addrs` (
  `id` int(10) unsigned NOT NULL AUTO_INCREMENT,
  `aid` int(10) DEFAULT NULL,
  `ts` char(200) DEFAULT NULL,
  `name` varchar(20) NOT NULL,
  `area` varchar(150) NOT NULL,
  `postcode` varchar(6) NOT NULL,
  `status` enum('弃用','记录','默认') DEFAULT '记录',
  `xxxx` varchar(200) DEFAULT NULL,
  `lianxi` char(15) DEFAULT NULL,
  PRIMARY KEY (`id`)
) ENGINE=MyISAM AUTO_INCREMENT=35 DEFAULT CHARSET=utf8;/* MySQLReback Separation */
 /* 插入数据 `lx_user_addrs` */
 INSERT INTO `lx_user_addrs` VALUES ('18','34','','ssss','山西省太原市杏花岭区','123456','记录','dgjjkklvb','15236817351'),('19','34','','ssss123456','山西省太原市万柏林区','123456','记录','fghjkk','15236817351'),('21','34','','ssss','江苏省南通市如东县','123456','默认','fghhjjjkkjfff','15236817351'),('31','56','','WANG','河南省新乡市长垣县','453400','记录','UUUUU
','65555555'),('23','41','','1223','河北省邢台市邢台县','123456','默认','1212232','15236817351'),('24','42','','','山西省太原市市辖区','','记录','额外人父亲违反',''),('25','42','','','吉林省白城市大安市','','记录','发改委给我',''),('26','42','','2342','吉林省白城市大安市','456742','记录','的发发',''),('27','42','','2342','吉林省白城市大安市','456742','记录','的发发','13526356236'),('28','42','','24234','河北省石家庄市桥东区','423424','记录','打发','13236598653'),('29','42','','1234567','天津市市辖区河西区','456321','默认','的发发发','13126589654'),('30','46','','张啸辰','北京市市辖县延庆县','450007','默认','213123123123','18537161646'),('32','56','','张楠','河南省新乡市长垣县','453400','默认','UUUUU','13700736120'),('33','33','','1234','辽宁省沈阳市皇姑区','450000','默认','111','15890052554'),('34','82','','张超楠','河南省新乡市长垣县','453400','默认','蒲东区罗镇屯西头','13700731202');/* MySQLReback Separation */
 /* 创建表结构 `lx_user_ghs` */
 DROP TABLE IF EXISTS `lx_user_ghs`;/* MySQLReback Separation */ CREATE TABLE `lx_user_ghs` (
  `id` int(10) unsigned NOT NULL AUTO_INCREMENT,
  `title` varchar(30) DEFAULT NULL,
  `sort` smallint(3) unsigned DEFAULT NULL,
  `brand_id` tinyint(10) unsigned DEFAULT NULL,
  PRIMARY KEY (`id`)
) ENGINE=MyISAM DEFAULT CHARSET=utf8;/* MySQLReback Separation */
 /* 创建表结构 `lx_user_ghs_gn` */
 DROP TABLE IF EXISTS `lx_user_ghs_gn`;/* MySQLReback Separation */ CREATE TABLE `lx_user_ghs_gn` (
  `id` int(11) unsigned NOT NULL AUTO_INCREMENT,
  `goods_attr_id` int(11) unsigned NOT NULL COMMENT '商品属性id',
  `up_id` int(11) NOT NULL,
  `sp_id` int(11) NOT NULL,
  `startnum` int(11) unsigned DEFAULT '0',
  `c_time` timestamp NOT NULL DEFAULT '0000-00-00 00:00:00' ON UPDATE CURRENT_TIMESTAMP,
  `content` enum('添加商品','删除商品','修改商品','单独下架','批量下架','卖出','删除属性','订单返回') NOT NULL,
  `endnum` int(11) NOT NULL,
  PRIMARY KEY (`id`)
) ENGINE=MyISAM AUTO_INCREMENT=948 DEFAULT CHARSET=utf8;/* MySQLReback Separation */
 /* 插入数据 `lx_user_ghs_gn` */
 INSERT INTO `lx_user_ghs_gn` VALUES ('189','214','24','135','0','2015-08-20 14:13:26','添加商品','100'),('190','215','24','135','0','2015-08-20 14:16:03','添加商品','100'),('191','216','22','137','0','2015-08-20 14:19:43','添加商品','250'),('192','217','22','137','0','2015-08-20 14:19:58','添加商品','240'),('193','219','22','138','0','2015-08-20 14:28:24','添加商品','560'),('194','220','22','138','0','2015-08-20 14:28:44','添加商品','960'),('195','221','22','138','0','2015-08-20 14:28:56','添加商品','630'),('196','222','23','139','0','2015-08-20 14:30:57','添加商品','2000'),('197','223','23','139','0','2015-08-20 14:31:15','添加商品','2000'),('198','224','23','139','0','2015-08-20 14:31:28','添加商品','2000'),('199','225','22','140','0','2015-08-20 14:40:14','添加商品','562'),('200','226','22','140','0','2015-08-20 14:40:22','添加商品','562'),('201','227','22','140','0','2015-08-20 14:40:30','添加商品','562'),('202','228','22','140','0','2015-08-20 14:40:37','添加商品','562'),('203','215','24','135','100','2015-08-20 14:43:51','删除属性','0'),('204','229','23','142','0','2015-08-20 14:50:44','添加商品','5000'),('205','230','23','142','0','2015-08-20 14:50:48','添加商品','5000'),('206','231','23','142','0','2015-08-20 14:50:51','添加商品','5000'),('207','232','22','141','0','2015-08-20 14:51:14','添加商品','630'),('208','233','22','141','0','2015-08-20 14:51:23','添加商品','630'),('209','234','22','141','0','2015-08-20 14:51:31','添加商品','630'),('210','235','24','143','0','2015-08-20 14:54:38','添加商品','150'),('211','236','24','143','0','2015-08-20 14:55:08','添加商品','120'),('212','237','24','143','0','2015-08-20 14:55:29','添加商品','120'),('213','238','23','144','0','2015-08-20 14:57:34','添加商品','2000'),('214','239','23','144','0','2015-08-20 14:57:41','添加商品','2000'),('215','240','23','144','0','2015-08-20 14:57:45','添加商品','2000'),('216','241','23','144','0','2015-08-20 14:57:48','添加商品','2000'),('217','242','22','145','0','2015-08-20 14:58:51','添加商品','65'),('218','243','23','146','0','2015-08-20 15:04:48','添加商品','5000'),('219','244','23','146','0','2015-08-20 15:05:10','添加商品','5000'),('220','245','24','147','0','2015-08-20 15:16:50','添加商品','120'),('221','246','24','147','0','2015-08-20 15:17:17','添加商品','350'),('222','247','24','148','0','2015-08-20 15:25:18','添加商品','120'),('223','248','24','148','0','2015-08-20 15:25:42','添加商品','130'),('224','249','24','149','0','2015-08-20 15:32:26','添加商品','150'),('225','250','24','149','0','2015-08-20 15:32:36','添加商品','150'),('226','251','24','149','0','2015-08-20 15:32:42','添加商品','150'),('227','252','22','150','0','2015-08-20 15:40:29','添加商品','96'),('228','253','22','150','0','2015-08-20 15:40:33','添加商品','96'),('229','254','22','150','0','2015-08-20 15:40:36','添加商品','96'),('230','255','22','150','0','2015-08-20 15:40:40','添加商品','96'),('231','256','24','151','0','2015-08-20 15:46:19','添加商品','100'),('232','257','24','151','0','2015-08-20 15:46:29','添加商品','100'),('233','258','22','152','0','2015-08-20 15:46:29','添加商品','50'),('234','259','24','151','0','2015-08-20 15:46:32','添加商品','100'),('235','260','22','152','0','2015-08-20 15:46:36','添加商品','100'),('236','261','22','152','0','2015-08-20 15:46:40','添加商品','100'),('237','262','22','152','0','2015-08-20 15:46:44','添加商品','100'),('238','263','22','153','0','2015-08-20 15:59:20','添加商品','96'),('239','264','22','153','0','2015-08-20 15:59:27','添加商品','968'),('240','267','24','155','0','2015-08-20 16:20:27','添加商品','120'),('241','268','24','155','0','2015-08-20 16:20:31','添加商品','120'),('242','269','24','155','0','2015-08-20 16:20:40','添加商品','130'),('243','270','24','156','0','2015-08-20 16:29:35','添加商品','150'),('244','271','24','156','0','2015-08-20 16:29:46','添加商品','150'),('245','272','24','156','0','2015-08-20 16:29:51','添加商品','150'),('246','273','24','157','0','2015-08-20 16:37:25','添加商品','150'),('247','274','24','157','0','2015-08-20 16:37:30','添加商品','150'),('248','275','24','157','0','2015-08-20 16:37:34','添加商品','150'),('249','276','24','158','0','2015-08-20 16:41:45','添加商品','150'),('250','277','24','158','0','2015-08-20 16:41:50','添加商品','150'),('251','278','24','158','0','2015-08-20 16:42:00','添加商品','150'),('252','279','24','159','0','2015-08-20 16:47:24','添加商品','100'),('253','280','24','159','0','2015-08-20 16:47:30','添加商品','100'),('254','281','24','159','0','2015-08-20 16:47:35','添加商品','100'),('255','282','24','160','0','2015-08-20 17:02:28','添加商品','520'),('256','283','24','160','0','2015-08-20 17:02:31','添加商品','520'),('257','284','24','160','0','2015-08-20 17:02:35','添加商品','520'),('258','285','24','161','0','2015-08-20 17:07:02','添加商品','200'),('259','286','24','161','0','2015-08-20 17:07:07','添加商品','200');/* MySQLReback Separation */
 /* 插入数据 `lx_user_ghs_gn` */
 INSERT INTO `lx_user_ghs_gn` VALUES ('260','287','29','162','0','2015-08-20 17:14:55','添加商品','536966'),('261','288','24','163','0','2015-08-20 17:20:15','添加商品','100'),('262','289','24','163','0','2015-08-20 17:20:22','添加商品','100'),('263','290','24','165','0','2015-08-20 17:26:31','添加商品','500'),('264','291','24','165','0','2015-08-20 17:26:36','添加商品','500'),('265','292','24','165','0','2015-08-20 17:26:44','添加商品','500'),('266','293','24','167','0','2015-08-20 17:31:06','添加商品','123'),('267','294','24','167','0','2015-08-20 17:31:09','添加商品','123'),('268','295','24','167','0','2015-08-20 17:31:14','添加商品','123'),('269','296','24','168','0','2015-08-20 17:41:24','添加商品','100'),('270','297','24','168','0','2015-08-20 17:41:36','添加商品','100'),('271','304','24','173','0','2015-08-20 18:16:02','添加商品','123'),('272','305','24','173','0','2015-08-20 18:16:06','添加商品','123'),('273','299','29','171','','2015-08-20 18:49:37','修改商品','956'),('274','303','29','164','','2015-08-21 09:18:33','修改商品','98'),('275','306','30','174','0','2015-08-21 10:09:11','添加商品','8'),('276','307','30','175','0','2015-08-21 10:18:38','添加商品','2222'),('277','308','30','176','0','2015-08-21 10:21:22','添加商品','985'),('278','309','30','177','0','2015-08-21 10:25:35','添加商品','9865'),('279','310','30','178','0','2015-08-21 10:32:30','添加商品','986653'),('280','311','30','179','0','2015-08-21 11:08:07','添加商品','989665'),('281','312','30','180','0','2015-08-21 11:10:42','添加商品','985'),('282','313','30','181','0','2015-08-21 11:13:08','添加商品','986'),('283','314','31','182','0','2015-08-21 11:30:02','添加商品','98'),('284','315','32','183','0','2015-08-21 11:40:03','添加商品','98655'),('285','316','35','184','0','2015-08-21 11:59:18','添加商品','98985'),('286','317','36','185','0','2015-08-21 12:05:57','添加商品','4955'),('287','318','37','186','0','2015-08-21 12:19:05','添加商品','98'),('288','319','24','188','0','2015-08-21 13:31:32','添加商品','100'),('289','320','24','189','0','2015-08-21 13:36:28','添加商品','122'),('290','321','24','190','0','2015-08-21 13:38:47','添加商品','200'),('291','322','24','191','0','2015-08-21 13:40:53','添加商品','300'),('292','323','24','192','0','2015-08-21 13:49:46','添加商品','120'),('293','324','24','193','0','2015-08-21 13:52:29','添加商品','120'),('294','325','24','193','0','2015-08-21 13:52:31','添加商品','120'),('295','326','24','194','0','2015-08-21 13:57:57','添加商品','200'),('296','327','24','195','0','2015-08-21 14:02:07','添加商品','120'),('297','328','39','196','0','2015-08-22 18:21:20','添加商品','96'),('298','329','22','197','0','2015-08-23 16:32:09','添加商品','123'),('299','330','22','198','0','2015-08-23 16:36:41','添加商品','231'),('300','331','22','199','0','2015-08-23 16:40:28','添加商品','231'),('301','332','22','200','0','2015-08-23 16:43:42','添加商品','123'),('302','333','22','201','0','2015-08-23 16:53:12','添加商品','231'),('303','334','22','202','0','2015-08-23 16:56:43','添加商品','122'),('304','335','22','203','0','2015-08-23 17:00:11','添加商品','23'),('305','336','22','204','0','2015-08-23 17:09:57','添加商品','159'),('306','337','22','205','0','2015-08-23 17:15:56','添加商品','124'),('307','338','22','206','0','2015-08-23 17:21:22','添加商品','123'),('308','339','22','207','0','2015-08-23 17:32:47','添加商品','123'),('309','340','22','208','0','2015-08-23 17:37:15','添加商品','451'),('310','341','22','209','0','2015-08-23 17:42:57','添加商品','88'),('311','342','22','210','0','2015-08-23 17:53:01','添加商品','123'),('312','343','22','211','0','2015-08-23 17:56:14','添加商品','231'),('313','344','22','212','0','2015-08-23 17:58:34','添加商品','231'),('314','341','22','209','88','2015-08-24 14:34:28','修改商品','881'),('315','345','22','213','0','2015-08-24 14:38:29','添加商品','56'),('316','345','22','213','56','2015-08-24 14:40:06','修改商品','58'),('317','345','22','213','58','2015-08-24 14:45:32','单独下架','0'),('318','345','22','213','0','2015-08-24 14:46:27','修改商品','58'),('319','346','22','213','','2015-08-24 14:46:51','修改商品','59'),('320','347','22','213','','2015-08-24 14:47:07','修改商品','98'),('321','348','22','214','0','2015-08-24 14:51:45','添加商品','9966'),('322','351','22','213','0','2015-08-24 15:15:28','修改商品','333'),('323','351','22','213','333','2015-08-24 15:17:02','修改商品','55'),('324','0','22','214','9966','0000-00-00 00:00:00','删除商品','0'),('325','0','22','213','55','2015-08-24 15:29:58','删除商品','0'),('326','0','22','215','','2015-08-24 16:09:25','删除商品','0'),('327','341','33','209','881','2015-08-24 16:34:59','卖出','880'),('328','352','22','216','0','2015-08-24 17:26:39','添加商品','4564'),('329','353','22','217','0','2015-08-24 17:28:19','添加商品','55'),('330','0','22','217','55','2015-08-24 17:28:46','删除商品','0'),('331','0','22','216','4564','2015-08-24 17:28:50','删除商品','0'),('332','316','33','184','98985','2015-08-24 17:39:51','卖出','98984');/* MySQLReback Separation */
 /* 插入数据 `lx_user_ghs_gn` */
 INSERT INTO `lx_user_ghs_gn` VALUES ('333','238','34','144','2000','2015-08-24 19:09:23','卖出','1999');/* MySQLReback Separation */
 /* 插入数据 `lx_user_ghs_gn` */
 INSERT INTO `lx_user_ghs_gn` VALUES ('334','354','22','219','0','2015-08-26 10:51:34','添加商品','5000'),('335','0','15','218','','2015-08-27 14:51:54','删除商品','0'),('336','355','53','220','0','2015-08-28 11:08:59','添加商品','134'),('337','356','53','220','0','2015-08-28 11:10:40','添加商品','134'),('338','357','22','221','0','2015-08-28 11:26:39','添加商品','134'),('339','229','33','142','5000','2015-08-28 11:37:00','卖出','4998'),('340','229','33','142','4998','2015-08-28 11:37:10','卖出','4996'),('341','263','33','153','96','2015-08-28 11:37:57','卖出','95'),('342','219','33','138','560','2015-08-28 11:38:34','卖出','559'),('343','358','57','222','0','2015-08-28 14:10:32','添加商品','100'),('344','359','57','223','0','2015-08-28 14:27:27','添加商品','100'),('345','359','57','223','100','2015-08-28 14:35:45','单独下架','0'),('346','358','57','222','100','2015-08-28 14:35:47','单独下架','0'),('347','0','57','223','0','2015-08-28 14:36:41','删除商品','0'),('348','360','59','224','0','2015-08-29 09:28:14','添加商品','100'),('349','361','60','225','0','2015-08-29 09:59:56','添加商品','100'),('350','362','63','226','0','2015-08-29 10:35:38','添加商品','100'),('351','363','63','227','0','2015-08-29 10:41:48','添加商品','100'),('352','364','62','228','0','2015-08-29 10:57:55','添加商品','50000'),('353','365','62','229','0','2015-08-29 14:45:01','添加商品','50000'),('354','366','62','230','0','2015-08-29 14:59:29','添加商品','600'),('355','367','62','231','0','2015-08-29 15:08:18','添加商品','100'),('356','368','61','232','0','2015-08-29 15:17:28','添加商品','100'),('357','369','61','233','0','2015-08-29 15:24:38','添加商品','100'),('358','370','61','234','0','2015-08-29 15:31:56','添加商品','100'),('359','371','61','235','0','2015-08-29 15:34:54','添加商品','100'),('360','372','64','236','0','2015-08-29 16:47:05','添加商品','10'),('361','373','65','237','0','2015-08-29 17:08:56','添加商品','100'),('362','374','65','238','0','2015-08-29 17:11:24','添加商品','100'),('363','0','15','172','','2015-08-29 17:11:52','删除商品','0'),('364','0','15','171','956','2015-08-29 17:12:01','删除商品','0'),('365','0','15','170','','2015-08-29 17:12:27','删除商品','0'),('366','0','15','169','','2015-08-29 17:12:50','删除商品','0'),('367','0','15','166','','2015-08-29 17:12:54','删除商品','0'),('368','0','15','164','98','2015-08-29 17:12:56','删除商品','0'),('369','0','15','162','536966','2015-08-29 17:13:00','删除商品','0'),('370','0','15','238','100','2015-08-29 17:13:18','删除商品','0'),('371','0','15','228','50000','2015-08-29 17:13:27','删除商品','0'),('372','375','65','239','0','2015-08-29 17:14:12','添加商品','100'),('373','376','65','240','0','2015-08-29 17:16:23','添加商品','100'),('374','0','58','235','100','2015-08-29 17:18:10','删除商品','0'),('375','377','65','241','0','2015-08-29 17:18:50','添加商品','100'),('376','378','65','242','0','2015-08-29 17:22:09','添加商品','100'),('377','379','65','243','0','2015-08-29 17:24:40','添加商品','100'),('378','380','65','244','0','2015-08-29 17:33:58','添加商品','100'),('379','381','65','245','0','2015-08-29 17:38:32','添加商品','100'),('380','382','65','246','0','2015-08-29 17:40:58','添加商品','100'),('381','383','65','247','0','2015-08-29 17:43:34','添加商品','100'),('382','384','65','248','0','2015-08-29 17:46:43','添加商品','100'),('383','385','65','249','0','2015-08-29 17:49:00','添加商品','100'),('384','386','65','250','0','2015-08-29 17:53:18','添加商品','100'),('385','387','65','251','0','2015-08-29 17:56:56','添加商品','100'),('386','388','65','252','0','2015-08-29 18:00:31','添加商品','100'),('387','389','65','253','0','2015-08-29 18:02:24','添加商品','100'),('388','390','65','254','0','2015-08-29 18:05:06','添加商品','100'),('389','391','65','255','0','2015-08-29 18:08:44','添加商品','100'),('390','392','60','256','0','2015-08-29 18:10:39','添加商品','200'),('391','393','65','257','0','2015-08-29 18:11:16','添加商品','100'),('392','394','65','258','0','2015-08-29 18:13:19','添加商品','100'),('393','0','60','225','100','2015-08-29 18:15:15','删除商品','0'),('394','395','65','259','0','2015-08-29 18:16:08','添加商品','100'),('395','396','65','260','0','2015-08-29 18:18:38','添加商品','100'),('396','397','65','261','0','2015-08-29 18:44:27','添加商品','100'),('397','398','65','262','0','2015-08-29 18:46:42','添加商品','100'),('398','399','65','263','0','2015-08-29 18:49:44','添加商品','100'),('399','400','65','264','0','2015-08-29 18:52:18','添加商品','100'),('400','401','65','265','0','2015-08-29 18:54:28','添加商品','100'),('401','402','65','266','0','2015-08-29 18:56:59','添加商品','100'),('402','403','65','267','0','2015-08-29 21:53:51','添加商品','100'),('403','404','65','268','0','2015-08-29 21:57:27','添加商品','100'),('404','405','65','269','0','2015-08-29 22:01:46','添加商品','100'),('405','406','65','270','0','2015-08-29 22:04:50','添加商品','100');/* MySQLReback Separation */
 /* 插入数据 `lx_user_ghs_gn` */
 INSERT INTO `lx_user_ghs_gn` VALUES ('406','407','65','271','0','2015-08-29 22:07:43','添加商品','100');/* MySQLReback Separation */
 /* 插入数据 `lx_user_ghs_gn` */
 INSERT INTO `lx_user_ghs_gn` VALUES ('407','408','65','272','0','2015-08-29 22:09:54','添加商品','100'),('408','409','65','273','0','2015-08-29 22:12:19','添加商品','100'),('409','410','65','274','0','2015-08-29 22:14:31','添加商品','100'),('410','411','65','275','0','2015-08-29 22:16:59','添加商品','100'),('411','412','65','276','0','2015-08-29 22:18:57','添加商品','100'),('412','413','65','277','0','2015-08-29 22:21:10','添加商品','100'),('413','414','65','278','0','2015-08-29 22:23:12','添加商品','100'),('414','415','65','279','0','2015-08-29 22:25:32','添加商品','100'),('415','416','65','280','0','2015-08-29 22:27:56','添加商品','100'),('416','417','65','281','0','2015-08-29 22:30:28','添加商品','100'),('417','418','68','282','0','2015-08-30 09:00:04','添加商品','1000'),('418','419','68','283','0','2015-08-30 09:06:03','添加商品','10'),('419','420','68','284','0','2015-08-30 09:12:29','添加商品','10'),('420','421','68','284','0','2015-08-30 09:13:04','添加商品','10'),('421','422','65','285','0','2015-08-30 09:25:44','添加商品','100'),('422','423','65','286','0','2015-08-30 09:33:29','添加商品','100'),('423','0','58','227','100','2015-08-30 09:35:11','删除商品','0'),('424','0','58','226','100','2015-08-30 09:35:23','删除商品','0'),('425','0','58','224','100','2015-08-30 09:35:30','删除商品','0'),('426','0','58','232','100','2015-08-30 09:35:57','删除商品','0'),('427','0','58','233','100','2015-08-30 09:36:02','删除商品','0'),('428','0','58','234','100','2015-08-30 09:36:05','删除商品','0'),('429','424','65','287','0','2015-08-30 09:36:52','添加商品','100'),('430','425','65','288','0','2015-08-30 09:40:19','添加商品','100'),('431','426','65','289','0','2015-08-30 09:47:16','添加商品','100'),('432','427','65','290','0','2015-08-30 09:54:32','添加商品','100'),('433','428','65','291','0','2015-08-30 10:06:19','添加商品','100'),('434','429','65','292','0','2015-08-30 10:12:20','添加商品','100'),('435','430','65','293','0','2015-08-30 10:17:26','添加商品','100'),('436','431','65','295','0','2015-08-30 10:24:46','添加商品','100'),('437','432','59','294','0','2015-08-30 10:28:13','添加商品','31'),('438','433','65','296','0','2015-08-30 10:30:42','添加商品','100'),('439','434','65','297','0','2015-08-30 11:06:03','添加商品','100'),('440','435','65','299','0','2015-08-30 11:15:15','添加商品','100'),('441','435','65','299','100','2015-08-30 11:17:04','单独下架','0'),('442','0','15','298','','2015-08-30 11:26:08','删除商品','0'),('443','436','65','300','0','2015-08-30 11:30:45','添加商品','1000'),('444','437','65','301','0','2015-08-30 11:35:52','添加商品','100'),('445','438','65','302','0','2015-08-30 11:39:06','添加商品','100'),('446','439','65','303','0','2015-08-30 11:44:09','添加商品','100'),('447','440','65','305','0','2015-08-30 11:49:22','添加商品','100'),('448','441','59','304','0','2015-08-30 11:49:57','添加商品','500'),('449','442','65','306','0','2015-08-30 11:54:53','添加商品','100'),('450','433','65','296','100','2015-08-30 14:03:32','单独下架','0'),('451','397','65','261','100','2015-08-30 14:16:14','单独下架','0'),('452','443','65','307','0','2015-08-30 14:29:12','添加商品','1000'),('453','444','65','308','0','2015-08-30 14:32:28','添加商品','100'),('454','445','65','310','0','2015-08-30 14:43:28','添加商品','1000'),('455','0','58','296','0','2015-08-30 14:44:44','删除商品','0'),('456','0','58','309','','2015-08-30 14:45:18','删除商品','0'),('457','446','65','311','0','2015-08-30 14:51:00','添加商品','1000'),('458','447','65','312','0','2015-08-30 14:55:05','添加商品','1000'),('459','448','65','313','0','2015-08-30 14:59:38','添加商品','1000'),('460','449','65','314','0','2015-08-30 15:03:46','添加商品','1000'),('461','450','65','315','0','2015-08-30 15:17:21','添加商品','100'),('462','451','65','316','0','2015-08-30 15:25:56','添加商品','1000'),('463','452','65','317','0','2015-08-30 15:30:26','添加商品','1000'),('464','453','65','318','0','2015-08-30 15:35:29','添加商品','1000'),('465','393','65','257','100','2015-08-31 08:14:00','单独下架','0'),('466','382','65','246','100','2015-08-31 08:14:06','单独下架','0'),('467','454','65','319','0','2015-08-31 08:36:17','添加商品','100'),('468','455','65','320','0','2015-08-31 08:44:30','添加商品','1000'),('469','456','65','321','0','2015-08-31 08:46:27','添加商品','1000'),('470','457','65','322','0','2015-08-31 08:47:37','添加商品','1000'),('471','458','65','323','0','2015-08-31 08:49:44','添加商品','1000'),('472','459','65','324','0','2015-08-31 08:52:06','添加商品','1000'),('473','460','65','325','0','2015-08-31 08:53:53','添加商品','1000'),('474','461','65','326','0','2015-08-31 08:56:04','添加商品','1000'),('475','462','65','328','0','2015-08-31 08:59:18','添加商品','1000'),('476','463','64','327','0','2015-08-31 09:01:06','添加商品','10'),('477','464','65','329','0','2015-08-31 09:01:37','添加商品','1000'),('478','465','65','330','0','2015-08-31 09:03:21','添加商品','1000');/* MySQLReback Separation */
 /* 插入数据 `lx_user_ghs_gn` */
 INSERT INTO `lx_user_ghs_gn` VALUES ('479','466','65','331','0','2015-08-31 09:06:22','添加商品','1000');/* MySQLReback Separation */
 /* 插入数据 `lx_user_ghs_gn` */
 INSERT INTO `lx_user_ghs_gn` VALUES ('480','467','65','332','0','2015-08-31 09:08:15','添加商品','1000'),('481','468','65','333','0','2015-08-31 09:10:20','添加商品','1000'),('482','0','15','206','123','2015-08-31 10:32:19','删除商品','0'),('483','0','15','205','124','2015-08-31 10:32:24','删除商品','0'),('484','0','15','204','159','2015-08-31 10:32:30','删除商品','0'),('485','0','15','203','23','2015-08-31 10:32:33','删除商品','0'),('486','0','15','202','122','2015-08-31 10:32:41','删除商品','0'),('487','0','15','200','123','2015-08-31 10:32:45','删除商品','0'),('488','0','15','201','231','2015-08-31 10:32:49','删除商品','0'),('489','0','15','198','231','2015-08-31 10:32:53','删除商品','0'),('490','0','15','199','231','2015-08-31 10:32:58','删除商品','0'),('491','0','15','197','123','2015-08-31 10:33:02','删除商品','0'),('492','469','69','334','0','2015-08-31 10:42:33','添加商品','123'),('493','470','65','335','0','2015-08-31 10:48:41','添加商品','1000'),('494','471','65','336','0','2015-08-31 10:49:52','添加商品','1000'),('495','472','65','337','0','2015-08-31 10:51:12','添加商品','1000'),('496','473','65','338','0','2015-08-31 10:52:29','添加商品','1000'),('497','474','65','339','0','2015-08-31 10:54:09','添加商品','1000'),('498','475','65','340','0','2015-08-31 10:55:31','添加商品','1000'),('499','476','65','341','0','2015-08-31 10:57:19','添加商品','1000'),('500','477','65','342','0','2015-08-31 11:08:49','添加商品','1000'),('501','0','15','193','120','2015-08-31 12:06:01','删除商品','0'),('502','0','15','194','200','2015-08-31 12:06:04','删除商品','0'),('503','0','15','195','120','2015-08-31 12:06:09','删除商品','0'),('504','0','15','192','120','2015-08-31 12:06:13','删除商品','0'),('505','0','15','190','200','2015-08-31 12:06:18','删除商品','0'),('506','0','15','188','100','2015-08-31 12:06:27','删除商品','0'),('507','0','15','187','','2015-08-31 12:06:31','删除商品','0'),('508','0','15','189','122','2015-08-31 12:06:35','删除商品','0'),('509','0','15','186','98','2015-08-31 12:06:38','删除商品','0'),('510','0','15','184','98984','2015-08-31 12:06:44','删除商品','0'),('511','0','15','183','98655','2015-08-31 12:06:48','删除商品','0'),('512','0','15','182','98','2015-08-31 12:06:51','删除商品','0'),('513','0','15','185','4955','2015-08-31 12:06:54','删除商品','0'),('514','0','15','207','123','2015-08-31 12:06:57','删除商品','0'),('515','0','15','196','96','2015-08-31 12:07:00','删除商品','0'),('516','0','15','191','300','2015-08-31 12:07:02','删除商品','0'),('517','0','15','181','986','2015-08-31 12:07:05','删除商品','0'),('518','0','15','179','989665','2015-08-31 12:07:07','删除商品','0'),('519','0','15','178','986653','2015-08-31 12:07:09','删除商品','0'),('520','0','15','177','9865','2015-08-31 12:07:12','删除商品','0'),('521','0','15','174','8','2015-08-31 12:07:14','删除商品','0'),('522','0','15','173','123','2015-08-31 12:07:21','删除商品','0'),('523','0','15','167','123','2015-08-31 12:07:25','删除商品','0'),('524','0','15','165','500','2015-08-31 12:07:29','删除商品','0'),('525','0','15','163','100','2015-08-31 12:07:34','删除商品','0'),('526','0','15','161','200','2015-08-31 12:07:37','删除商品','0'),('527','0','15','168','100','2015-08-31 12:07:41','删除商品','0'),('528','0','15','159','100','2015-08-31 12:07:44','删除商品','0'),('529','0','15','160','520','2015-08-31 12:07:48','删除商品','0'),('530','0','15','157','150','2015-08-31 12:08:03','删除商品','0'),('531','0','15','156','150','2015-08-31 12:08:08','删除商品','0'),('532','0','15','155','130','2015-08-31 12:08:12','删除商品','0'),('533','0','15','154','','2015-08-31 12:08:23','删除商品','0'),('534','0','15','153','95','2015-08-31 12:08:27','删除商品','0'),('535','0','15','152','100','2015-08-31 12:08:30','删除商品','0'),('536','0','15','151','100','2015-08-31 12:08:34','删除商品','0'),('537','0','15','150','96','2015-08-31 12:11:12','删除商品','0'),('538','0','15','149','150','2015-08-31 12:11:16','删除商品','0'),('539','0','15','158','150','2015-08-31 12:11:24','删除商品','0'),('540','0','15','147','350','2015-08-31 12:11:28','删除商品','0'),('541','0','15','146','5000','2015-08-31 12:11:30','删除商品','0'),('542','0','15','145','65','2015-08-31 12:11:33','删除商品','0'),('543','0','15','144','1999','2015-08-31 12:11:41','删除商品','0'),('544','0','15','143','120','2015-08-31 12:11:44','删除商品','0'),('545','0','15','142','4996','2015-08-31 12:11:47','删除商品','0'),('546','0','15','141','630','2015-08-31 12:11:51','删除商品','0'),('547','0','15','140','562','2015-08-31 12:11:53','删除商品','0'),('548','0','15','139','2000','2015-08-31 12:11:56','删除商品','0'),('549','0','15','138','559','2015-08-31 12:12:00','删除商品','0'),('550','0','15','137','240','2015-08-31 12:12:08','删除商品','0'),('551','0','15','136','','2015-08-31 12:12:13','删除商品','0'),('552','478','65','343','0','2015-08-31 14:07:56','添加商品','1000');/* MySQLReback Separation */
 /* 插入数据 `lx_user_ghs_gn` */
 INSERT INTO `lx_user_ghs_gn` VALUES ('553','479','65','344','0','2015-08-31 14:09:28','添加商品','1000');/* MySQLReback Separation */
 /* 插入数据 `lx_user_ghs_gn` */
 INSERT INTO `lx_user_ghs_gn` VALUES ('554','480','65','345','0','2015-08-31 14:11:45','添加商品','1000'),('555','481','65','346','0','2015-08-31 14:13:41','添加商品','1000'),('556','482','65','347','0','2015-08-31 14:15:32','添加商品','1000'),('557','483','65','348','0','2015-08-31 14:18:03','添加商品','1000'),('558','484','65','349','0','2015-08-31 14:22:31','添加商品','1000'),('559','485','65','350','0','2015-08-31 14:24:12','添加商品','1000'),('560','486','65','351','0','2015-08-31 14:27:40','添加商品','1000'),('561','487','65','352','0','2015-08-31 14:30:07','添加商品','1000'),('562','488','65','353','0','2015-08-31 14:31:29','添加商品','1000'),('563','489','65','354','0','2015-08-31 14:33:40','添加商品','1000'),('564','490','65','355','0','2015-08-31 14:36:06','添加商品','1000'),('565','491','65','356','0','2015-08-31 14:38:32','添加商品','1000'),('566','492','65','357','0','2015-08-31 14:40:10','添加商品','1000'),('567','493','65','358','0','2015-08-31 14:41:55','添加商品','1000'),('568','494','65','359','0','2015-08-31 14:43:17','添加商品','1000'),('569','495','65','360','0','2015-08-31 14:44:55','添加商品','1000'),('570','496','65','363','0','2015-08-31 15:40:56','添加商品','1000'),('571','497','65','364','0','2015-08-31 15:46:36','添加商品','1000'),('572','498','65','365','0','2015-08-31 15:49:08','添加商品','1000'),('573','499','65','366','0','2015-08-31 15:51:14','添加商品','1000'),('574','500','65','367','0','2015-08-31 15:53:14','添加商品','1000'),('575','501','65','368','0','2015-08-31 15:55:32','添加商品','1000'),('576','502','65','369','0','2015-08-31 15:58:08','添加商品','1000'),('577','503','59','370','0','2015-08-31 16:00:37','添加商品','18'),('578','504','65','371','0','2015-08-31 16:01:29','添加商品','1000'),('579','505','65','372','0','2015-08-31 16:14:17','添加商品','1000'),('580','506','65','373','0','2015-08-31 16:16:30','添加商品','1000'),('581','507','65','374','0','2015-08-31 16:19:04','添加商品','1000'),('582','508','65','375','0','2015-08-31 16:21:27','添加商品','1000'),('583','509','65','376','0','2015-08-31 16:23:08','添加商品','1000'),('584','510','65','377','0','2015-08-31 16:26:28','添加商品','1000'),('585','511','65','378','0','2015-08-31 16:28:00','添加商品','1000'),('586','512','65','380','0','2015-08-31 17:11:53','添加商品','1000'),('587','513','59','381','0','2015-08-31 17:32:02','添加商品','32'),('588','514','65','382','0','2015-08-31 17:44:06','添加商品','1000'),('589','515','65','383','0','2015-08-31 17:47:06','添加商品','1000'),('590','516','65','384','0','2015-08-31 17:49:59','添加商品','100'),('591','517','59','385','0','2015-08-31 17:53:12','添加商品','9'),('592','518','69','379','0','2015-08-31 18:05:37','添加商品','140'),('593','519','69','386','0','2015-09-01 08:39:29','添加商品','260'),('594','520','69','387','0','2015-09-01 08:56:22','添加商品','240'),('595','521','64','388','0','2015-09-01 09:20:22','添加商品','1000'),('596','522','59','389','0','2015-09-01 09:21:56','添加商品','60'),('597','523','64','390','0','2015-09-01 09:23:08','添加商品','1000'),('598','524','69','391','0','2015-09-01 09:26:45','添加商品','280'),('599','525','64','392','0','2015-09-01 09:31:48','添加商品','1000'),('600','526','64','393','0','2015-09-01 09:33:25','添加商品','1000'),('601','527','64','394','0','2015-09-01 09:34:53','添加商品','1000'),('602','528','69','395','0','2015-09-01 09:44:49','添加商品','260'),('603','529','64','396','0','2015-09-01 09:50:28','添加商品','1000'),('604','530','64','397','0','2015-09-01 09:52:04','添加商品','1000'),('605','531','64','398','0','2015-09-01 09:53:25','添加商品','1000'),('606','532','64','399','0','2015-09-01 09:55:46','添加商品','1000'),('607','533','64','400','0','2015-09-01 09:56:55','添加商品','1000'),('608','534','69','401','0','2015-09-01 09:59:17','添加商品','260'),('609','535','69','401','0','2015-09-01 09:59:24','添加商品','260'),('610','536','64','402','0','2015-09-01 10:01:04','添加商品','1000'),('611','537','64','403','0','2015-09-01 10:02:35','添加商品','1000'),('612','538','69','401','0','2015-09-01 10:03:21','修改商品','260'),('613','539','64','404','0','2015-09-01 10:03:45','添加商品','1000'),('614','540','64','405','0','2015-09-01 10:06:20','添加商品','1000'),('615','538','69','401','260','2015-09-01 10:06:51','修改商品','268'),('616','534','69','401','260','2015-09-01 10:07:03','修改商品','158'),('617','541','64','406','0','2015-09-01 10:07:26','添加商品','1000'),('618','542','64','407','0','2015-09-01 10:34:31','添加商品','1000'),('619','0','58','362','','2015-09-01 10:39:46','删除商品','0'),('620','543','64','408','0','2015-09-01 10:40:32','添加商品','1000'),('621','0','58','334','123','2015-09-01 10:41:47','删除商品','0'),('622','544','64','409','0','2015-09-01 10:41:57','添加商品','1000'),('623','545','64','410','0','2015-09-01 10:45:27','添加商品','1000'),('624','546','64','411','0','2015-09-01 10:47:09','添加商品','1000');/* MySQLReback Separation */
 /* 插入数据 `lx_user_ghs_gn` */
 INSERT INTO `lx_user_ghs_gn` VALUES ('625','547','69','412','0','2015-09-01 10:48:44','添加商品','212');/* MySQLReback Separation */
 /* 插入数据 `lx_user_ghs_gn` */
 INSERT INTO `lx_user_ghs_gn` VALUES ('626','0','58','388','1000','2015-09-01 10:49:15','删除商品','0'),('627','0','58','390','1000','2015-09-01 10:49:23','删除商品','0'),('628','0','58','392','1000','2015-09-01 10:49:29','删除商品','0'),('629','0','58','393','1000','2015-09-01 10:49:37','删除商品','0'),('630','0','58','391','280','2015-09-01 10:49:42','删除商品','0'),('631','0','58','394','1000','2015-09-01 10:49:46','删除商品','0'),('632','0','58','395','260','2015-09-01 10:49:52','删除商品','0'),('633','0','58','396','1000','2015-09-01 10:49:55','删除商品','0'),('634','0','58','397','1000','2015-09-01 10:49:58','删除商品','0'),('635','0','58','398','1000','2015-09-01 10:50:03','删除商品','0'),('636','0','58','399','1000','2015-09-01 10:50:06','删除商品','0'),('637','0','58','400','1000','2015-09-01 10:50:13','删除商品','0'),('638','0','58','402','1000','2015-09-01 10:50:17','删除商品','0'),('639','0','58','403','1000','2015-09-01 10:50:23','删除商品','0'),('640','0','58','401','158','2015-09-01 10:50:27','删除商品','0'),('641','0','58','404','1000','2015-09-01 10:50:33','删除商品','0'),('642','0','58','405','1000','2015-09-01 10:50:37','删除商品','0'),('643','0','58','237','100','2015-09-01 10:58:44','删除商品','0'),('644','0','58','239','100','2015-09-01 10:58:47','删除商品','0'),('645','0','58','240','100','2015-09-01 10:58:50','删除商品','0'),('646','0','58','241','100','2015-09-01 10:59:12','删除商品','0'),('647','0','58','249','100','2015-09-01 10:59:16','删除商品','0'),('648','0','58','248','100','2015-09-01 10:59:19','删除商品','0'),('649','0','58','247','100','2015-09-01 10:59:22','删除商品','0'),('650','0','58','246','0','2015-09-01 10:59:25','删除商品','0'),('651','0','58','250','100','2015-09-01 10:59:29','删除商品','0'),('652','0','58','245','100','2015-09-01 10:59:36','删除商品','0'),('653','0','58','244','100','2015-09-01 10:59:39','删除商品','0'),('654','0','58','243','100','2015-09-01 10:59:42','删除商品','0'),('655','0','58','242','100','2015-09-01 10:59:45','删除商品','0'),('656','0','58','231','100','2015-09-01 10:59:52','删除商品','0'),('657','0','58','251','100','2015-09-01 11:00:01','删除商品','0'),('658','0','58','258','100','2015-09-01 11:00:04','删除商品','0'),('659','0','58','257','0','2015-09-01 11:00:07','删除商品','0'),('660','0','58','254','100','2015-09-01 11:00:11','删除商品','0'),('661','0','58','253','100','2015-09-01 11:00:14','删除商品','0'),('662','0','58','255','100','2015-09-01 11:00:16','删除商品','0'),('663','0','58','252','100','2015-09-01 11:00:19','删除商品','0'),('664','0','58','259','100','2015-09-01 11:00:23','删除商品','0'),('665','0','58','260','100','2015-09-01 11:00:25','删除商品','0'),('666','0','58','261','0','2015-09-01 11:00:38','删除商品','0'),('667','0','58','256','200','2015-09-01 11:00:41','删除商品','0'),('668','0','58','262','100','2015-09-01 11:00:44','删除商品','0'),('669','0','58','263','100','2015-09-01 11:00:48','删除商品','0'),('670','0','58','264','100','2015-09-01 11:00:52','删除商品','0'),('671','0','58','266','100','2015-09-01 11:00:55','删除商品','0'),('672','0','58','268','100','2015-09-01 11:00:58','删除商品','0'),('673','0','58','269','100','2015-09-01 11:01:00','删除商品','0'),('674','0','58','270','100','2015-09-01 11:01:03','删除商品','0'),('675','0','58','267','100','2015-09-01 11:01:05','删除商品','0'),('676','0','58','265','100','2015-09-01 11:01:09','删除商品','0'),('677','0','58','271','100','2015-09-01 11:01:18','删除商品','0'),('678','0','58','236','10','2015-09-01 11:01:30','删除商品','0'),('679','0','58','230','600','2015-09-01 11:01:34','删除商品','0'),('680','0','58','229','50000','2015-09-01 11:01:37','删除商品','0'),('681','0','58','272','100','2015-09-01 11:01:41','删除商品','0'),('682','0','58','273','100','2015-09-01 11:01:44','删除商品','0'),('683','0','58','274','100','2015-09-01 11:01:48','删除商品','0'),('684','0','58','275','100','2015-09-01 11:01:51','删除商品','0'),('685','0','58','276','100','2015-09-01 11:01:54','删除商品','0'),('686','0','58','277','100','2015-09-01 11:01:56','删除商品','0'),('687','0','58','278','100','2015-09-01 11:02:00','删除商品','0'),('688','0','58','279','100','2015-09-01 11:02:03','删除商品','0'),('689','548','69','413','0','2015-09-01 11:09:28','添加商品','168'),('690','0','58','280','100','2015-09-01 11:11:23','删除商品','0'),('691','0','58','281','100','2015-09-01 11:11:26','删除商品','0'),('692','549','64','414','0','2015-09-01 11:21:34','添加商品','1000'),('693','550','64','415','0','2015-09-01 11:23:24','添加商品','1000'),('694','551','64','417','0','2015-09-01 11:25:54','添加商品','1000'),('695','552','69','416','0','2015-09-01 11:26:21','添加商品','185'),('696','553','64','418','0','2015-09-01 11:27:10','添加商品','1000'),('697','554','64','419','0','2015-09-01 11:28:13','添加商品','1000'),('698','555','69','420','0','2015-09-01 11:31:38','添加商品','178');/* MySQLReback Separation */
 /* 插入数据 `lx_user_ghs_gn` */
 INSERT INTO `lx_user_ghs_gn` VALUES ('699','556','69','421','0','2015-09-01 11:38:45','添加商品','179');/* MySQLReback Separation */
 /* 插入数据 `lx_user_ghs_gn` */
 INSERT INTO `lx_user_ghs_gn` VALUES ('700','0','58','389','60','2015-09-01 11:44:07','删除商品','0'),('701','557','69','423','0','2015-09-01 11:52:32','添加商品','158'),('702','0','58','381','32','2015-09-01 11:54:55','删除商品','0'),('703','0','58','370','18','2015-09-01 11:55:02','删除商品','0'),('704','0','58','304','500','2015-09-01 11:55:15','删除商品','0'),('705','0','58','294','31','2015-09-01 11:55:21','删除商品','0'),('706','0','58','385','9','2015-09-01 11:55:45','删除商品','0'),('707','0','58','282','1000','2015-09-01 11:55:58','删除商品','0'),('708','0','58','283','10','2015-09-01 11:56:02','删除商品','0'),('709','0','58','284','10','2015-09-01 11:56:05','删除商品','0'),('710','558','76','422','0','2015-09-01 11:58:28','添加商品','1000'),('711','559','76','424','0','2015-09-01 14:37:47','添加商品','1000'),('712','560','76','425','0','2015-09-01 14:42:51','添加商品','1000'),('713','561','76','426','0','2015-09-01 14:46:55','添加商品','1000'),('714','562','76','427','0','2015-09-01 14:53:59','添加商品','1000'),('715','563','76','428','0','2015-09-01 14:57:28','添加商品','100'),('716','564','59','429','0','2015-09-01 15:04:43','添加商品','300'),('717','565','76','430','0','2015-09-01 15:06:40','添加商品','1000'),('718','566','69','431','0','2015-09-01 15:16:22','添加商品','189'),('719','567','59','432','0','2015-09-01 15:45:28','添加商品','9'),('720','568','79','433','0','2015-09-01 15:46:24','添加商品','10'),('721','569','79','434','0','2015-09-01 15:50:17','添加商品','10'),('722','570','69','435','0','2015-09-01 15:52:23','添加商品','148'),('723','571','79','436','0','2015-09-01 15:52:26','添加商品','10'),('724','572','79','437','0','2015-09-01 15:54:12','添加商品','10'),('725','573','79','438','0','2015-09-01 15:56:24','添加商品','10'),('726','574','79','439','0','2015-09-01 15:57:53','添加商品','10'),('727','575','79','440','0','2015-09-01 15:59:57','添加商品','10'),('728','576','79','441','0','2015-09-01 16:01:16','添加商品','10'),('729','577','59','442','0','2015-09-01 16:04:35','添加商品','10'),('730','578','70','443','0','2015-09-01 16:13:05','添加商品','100'),('731','579','69','444','0','2015-09-01 16:20:44','添加商品','256'),('732','580','76','445','0','2015-09-01 16:25:52','添加商品','100'),('733','581','70','446','0','2015-09-01 16:34:12','添加商品','100'),('734','582','69','447','0','2015-09-01 16:50:25','添加商品','278'),('735','583','80','448','0','2015-09-01 17:03:39','添加商品','1000'),('736','584','80','449','0','2015-09-01 17:05:51','添加商品','1000'),('737','585','80','450','0','2015-09-01 17:07:52','添加商品','1000'),('738','586','80','451','0','2015-09-01 17:09:29','添加商品','100'),('739','587','80','453','0','2015-09-01 17:11:31','添加商品','1000'),('740','588','59','452','0','2015-09-01 17:11:47','添加商品','100'),('741','589','80','454','0','2015-09-01 17:13:17','添加商品','1000'),('742','590','80','455','0','2015-09-01 17:17:54','添加商品','1000'),('743','591','80','456','0','2015-09-01 17:20:05','添加商品','100'),('744','592','59','457','0','2015-09-01 17:21:24','添加商品','100'),('745','593','59','458','0','2015-09-01 17:30:16','添加商品','100'),('746','594','59','459','0','2015-09-01 17:33:51','添加商品','10'),('747','595','59','460','0','2015-09-01 17:36:58','添加商品','10'),('748','596','78','461','0','2015-09-01 17:37:55','添加商品','1000'),('749','597','78','463','0','2015-09-01 17:38:59','添加商品','1000'),('750','598','59','462','0','2015-09-01 17:39:12','添加商品','10'),('751','599','78','464','0','2015-09-01 17:40:05','添加商品','100'),('752','600','78','465','0','2015-09-01 17:41:22','添加商品','1000'),('753','601','78','466','0','2015-09-01 17:42:31','添加商品','100'),('754','602','78','467','0','2015-09-01 17:43:53','添加商品','1000'),('755','603','78','468','0','2015-09-01 17:44:47','添加商品','100'),('756','604','78','469','0','2015-09-01 17:45:42','添加商品','100'),('757','605','59','470','0','2015-09-01 17:52:02','添加商品','100'),('758','606','59','471','0','2015-09-01 17:55:07','添加商品','10'),('759','607','59','472','0','2015-09-01 17:58:08','添加商品','10'),('760','608','59','473','0','2015-09-01 18:02:01','添加商品','20'),('761','609','59','474','0','2015-09-01 18:05:12','添加商品','10'),('762','610','59','475','0','2015-09-01 18:07:13','添加商品','10'),('763','611','59','476','0','2015-09-01 18:09:39','添加商品','10'),('764','612','59','477','0','2015-09-01 18:12:31','添加商品','129'),('765','0','58','443','100','2015-09-01 18:27:42','删除商品','0'),('766','0','58','446','100','2015-09-01 18:27:48','删除商品','0'),('767','613','65','478','0','2015-09-02 08:24:07','添加商品','1000'),('768','614','65','479','0','2015-09-02 08:25:50','添加商品','1000'),('769','615','65','480','0','2015-09-02 08:43:06','添加商品','1000'),('770','616','78','481','0','2015-09-02 08:51:33','添加商品','100'),('771','617','78','482','0','2015-09-02 09:16:33','添加商品','100');/* MySQLReback Separation */
 /* 插入数据 `lx_user_ghs_gn` */
 INSERT INTO `lx_user_ghs_gn` VALUES ('772','618','64','483','0','2015-09-02 09:23:33','添加商品','100');/* MySQLReback Separation */
 /* 插入数据 `lx_user_ghs_gn` */
 INSERT INTO `lx_user_ghs_gn` VALUES ('773','619','78','484','0','2015-09-02 09:25:01','添加商品','100'),('774','620','78','486','0','2015-09-02 09:40:55','添加商品','100'),('775','621','64','485','0','2015-09-02 09:41:15','添加商品','100'),('776','622','78','487','0','2015-09-02 09:55:28','添加商品','100'),('777','623','78','488','0','2015-09-02 10:04:37','添加商品','100'),('778','624','69','447','0','2015-09-02 10:15:15','修改商品','278'),('779','625','78','489','0','2015-09-02 10:18:13','添加商品','100'),('780','626','64','490','0','2015-09-02 10:19:51','添加商品','100'),('781','627','64','490','0','2015-09-02 10:20:56','修改商品','100'),('782','626','64','490','100','2015-09-02 10:27:10','修改商品','1000'),('783','627','64','490','100','2015-09-02 10:27:17','修改商品','1000'),('784','628','78','491','0','2015-09-02 10:29:33','添加商品','100'),('785','629','78','492','0','2015-09-02 10:43:42','添加商品','100'),('786','630','64','493','0','2015-09-02 10:58:20','添加商品','1000'),('787','631','64','493','0','2015-09-02 11:00:02','修改商品','1000'),('788','632','78','494','0','2015-09-02 11:00:09','添加商品','100'),('789','633','64','493','0','2015-09-02 11:00:35','修改商品','1000'),('790','634','64','493','0','2015-09-02 11:01:06','修改商品','1000'),('791','635','64','493','0','2015-09-02 11:01:29','修改商品','1000'),('792','636','64','495','0','2015-09-02 11:13:57','添加商品','1000'),('793','637','64','495','0','2015-09-02 11:15:01','修改商品','1000'),('794','638','64','495','0','2015-09-02 11:17:02','修改商品','1000'),('795','639','64','496','0','2015-09-02 11:25:04','添加商品','1000'),('796','640','64','496','0','2015-09-02 11:26:01','修改商品','1000'),('797','641','64','496','0','2015-09-02 11:27:08','修改商品','1000'),('798','642','64','496','0','2015-09-02 11:27:59','修改商品','100'),('799','643','65','497','0','2015-09-02 11:29:09','添加商品','100'),('800','644','65','498','0','2015-09-02 11:37:33','添加商品','100'),('801','645','65','499','0','2015-09-02 11:42:53','添加商品','100'),('802','646','65','500','0','2015-09-02 11:53:16','添加商品','100'),('803','647','65','501','0','2015-09-02 14:10:34','添加商品','100'),('804','648','65','502','0','2015-09-02 14:26:08','添加商品','100'),('805','640','64','496','1000','2015-09-02 14:26:20','修改商品','800'),('806','642','64','496','100','2015-09-02 14:26:29','修改商品','600'),('807','641','64','496','1000','2015-09-02 14:26:38','修改商品','700'),('808','639','64','496','1000','2015-09-02 14:26:46','修改商品','900'),('809','649','65','503','0','2015-09-02 14:30:29','添加商品','100'),('810','640','64','496','800','2015-09-02 14:39:40','修改商品','900'),('811','641','64','496','700','2015-09-02 14:39:49','修改商品','900'),('812','642','64','496','600','2015-09-02 14:39:57','修改商品','900'),('813','650','65','504','0','2015-09-02 14:48:25','添加商品','100'),('814','651','65','505','0','2015-09-02 14:55:06','添加商品','100'),('815','652','65','506','0','2015-09-02 15:17:52','添加商品','100'),('816','653','65','507','0','2015-09-02 15:26:05','添加商品','100'),('817','654','64','508','0','2015-09-02 15:27:26','添加商品','1000'),('818','655','64','508','0','2015-09-02 15:28:31','修改商品','1000'),('819','656','64','508','0','2015-09-02 15:29:02','修改商品','1000'),('820','657','64','508','0','2015-09-02 15:29:43','修改商品','1000'),('821','658','64','508','0','2015-09-02 15:30:08','修改商品','1000'),('822','659','65','509','0','2015-09-02 15:30:35','添加商品','100'),('823','660','65','510','0','2015-09-02 15:35:49','添加商品','100'),('824','661','64','511','0','2015-09-02 15:39:04','添加商品','100'),('825','662','64','511','0','2015-09-02 15:40:32','修改商品','100'),('826','663','64','511','0','2015-09-02 15:40:57','修改商品','100'),('827','664','65','512','0','2015-09-02 15:45:50','添加商品','100'),('828','665','69','379','0','2015-09-02 15:47:46','修改商品','140'),('829','666','64','513','0','2015-09-02 15:49:23','添加商品','100'),('830','667','64','513','0','2015-09-02 15:50:13','修改商品','1000'),('831','668','64','513','0','2015-09-02 15:50:32','修改商品','100'),('832','669','65','514','0','2015-09-02 15:50:42','添加商品','100'),('833','670','65','515','0','2015-09-02 15:54:29','添加商品','100'),('834','671','69','379','0','2015-09-02 15:57:04','修改商品','140'),('835','672','65','516','0','2015-09-02 15:57:58','添加商品','100'),('836','673','69','379','0','2015-09-02 15:58:34','修改商品','140'),('837','674','65','517','0','2015-09-02 16:01:20','添加商品','100'),('838','675','65','518','0','2015-09-02 16:52:39','添加商品','100'),('839','676','65','519','0','2015-09-02 17:05:55','添加商品','100'),('840','677','65','521','0','2015-09-02 17:17:45','添加商品','100'),('841','678','65','520','0','2015-09-02 17:17:48','添加商品','1000'),('842','679','65','522','0','2015-09-02 17:27:07','添加商品','100'),('843','680','65','523','0','2015-09-02 17:34:41','添加商品','100');/* MySQLReback Separation */
 /* 插入数据 `lx_user_ghs_gn` */
 INSERT INTO `lx_user_ghs_gn` VALUES ('844','681','65','524','0','2015-09-02 17:40:03','添加商品','100');/* MySQLReback Separation */
 /* 插入数据 `lx_user_ghs_gn` */
 INSERT INTO `lx_user_ghs_gn` VALUES ('845','682','65','525','0','2015-09-02 17:44:36','添加商品','100'),('846','683','65','526','0','2015-09-02 17:49:09','添加商品','100'),('847','684','65','527','0','2015-09-02 17:54:04','添加商品','100'),('848','685','65','528','0','2015-09-03 08:00:11','添加商品','1000'),('849','686','65','529','0','2015-09-03 08:12:59','添加商品','1000'),('850','687','65','530','0','2015-09-03 08:16:42','添加商品','1000'),('851','688','65','531','0','2015-09-03 08:19:20','添加商品','1000'),('852','689','65','533','0','2015-09-03 08:30:56','添加商品','1000'),('853','690','65','534','0','2015-09-03 08:36:21','添加商品','1000'),('854','691','65','535','0','2015-09-03 08:39:23','添加商品','1000'),('855','692','65','536','0','2015-09-03 08:41:20','添加商品','1000'),('856','693','65','537','0','2015-09-03 08:52:42','添加商品','1000'),('857','694','65','538','0','2015-09-03 09:28:17','添加商品','1000'),('858','695','65','539','0','2015-09-03 13:58:07','添加商品','1000'),('859','696','65','540','0','2015-09-03 14:00:16','添加商品','1000'),('860','697','65','541','0','2015-09-03 14:04:18','添加商品','1000'),('861','698','65','542','0','2015-09-03 14:08:28','添加商品','1000'),('862','699','65','543','0','2015-09-03 14:10:44','添加商品','1000'),('863','700','65','544','0','2015-09-03 14:11:44','添加商品','1000'),('864','701','65','545','0','2015-09-03 14:16:26','添加商品','1000'),('865','702','65','546','0','2015-09-03 14:17:39','添加商品','1000'),('866','703','65','547','0','2015-09-03 14:19:23','添加商品','1000'),('867','704','65','548','0','2015-09-03 14:20:13','添加商品','1000'),('868','678','65','520','1000','2015-09-03 14:21:48','单独下架','0'),('869','0','58','520','0','2015-09-03 14:23:53','删除商品','0'),('870','0','58','532','','2015-09-03 14:24:01','删除商品','0'),('871','705','64','549','0','2015-09-03 14:53:15','添加商品','1000'),('872','706','64','549','0','2015-09-03 14:54:26','修改商品','1000'),('873','707','64','550','0','2015-09-03 15:08:41','添加商品','1000'),('874','708','64','551','0','2015-09-03 15:33:29','添加商品','100'),('875','709','64','552','0','2015-09-03 15:55:19','添加商品','100'),('876','710','64','552','0','2015-09-03 15:57:27','修改商品','100'),('877','711','64','553','0','2015-09-03 16:02:50','添加商品','100'),('878','712','64','554','0','2015-09-03 16:07:59','添加商品','100'),('879','713','64','555','0','2015-09-03 16:15:05','添加商品','100'),('880','714','64','556','0','2015-09-03 16:25:07','添加商品','100'),('881','715','69','557','0','2015-09-03 16:34:23','添加商品','280'),('882','716','64','558','0','2015-09-03 17:51:25','添加商品','100'),('883','717','64','559','0','2015-09-04 08:16:05','添加商品','100'),('884','718','64','560','0','2015-09-04 08:24:38','添加商品','100'),('885','719','64','561','0','2015-09-04 08:34:13','添加商品','100'),('886','720','65','563','0','2015-09-04 08:55:59','添加商品','100'),('887','721','64','562','0','2015-09-04 08:57:08','添加商品','100'),('888','722','64','564','0','2015-09-04 09:16:52','添加商品','100'),('889','723','65','565','0','2015-09-04 09:32:43','添加商品','1000'),('890','724','65','566','0','2015-09-04 09:40:39','添加商品','100'),('891','725','83','567','0','2015-09-04 17:10:24','添加商品','10'),('892','726','83','568','0','2015-09-04 17:13:36','添加商品','100'),('893','727','83','569','0','2015-09-04 17:14:18','添加商品','10'),('894','728','83','570','0','2015-09-04 17:15:21','添加商品','100'),('895','729','83','571','0','2015-09-04 17:17:21','添加商品','100'),('896','730','83','572','0','2015-09-04 17:17:40','添加商品','10'),('897','731','83','573','0','2015-09-04 17:19:44','添加商品','100'),('898','732','83','574','0','2015-09-04 17:20:31','添加商品','189'),('899','733','83','575','0','2015-09-04 17:21:15','添加商品','100'),('900','734','83','577','0','2015-09-04 17:23:07','添加商品','100'),('901','735','83','576','0','2015-09-04 17:23:19','添加商品','123'),('902','736','83','578','0','2015-09-04 17:26:28','添加商品','189'),('903','737','69','579','0','2015-09-05 09:33:54','添加商品','189'),('904','738','69','579','0','2015-09-05 09:41:22','修改商品','189'),('905','739','83','580','0','2015-09-05 09:49:25','添加商品','100'),('906','740','83','580','0','2015-09-05 09:50:49','修改商品','100'),('907','741','83','580','0','2015-09-05 09:51:20','修改商品','100'),('908','742','83','580','0','2015-09-05 09:51:56','修改商品','100'),('909','743','83','580','0','2015-09-05 09:52:13','修改商品','100'),('910','744','69','581','0','2015-09-05 09:59:27','添加商品','178'),('911','745','83','582','0','2015-09-05 10:00:24','添加商品','100'),('912','746','83','582','0','2015-09-05 10:01:37','修改商品','100'),('913','747','83','582','0','2015-09-05 10:02:00','修改商品','100'),('914','748','83','582','0','2015-09-05 10:02:21','修改商品','100'),('915','749','83','582','0','2015-09-05 10:02:40','修改商品','100');/* MySQLReback Separation */
 /* 插入数据 `lx_user_ghs_gn` */
 INSERT INTO `lx_user_ghs_gn` VALUES ('916','750','83','583','0','2015-09-05 10:05:48','添加商品','100');/* MySQLReback Separation */
 /* 插入数据 `lx_user_ghs_gn` */
 INSERT INTO `lx_user_ghs_gn` VALUES ('917','751','69','584','0','2015-09-05 10:11:45','添加商品','167'),('918','752','83','585','0','2015-09-05 10:17:52','添加商品','100'),('919','753','83','585','0','2015-09-05 10:18:39','修改商品','100'),('920','754','83','585','0','2015-09-05 10:19:05','修改商品','100'),('921','755','83','585','0','2015-09-05 10:19:33','修改商品','100'),('922','756','83','585','0','2015-09-05 10:20:00','修改商品','100'),('923','757','83','586','0','2015-09-05 10:28:13','添加商品','100'),('924','758','83','587','0','2015-09-05 10:52:33','添加商品','100'),('925','759','83','588','0','2015-09-05 10:54:09','添加商品','100'),('926','760','83','589','0','2015-09-05 10:55:19','添加商品','100'),('927','761','83','590','0','2015-09-05 11:14:19','添加商品','100'),('928','762','83','591','0','2015-09-05 11:23:41','添加商品','100'),('929','763','83','592','0','2015-09-05 11:25:10','添加商品','100'),('930','764','83','593','0','2015-09-05 11:27:09','添加商品','100'),('931','765','83','594','0','2015-09-05 11:28:30','添加商品','100'),('932','766','83','595','0','2015-09-05 11:30:32','添加商品','100'),('933','767','83','596','0','2015-09-05 11:32:31','添加商品','100'),('934','768','83','597','0','2015-09-05 11:33:47','添加商品','100'),('935','769','83','598','0','2015-09-05 11:35:12','添加商品','100'),('936','770','83','599','0','2015-09-05 11:36:42','添加商品','100'),('937','771','83','600','0','2015-09-05 11:38:29','添加商品','100'),('938','772','83','601','0','2015-09-05 11:39:42','添加商品','100'),('939','773','83','602','0','2015-09-05 11:41:08','添加商品','100'),('940','774','83','603','0','2015-09-05 11:42:22','添加商品','100'),('941','775','83','604','0','2015-09-05 11:43:41','添加商品','100'),('942','776','83','605','0','2015-09-05 11:45:22','添加商品','100'),('943','777','69','606','0','2015-09-05 14:58:46','添加商品','189'),('944','778','69','606','0','2015-09-05 15:00:11','修改商品','189'),('945','779','69','606','0','2015-09-05 15:02:36','修改商品','189'),('946','731','83','573','100','2015-09-05 20:54:36','单独下架','0'),('947','733','83','575','100','2015-09-05 20:54:37','单独下架','0');/* MySQLReback Separation */
 /* 创建表结构 `lx_user_ghs_xxx` */
 DROP TABLE IF EXISTS `lx_user_ghs_xxx`;/* MySQLReback Separation */ CREATE TABLE `lx_user_ghs_xxx` (
  `id` int(10) unsigned NOT NULL AUTO_INCREMENT,
  `up_id` int(10) unsigned DEFAULT NULL,
  `money` varchar(30) DEFAULT NULL,
  `c_time` int(11) unsigned DEFAULT NULL,
  `c_ip` varchar(30) DEFAULT NULL,
  PRIMARY KEY (`id`)
) ENGINE=MyISAM DEFAULT CHARSET=utf8;/* MySQLReback Separation */